IRR (%),NPV ($),Equity Multiple,DSCR
19.191344968171276,3843592.934455838,2.0711277988923684,5.177819497230921
14.536853695872187,1836364.6736061433,1.7804186045999706,4.451046511499927
19.28568057585325,3845716.1006313544,2.0660077788880193,5.165019447220049
17.18608175258889,2925765.9175875094,1.9303535764704547,4.825883941176136
19.055158791111772,3759777.95711465,2.052001446451871,5.130003616129678
21.916976650788534,5171132.906718129,2.2692850104829327,5.673212526207331
19.96245199585438,4115365.3992272597,2.0989446393229905,5.247361598307476
18.301491641930955,3249480.5795939993,1.9498545990575284,4.874636497643821
15.0100505164803,1996393.2829736425,1.7924855242884472,4.481213810721118
17.54229762595585,2988143.86372922,1.9214334114379719,4.80358352859493
15.02166584356388,2009054.5042322716,1.7969794148820226,4.492448537205056
19.349789424789666,3795106.978191618,2.0449844049070047,5.112461012267511
19.406340456001537,3810266.9771396946,2.043069058721601,5.107672646804002
16.630979022884507,2655039.6800352624,1.8825340205969834,4.7063350514924585
17.29174929739297,2775579.997704234,1.8685373637292653,4.671343409323163
18.960753994852997,3504565.6130610043,1.9818722830356819,4.954680707589205
17.06061836519317,2719655.5966953607,1.8678899790102144,4.669724947525536
16.305594565202796,2579702.3788457382,1.8874732515979282,4.718683128994821
17.642900561627695,2929564.831431915,1.893493020344805,4.733732550862013
16.915483004757228,2777418.92760845,1.9009949635626346,4.752487408906586
15.178505577181722,2019434.2438016115,1.7835395203774627,4.458848800943657
18.792441271036854,3620904.0906749163,2.0312376890770403,5.0780942226926005
18.213179590028194,3326506.932485301,1.9805822664927062,4.951455666231766
15.247756057514472,2096803.4853163231,1.806617723615346,4.516544309038365
19.564068440667693,3974124.804130396,2.0818309943343376,5.204577485835844
19.409586556125745,3669272.2278510537,2.003072139513801,5.007680348784502
17.433484782789765,2964985.892696686,1.9236168024922249,4.8090420062305625
16.246481434705395,2322264.019393632,1.7975637433713842,4.493909358428461
18.271193383485684,3448957.4132718993,2.0140550040621648,5.035137510155411
12.670849887876233,1023907.2919670623,1.6409638210758613,4.102409552689654
16.138633351570974,2416812.111024905,1.8416884131547075,4.604221032886769
16.042573402560322,2418010.7600170383,1.8513067209007499,4.628266802251875
17.12920032209282,2868180.745306446,1.9153209452692195,4.788302363173049
15.613221242107645,2211909.6780568287,1.8154966635096714,4.538741658774178
16.517075365643063,2489658.331674491,1.8327070427262389,4.581767606815597
14.902291591337402,1935497.0529867094,1.7796774804454722,4.44919370111368
18.164226292755803,3357366.9703302504,1.9932117200958335,4.983029300239584
16.55416901196429,2541500.331845545,1.8499881867914014,4.624970466978503
20.206095700233284,4178886.451504972,2.1029876744306533,5.257469186076634
17.936041762703425,3292412.1694256924,1.9902490206186567,4.975622551546642
15.287225457727672,2069219.0539765954,1.792447014714864,4.48111753678716
18.780842221274163,3351305.444018646,1.9471049732007022,4.867762433001756
18.64550280525805,3515640.0185256265,2.008967802763305,5.022419506908262
17.42479450901955,3024956.0826097773,1.9434212811017957,4.858553202754489
16.46439385175631,2601715.163679828,1.8776870877524119,4.6942177193810295
18.0779680870484,3246151.7653518384,1.9654807602051914,4.9137019005129785
16.660482957431945,2748192.2089700596,1.9139525104320299,4.784881276080075
16.676806875965134,2534381.074326478,1.8350149624989112,4.587537406247278
15.041503370572617,2022336.4735309184,1.7997489776754074,4.499372444188519
19.831939710961464,4135507.8748343037,2.1099571659688205,5.274892914922051
17.25142710208065,2909439.8284111423,1.9176799324372105,4.794199831093026
16.74281123722814,2673061.9910219694,1.87812179956907,4.695304498922675
17.25131759917593,2889033.5494400132,1.9114381630900745,4.778595407725186
14.014151658003593,1546642.1537528438,1.7135302375619672,4.283825593904918
14.699443889652697,1792197.3370924518,1.7410579650391396,4.3526449125978495
19.766679212400184,4088845.290882703,2.100673393873775,5.251683484684437
10.96879140140219,367723.89009061456,1.5489843632473133,3.8724609081182835
14.682097867768661,1782219.8788181916,1.7381332145683699,4.345333036420924
22.204207452462498,5129874.064179622,2.2457707595209593,5.614426898802398
19.727243536858442,3971556.4657170335,2.0699407174452724,5.174851793613181
16.053366189025464,2402447.7500322564,1.8443231608408728,4.610807902102182
20.968422597285862,4457753.580538916,2.133258786507465,5.333146966268663
17.33897796008115,2900579.281079108,1.9087227749986493,4.771806937496623
15.235526079086048,2087116.917640891,1.8046185222121016,4.511546305530254
19.266045208337257,3944912.8717179177,2.0950685995748386,5.237671498937097
18.344806231999055,3361295.116127149,1.9794740837607394,4.948685209401849
22.038164127879334,5149917.379508599,2.2591508273421192,5.647877068355299
17.799869239106325,3046127.0059878854,1.9214126563150309,4.803531640787577
19.29356500774768,3657212.0242268685,2.0053399013186946,5.013349753296737
21.120398511969363,4437597.449115052,2.1193653463175086,5.298413365793772
19.062789556489946,3739261.1031840537,2.0480857690428653,5.120214422607162
15.632675884627423,2285708.3925893474,1.841536570904314,4.603841427260785
17.185461873781826,2932354.7691848762,1.9331428690236412,4.832857172559103
15.12061008265555,2015287.7931988752,1.7859827434275988,4.464956858568997
18.694527355611058,3447236.2154512033,1.9827573092718542,4.956893273179635
14.962282346011246,1890953.6541591901,1.75212114579741,4.380302864493524
16.747979254535174,2658128.568902582,1.8762565930690855,4.690641482672714
18.867678902539552,3765822.3130230205,2.071382895066536,5.17845723766634
20.424498621021602,4284550.4476457,2.11656664380113,5.291416609502825
17.261540475504454,2867454.083548866,1.9040537158382191,4.760134289595548
17.944009545128115,3261382.2275088774,1.977987893958744,4.94496973489686
18.20594163237592,3366352.992587533,1.9918713288639411,4.979678322159852
18.946070166712836,3711416.511524657,2.0470584892988684,5.117646223247171
17.017545272805677,2755778.729368584,1.884836822024237,4.712092055060592
18.767532163250046,3598486.917271155,2.0227599612213583,5.056899903053396
17.55902131111846,2912879.8699771296,1.8937840802088797,4.734460200522199
19.194132763967243,3694726.2145535806,2.0235032389851706,5.058758097462927
16.547979985796157,2570198.845877451,1.8610318341451138,4.652579585362784
17.572842864577964,3002530.027710067,1.922402331836677,4.806005829591692
18.134103378991707,3242627.695813857,1.95995163956893,4.899879098922325
18.443670942548216,3522498.6860127635,2.0228700486049447,5.057175121512362
18.27720647791178,3446814.0438533565,2.013856874378787,5.034642185946967
14.620429317814065,1724957.0778895328,1.717634958953762,4.294087397384405
18.657670847281228,3475298.0100735445,1.9936998970380257,4.984249742595065
18.263391783844106,3521206.658396668,2.0380601988576434,5.095150497144108
20.152566506541003,4043003.914925467,2.0660342636755833,5.165085659188958
17.473702351542265,3045530.1506958837,1.9462044213807583,4.865511053451896
16.615769319992,2615060.57260002,1.870902072197724,4.677255180494311
17.20991685867377,2834926.918762752,1.897063934885305,4.742659837213262
16.30132469712775,2343816.962159507,1.7986104885015823,4.496526221253956
18.764143125718412,3495514.9598686844,1.9939167445773878,4.98479186144347
15.843899693366925,2297309.883263343,1.825992250266441,4.564980625666102
19.12593663722504,3795742.2970397575,2.0576091879214125,5.1440229698035305
16.224141136839123,2519958.5648249118,1.8727769883139542,4.681942470784886
19.530511059608124,3799646.754409123,2.032595739460738,5.081489348651845
17.443344723529776,3045200.427605442,1.9481166173600413,4.8702915434001035
15.5590970425592,2193066.286879597,1.812519632905842,4.5312990822646055
18.28114091473152,3296202.966699099,1.964097164887423,4.910242912218558
16.36884896854096,2528388.6408721628,1.8616606754911833,4.654151688727958
18.912964603041218,3584879.476543799,2.0118721514634976,5.029680378658743
18.37733418967464,3543314.5169267356,2.03817796134965,5.0954449033741245
18.730096596001644,3472433.9001005357,1.988061564902807,4.970153912257018
20.013404850845017,4182337.756171127,2.1137829120284524,5.284457280071131
18.22098300633799,3345510.9157646764,1.983136931240724,4.95784232810181
18.962921515994925,3661194.0947684217,2.028957897001608,5.072394742504019
20.24181195316068,4158919.2192252707,2.0939968023680784,5.234992005920196
16.55569810502058,2678683.465691529,1.8990990330576223,4.747747582644055
19.339058186363346,3676411.371221564,2.0093045628725914,5.023261407181479
21.24918910892579,4876981.305747641,2.2321693517055152,5.580423379263788
16.553780598524348,2528785.6674896823,1.8458047424534014,4.614511856133504
19.470283685055033,3912088.399989765,2.0697428968367215,5.174357242091804
16.388230082303544,2496524.6744777877,1.848504620793966,4.621261551984914
17.97112206999887,3278278.285270213,1.9820206631158381,4.955051657789595
14.609570898914704,1807093.1176076494,1.7583549247492902,4.395887311873225
19.11285690311859,3669132.217003464,2.022149819186067,5.055374547965168
21.560480159172336,4609513.089741937,2.14263735176042,5.35659337940105
21.21753593287059,4525072.805377761,2.1389969164595386,5.347492291148846
16.351836414999443,2475875.522248364,1.844372148655831,4.6109303716395775
17.87942493317305,3096717.3790185386,1.9323345089882054,4.830836272470513
14.926525062156237,1840949.1613567704,1.7343283981494553,4.335820995373639
18.78366013738262,3543398.5523315696,2.0075335157039236,5.0188337892598085
17.900308897685857,3189881.761799127,1.959309579584582,4.898273948961456
16.55126430323528,2648478.886485952,1.886979694195772,4.71744923548943
15.283441417638578,2154008.755938232,1.8273304647360955,4.568326161840239
17.095997188643942,2920234.382451509,1.9365770108390428,4.841442527097607
17.489332019710346,3183455.41876748,1.991651244311231,4.979128110778078
20.763727583534152,4264486.469314837,2.0917893514045076,5.229473378511268
17.08833408968009,2747686.8027585773,1.875464930248484,4.68866232562121
13.903067788038225,1469740.1144007333,1.6892702932502943,4.223175733125736
13.416899386664504,1332429.5280527687,1.6932283887896291,4.2330709719740724
15.18464352142268,2048681.9545324259,1.7967139301570556,4.491784825392639
18.547602121316807,3589198.142462057,2.0380450508491372,5.095112627122843
19.345635903541904,3848764.7984428713,2.061646806334792,5.154117015836979
18.360626312952235,3278434.1943768533,1.9517042568228398,4.879260642057099
15.086726752964585,2053682.474520606,1.8061304898297146,4.515326224574286
20.868916355520884,4579225.597249344,2.1745809251106056,5.436452312776514
20.062792559445054,4073887.906082833,2.0800014998414253,5.200003749603563
16.29208383124212,2505688.0309316907,1.8605362089215345,4.651340522303836
18.713742714426473,3560624.287715705,2.017621125608347,5.044052814020867
15.699911209969674,2304329.2434123643,1.8425608601526529,4.606402150381633
17.02958032314981,2754931.4842562582,1.8844579803879782,4.7111449509699455
17.271826253047596,2848478.1342488155,1.8965897281679447,4.741474320419862
15.879738653166765,2374355.7021341734,1.8509908377141178,4.627477094285294
17.911079508131287,3195906.166836679,1.9610514732675877,4.902628683168969
15.75554301610078,2165911.851240419,1.7798966106441731,4.449741526610433
18.901606321817745,3685739.5071000513,2.0421204514165168,5.105301128541291
21.21127395128417,4580928.436864962,2.1548405209491195,5.387101302372799
20.618803441400168,4342769.407151275,2.120227402677943,5.300568506694858
19.12717571328113,3490063.302467337,1.9685371529738729,4.921342882434682
17.067641291874992,2738060.826518367,1.8751920163529623,4.6879800408824055
16.33041535082709,2580354.010041183,1.884549155296065,4.711372888240162
17.128326801423597,2917773.981700007,1.9318463811335185,4.829615952833796
18.293470301732782,3437937.613396094,2.010366390335268,5.02591597583817
18.42013692606428,3483156.5359408325,2.0136127363359546,5.034031840839887
17.47128540114593,2989915.9165800605,1.9301374524644677,4.825343631161169
17.0348257276536,2841164.921784983,1.9129563864916526,4.782390966229132
15.871060884242105,2366126.1774612498,1.8493099077007662,4.623274769251916
20.615646204242587,4404502.628750441,2.1392889977247758,5.3482224943119405
17.284760329894166,2846526.2978703985,1.8954063186671786,4.738515796667946
16.913914455644186,2767829.6351299593,1.8977237560702414,4.744309390175603
15.551985971591487,2092112.536611029,1.7744258221442781,4.436064555360695
17.92093526295464,3195359.4733929187,1.9595341359625715,4.898835339906428
20.109123397543893,4040723.1672736807,2.0666225541659857,5.166556385414965
11.316652150398365,512939.4930942999,1.583172683276915,3.9579317081922882
19.794806477743276,4153702.3270306615,2.118921952066788,5.29730488016697
18.250022412355428,3414735.1141476203,2.003427525153153,5.008568812882883
16.414134848906148,2529406.2625058955,1.8573969045668495,4.643492261417124
14.935205920029372,2003456.5372696156,1.804360811898116,4.51090202974529
17.95594871800723,3324997.3402875606,1.9987877489412966,4.996969372353242
20.72363333990679,4382609.823159199,2.1261176680972977,5.315294170243244
20.99796589551468,4900869.696823169,2.2550764400393644,5.637691100098411
14.389000675909426,1796581.2955385381,1.781097661463609,4.452744153659022
18.738343052940287,3250287.2139866,1.9209291344878212,4.802322836219553
17.509591894307786,3073880.1715369876,1.9521113009509155,4.8802782523772885
18.715932053304975,3402023.1308765206,1.9671621901405356,4.917905475351339
17.84377029974602,3189017.6529022176,1.9634989702244268,4.908747425561066
16.179509845935325,2454977.1423011804,1.8499824113529657,4.624956028382414
18.12648266359629,3188324.044541235,1.943015934553324,4.85753983638331
18.187182113615453,3246373.7341937628,1.9570902089753688,4.892725522438422
17.865461217115296,3150798.3306329306,1.9517001396820133,4.879250349205033
18.418951303140375,3138113.1345230704,1.9071604952999621,4.767901238249905
20.682322532919017,4379868.425630233,2.1266974516574226,5.3167436291435575
21.88201724629433,4956435.515132977,2.2188714653811266,5.547178663452816
20.75922434036961,4341542.0429580705,2.113001170499,5.282502926247499
15.586580841706144,2051124.272095886,1.7535370074175969,4.383842518543992
19.801200761944916,4150108.8158684447,2.116679975663404,5.29169993915851
17.967257994687703,3361459.3681950066,2.010229318402627,5.025573296006567
18.537988824498175,3427672.2319971705,1.9881870070165455,4.970467517541364
18.153318496337544,3259865.9986613197,1.961650980805155,4.9041274520128875
15.319749985070574,2031469.6000905326,1.7729258132211507,4.432314533052876
15.056134852048043,2009501.1564541068,1.7930261713918216,4.482565428479554
17.898450219945694,3214225.7777470695,1.9678846107082315,4.919711526770579
18.895878414514435,3634611.0463229073,2.0269040357987387,5.067260089496847
18.20683389387201,3218259.857178324,1.944275583825267,4.860688959563168
17.76318278630802,3247725.843658372,1.9919743515801835,4.979935878950458
18.166589717018166,3308069.5298007485,1.9772766376812518,4.94319159420313
14.797262330379969,1931502.0750490716,1.7915421218985528,4.478855304746382
19.94370821580105,4084691.4240838606,2.0894196201632513,5.223549050408129
19.004436730550257,3743495.183331486,2.0511956629866734,5.127989157466684
18.931580802750325,3548548.289821079,1.997807557408668,4.99451889352167
18.95736597411204,3756567.9798866007,2.058403521806114,5.146008804515286
16.62307025826877,2668262.5868667653,1.8878078161491438,4.71951954037286
17.91800339663354,3179637.8335477356,1.95553610709761,4.888840267744025
19.301162753301004,3742684.2646816215,2.030412017108115,5.076030042770288
16.660339468244032,2709971.691293586,1.8999793758187644,4.749948439546911
16.773524107606242,2798955.887509168,1.9212075985493957,4.803018996373489
18.28448402345122,3396307.623599272,1.9958486429533564,4.98962160738339
16.75495062610901,2654308.6356454035,1.8712982416373871,4.678245604093468
17.903415471317263,3088518.0847430537,1.9280619323437334,4.820154830859333
18.429494170859794,3657880.4419280943,2.0677053426217817,5.169263356554454
16.809435298564047,2713772.915921486,1.8886491391235098,4.721622847808774
19.134761905192565,3588799.9445287483,1.9996175609520719,4.99904390238018
18.80864195704559,3560277.323129894,2.0095821710236454,5.023955427559113
19.092797941347683,3784226.4746615533,2.0590630271220602,5.147657567805151
18.31955808800498,3402678.07937112,1.994685067908667,4.986712669771667
17.583711691629222,3162242.107839996,1.9748668651965633,4.9371671629914085
17.448676756665172,3054658.731320123,1.949616384132648,4.8740409603316195
20.114481682199028,4090381.940674304,2.081169589604804,5.20292397401201
18.402048883712794,3341907.1640514396,1.9716246154367036,4.9290615385917596
18.190774588905946,3416967.5255923253,2.0111862077718494,5.027965519429624
18.617890370213864,3464708.763206465,1.9918376531534507,4.979594132883626
17.807263332984057,3147711.7184758764,1.9533764922773407,4.883441230693351
18.033182362153234,3238181.9014553465,1.9626838558043416,4.906709639510854
16.684813572299607,2678135.6149836676,1.8863698695427709,4.715924673856927
22.6183509374988,5363549.755812865,2.28237916771235,5.705947919280875
16.143629190726404,2560553.139256791,1.895055045820843,4.737637614552107
18.969253585595247,3674194.936742764,2.0335270624900708,5.083817656225177
19.67426192963,4055118.0332390266,2.097444509857411,5.243611274643528
18.72442232144229,3669714.957369658,2.0502044371058656,5.125511092764664
15.034943621600917,1924459.3620444518,1.759663245746838,4.399158114367095
14.13177464366482,1505377.3612393783,1.6765859822795777,4.191464955698945
17.712204019169132,3108017.4718395937,1.949194181354075,4.872985453385187
19.088399094301444,3591033.877670357,1.9987304379847068,4.996826094961767
17.801574248312548,3069412.8926727558,1.9276019971637826,4.8190049929094565
18.875183680177486,3494316.4431287944,1.9838762502298608,4.959690625574652
17.608314054793063,3166555.346905777,1.9749133179068132,4.937283294767033
19.03074087779888,3709233.0538627496,2.042322822832006,5.105807057080015
16.46744402321265,2478112.3310821075,1.8340020786449063,4.585005196612266
18.352191246555428,3452585.075885536,2.010794084070313,5.026985210175782
19.60416338794284,3895565.713796975,2.0561487345591956,5.140371836397989
17.594729160037524,3100338.7233185563,1.9549637411389544,4.887409352847386
18.53410176011403,3329950.283739865,1.9577082798192167,4.894270699548041
17.48248576660314,2938963.1230759947,1.9094209296444877,4.773552324111219
18.972473569756374,3608461.505558962,2.0154385833494963,5.03859645837374
18.995414221966023,3634336.0131251635,2.019425583304554,5.0485639582613855
15.613127312376808,2194515.874909413,1.8063700270195682,4.51592506754892
14.509705713613542,1746125.0268210424,1.7437838526321192,4.359459631580298
17.681244184682242,3150240.7013373207,1.963786489238128,4.90946622309532
15.165371697000051,2070573.622526682,1.805112448144653,4.512781120361633
19.946034598490826,3845809.958070509,2.020350344561114,5.050875861402785
15.78645823862348,2255654.8138329806,1.814997473287915,4.537493683219788
17.56474521467244,3009811.557850998,1.9284633844049395,4.821158461012349
16.103588269058513,2442339.67658135,1.8544358792199005,4.636089698049751
15.452502907653564,2141404.744826019,1.8031992705629882,4.507998176407471
17.569532676639852,2898237.022653139,1.888962234469606,4.722405586174015
17.977607511593853,3178346.9436542876,1.950827524167952,4.87706881041988
17.87594956695444,3202762.876323672,1.9653380681653454,4.913345170413364
16.68044459511726,2737287.038465202,1.9077087913024775,4.769271978256194
17.59640411299628,3083104.142602169,1.9472164696567393,4.868041174141848
17.375337957874805,2987910.0146402884,1.9344143258715711,4.836035814678928
18.73334767780119,3352118.840594801,1.949821211543791,4.874553028859477
18.419579428201448,3331780.871819866,1.9663330853824512,4.915832713456128
17.683246474987623,3108940.871212679,1.9512346886166152,4.878086721541538
11.846211782145977,715511.6905559758,1.60736827647777,4.018420691194425
19.55709175552871,3927613.3683620393,2.0683190626072574,5.170797656518143
15.374083611441014,2129841.257880182,1.8061811131722554,4.515452782930638
19.164322021237968,3616001.5856803646,2.0039570917388247,5.0098927293470625
15.875944860570534,2342781.0353621626,1.8387195550789392,4.596798887697348
16.547099995866034,2529850.4299674435,1.843238295187176,4.60809573796794
14.801808516811477,1910971.8366764644,1.779897880379531,4.449744700948827
18.82601702762219,3500650.5452499343,1.9923741423915133,4.980935355978783
14.989407905610076,1992362.6494173156,1.7958060458868432,4.489515114717108
18.768906208613846,3556919.241956194,2.0115030338895057,5.028757584723764
17.49593434604875,3084709.496110893,1.9563274395953207,4.890818598988302
15.821432210294839,2307071.186179258,1.8321537406306263,4.580384351576566
18.504459486328663,3510846.0448478647,2.016051094495457,5.0401277362386425
18.516824442059622,3493217.4886990506,2.010687118341468,5.026717795853671
19.39953962340837,3887668.316032958,2.0680160393280604,5.17004009832015
18.11328476424685,3340775.483718805,1.9905474010903426,4.976368502725856
21.158888429427503,4650338.354728066,2.177294477225102,5.443236193062755
19.29930032198417,3807661.179268986,2.0498458479554817,5.124614619888704
19.00160243992395,3596318.300990249,2.006463242355594,5.016158105888985
17.239391846402242,2801134.1527620098,1.8839668166509123,4.70991704162728
18.062058680862748,3345962.671479661,1.9990230691792554,4.997557672948139
17.863490916363013,3220120.2542788126,1.9719433458802915,4.9298583647007295
15.65610577722547,2224130.943645443,1.815359880853235,4.538399702133088
16.674122474319695,2629225.2707988415,1.872305470759028,4.680763676897571
18.357029732116125,3173118.206170894,1.9211649785264813,4.802912446316203
17.0915342869294,2831735.4741745107,1.9035708479714588,4.7589271199286465
20.100447480506812,4023080.8010688685,2.0618875045183604,5.154718761295901
21.9930895703369,4834255.641229734,2.1779713223739594,5.444928305934898
15.555427027931202,2144981.9468518496,1.7941395591184306,4.485348897796077
14.84204506139375,1808027.8601781214,1.7306354267575168,4.3265885668937925
16.210810765912086,2492866.966092555,1.8635200444958262,4.658800111239565
18.029773329964517,3214818.8936716085,1.958206415924991,4.8955160398124775
19.699084110598974,4266639.086977968,2.1583106956196914,5.395776739049228
18.484162313179418,3413996.17092136,1.987006475326493,4.967516188316233
19.306571357383117,3807830.4573779553,2.049936758924048,5.1248418973101195
21.13529664182692,4495297.606160683,2.1365382811315023,5.341345702828756
18.42855579731402,3296690.3521276256,1.954034515387013,4.885086288467532
17.290493752777337,2779409.514512107,1.8692400684933774,4.673100171233443
17.009280939037442,2852027.721753885,1.9193263705217534,4.798315926304383
19.103932000548674,3598337.67289198,2.0006568863668974,5.001642215917244
15.969331976111722,2342519.349057479,1.8288126907023363,4.572031726755841
17.628825165113394,3143624.7539941575,1.9660171749816506,4.9150429374541265
18.246134497649138,3440040.1684921198,2.0158615882337974,5.039653970584493
17.666527033593283,3136190.33185694,1.961228624802591,4.903071562006477
18.172455597225444,3344084.1966343746,1.9890296003284755,4.972574000821189
17.956843739655138,3210533.092878394,1.9626311457036376,4.906577864259094
18.62641278899082,3451004.7589802863,1.9896976623440006,4.974244155860001
19.846823296601436,4169717.2068308853,2.1237386568793437,5.30934664219836
18.068714278728248,3271201.346432113,1.9732998159821766,4.933249539955442
19.862050344481762,4105314.8206697684,2.0996782283449185,5.2491955708622955
19.778862674345167,3974633.9421257414,2.0696084678623,5.1740211696557505
16.838068713985965,2747134.8611447895,1.8983356410071663,4.745839102517916
16.48356990943882,2492526.7966005616,1.836456810093892,4.59114202523473
19.00967165140617,3623876.711995463,2.0151803757933844,5.037950939483461
17.422320109498045,2884685.4334641555,1.8968555651209342,4.742138912802336
17.982612689570622,3173245.2077686302,1.950106749827953,4.875266874569883
18.876309816482383,3561903.108115754,2.005855877271604,5.014639693179011
19.2511213869198,3750164.263839174,2.0360148532541276,5.0900371331353185
15.647824331304449,2200550.569068039,1.8049255037936103,4.512313759484026
18.413101871271653,3448364.2141154353,2.00420319206664,5.0105079801666
18.625804458326755,3496929.338420336,2.005496791976682,5.013741979941705
15.945611336790266,2426330.119207998,1.8650421287715622,4.662605321928905
20.115098223969994,4183916.345910454,2.10901448479859,5.272536211996475
17.563596492069355,3067428.053277728,1.945401452353901,4.863503630884752
17.333000197686022,2935336.487195554,1.9204016154366914,4.801004038591729
16.48805266230877,2495697.4678138895,1.8395902877898096,4.598975719474525
18.413563724197314,3196174.7298272653,1.9238180583578903,4.809545145894726
19.48900336759689,3875596.5283470666,2.0591626194458703,5.147906548614676
16.76243152687473,2744460.586067182,1.904382523770917,4.760956309427293
19.282772895898503,3790508.4862084156,2.0451392382774247,5.112848095693562
17.693252311473053,2996741.1853656573,1.912088623137644,4.78022155784411
17.03585526634226,2778695.411642979,1.8938061399364818,4.734515349841205
17.249829358121804,2853700.232645978,1.89953791402691,4.748844785067275
20.969725963204322,4446839.017944856,2.1307760614520457,5.3269401536301135
17.48565686686352,3047837.581598215,1.945300752445889,4.8632518811147225
15.519985058258957,2226666.535959891,1.8298129177890488,4.574532294472622
20.12777159327941,4308447.954996836,2.143192509845215,5.357981274613037
17.95872319191094,3188554.3950683633,1.9558866387483247,4.889716596870811
20.297024443791713,4160044.0790557014,2.0908989397889703,5.227247349472426
20.24498084023454,4200113.086726359,2.1048329213897436,5.262082303474359
17.960876928440083,3301711.6145795155,1.9940387768134338,4.985096942033584
20.355509497579895,4217764.1885307105,2.1034229331248127,5.258557332812032
15.524001603107429,2253922.045460917,1.8415776224357978,4.603944056089494
18.151127265742637,3297280.8799055293,1.9755764645046003,4.938941161261501
16.84851604646207,2799461.443952185,1.9162577549856494,4.790644387464124
17.26223339488755,2912388.0098274387,1.9189102346068327,4.797275586517082
18.10008747785483,3127476.898930027,1.9254284891014866,4.813571222753717
19.113622553866527,3823012.3925675238,2.069288349266222,5.173220873165555
20.430530908400613,4352095.096488895,2.134040789145295,5.335101972863238
16.945197179358562,2776136.9328754786,1.8975750428138878,4.743937607034719
18.219401016757033,3308854.2470853673,1.976358115795615,4.9408952894890374
17.27946439230845,2844087.2969417367,1.8938008301360936,4.734502075340234
14.99330363450806,1980791.7971738707,1.788441666501032,4.47110416625258
17.87326916330796,3148491.440644604,1.9486846294716396,4.871711573679099
18.113146936828926,3373460.6719924742,2.0021354326803116,5.005338581700778
18.1425512467011,3224005.7401897516,1.95126072687176,4.8781518171794005
17.754257945517327,3037633.005555072,1.9224825177554008,4.806206294388502
15.949565323814664,2324471.723582375,1.8246627370256088,4.561656842564022
19.99070492153605,4264628.560867004,2.1410121019635917,5.352530254908979
15.161098982232657,2014674.4675123598,1.7819320120437474,4.454830030109369
16.51266295514633,2587299.748646699,1.8707049737956427,4.676762434489106
16.382668880860507,2468332.885880757,1.8372576675908499,4.593144168977124
22.47676776813914,5168005.508631227,2.2424819440044343,5.606204860011085
18.034030403585845,3151995.330455226,1.938197869502586,4.845494673756465
15.091252202856609,1953099.2373939436,1.7641056111230489,4.410264027807623
16.957195800405223,2777319.8695629686,1.8963842105979316,4.740960526494829
21.142849908575066,4619136.525467798,2.1702302045702657,5.425575511425665
20.257405496426383,4224333.5490236785,2.1104658578662647,5.276164644665661
15.494603498855074,2166712.7061643777,1.809534464696121,4.523836161740302
20.918401809675302,4522998.404254195,2.153384851854751,5.383462129636879
17.46034845428499,2874968.9955131887,1.8876627514302105,4.719156878575526
15.440407109051169,2150644.314909187,1.8063156851719655,4.5157892129299135
16.579821035343944,2626757.612226679,1.878298222050193,4.695745555125482
18.017578733884676,3036265.8406032277,1.8993196415913216,4.7482991039783045
17.545492402570794,3146511.60199186,1.9749006709346906,4.937251677336727
16.239310991776023,2488079.4157863734,1.858308987214668,4.645772468036671
17.249521753893717,2921306.428694549,1.923079431481038,4.8076985787025945
15.106526968706934,1999750.407626113,1.7827824404090515,4.456956101022629
15.371252350187504,2071413.7013888722,1.7842800848115825,4.460700212028956
18.373077733655574,3430374.289731228,2.000537958401619,5.001344896004047
13.464015734629498,1328931.8635073854,1.681929059141522,4.204822647853804
18.69542138555904,3486347.065871615,1.9935132613762538,4.983783153440634
16.895054694173584,2699216.761357596,1.8751708530754787,4.687927132688697
18.711883381596238,3553723.4213622008,2.012136827296463,5.030342068241157
16.55739800136655,2552908.043011497,1.8547483945053023,4.636870986263255
16.78672011711999,2709753.725804623,1.8875415575748087,4.7188538939370215
18.241917962578945,3252372.300722545,1.9522573331906936,4.880643332976734
15.862728849643325,2344385.808591298,1.841146544959253,4.6028663623981325
14.715617096059663,1941153.3138233563,1.8044707540364906,4.511176885091227
22.397261348865193,5284585.086859256,2.274353645055986,5.685884112639965
17.74763681753868,3161469.9918092107,1.9642162587075322,4.910540646768831
17.59870857454886,3304431.204349065,2.020989829784779,5.0524745744619475
17.001403159793217,2717790.049626412,1.8740896353483747,4.685224088370937
14.064659055261842,1602528.7017571637,1.7339389364985425,4.334847341246356
16.35866200413716,2614296.63589828,1.8945013436527274,4.736253359131819
19.089215010082828,3741843.5388920475,2.046089361663967,5.115223404159917
17.45133282864608,2979711.1466973973,1.929506328895929,4.823765822239823
18.77602568483143,3605301.293957242,2.0240044651538307,5.060011162884576
17.00845246692808,2804561.0726970583,1.90295941934109,4.757398548352724
17.874531027782847,3100051.77451103,1.9319336710290962,4.82983417757274
18.66864443589009,3505727.0560908495,2.003061773946902,5.007654434867255
19.573752537944422,3912967.9740788657,2.0648286992757585,5.162071748189397
21.15695004983824,4579137.144418314,2.154977895040932,5.387444737602331
20.078184000038313,4073699.562847982,2.078456858536626,5.196142146341565
18.205051851194874,3340903.547202533,1.9832951899865794,4.958237974966449
16.316840711893544,2595019.15772653,1.8903447475607198,4.7258618689017995
18.63900870032087,3552421.9447438493,2.0194365139479995,5.048591284869999
15.905532922315334,2374593.280222879,1.8494346641622763,4.6235866604056906
18.1257895774664,3077494.258484359,1.9052402859653066,4.763100714913267
17.921741268373847,3065549.1109187016,1.916552518926654,4.791381297316635
20.345298636754848,4358652.771244831,2.1421379488987253,5.355344872246813
21.839232305691915,4977127.339674012,2.226660387235288,5.566650968088221
19.099606776428303,3613516.777434946,2.0052306878519763,5.01307671962994
16.724088809320705,2739810.258943117,1.9065230311469636,4.766307577867409
17.13824263503747,2753573.1691630296,1.8756971615123603,4.689242903780901
14.826650231240212,1936821.5477691246,1.7885036933954503,4.471259233488626
21.991429016725217,4916391.672037128,2.2000961291541428,5.500240322885357
18.840613696591003,3584086.8771662703,2.014026955297841,5.035067388244603
15.180141533353186,2020593.398244094,1.7841669139663403,4.4604172849158505
17.101590248198573,2869670.724230868,1.9168739706417017,4.792184926604254
16.55935823557144,2617865.169021273,1.8768473806145214,4.692118451536303
14.078101476622562,1588378.4053639984,1.7265087111632644,4.316271777908161
15.704482178298829,2159559.0765698617,1.7845594831492848,4.4613987078732125
18.398925949380374,3515734.2340831766,2.026932162315206,5.067330405788016
16.215432312223843,2423571.551948972,1.8358489921532035,4.589622480383009
16.560195516396135,2809908.013346323,1.9476431090950213,4.869107772737554
18.986289738015792,3670213.4204495577,2.0317506026407797,5.07937650660195
18.463470491516244,3265978.223031968,1.942743424957658,4.8568585623941445
17.752670537378854,3090608.8077785512,1.9396385724583574,4.8490964311458935
15.969715460444856,2412534.4855993185,1.8569657687040255,4.642414421760064
20.658186756272713,4385892.3490773905,2.132083175534486,5.330207938836215
15.890990482419397,2296558.9864775566,1.819835987737456,4.549589969343639
13.8420975757799,1470988.0725893946,1.6987958708859567,4.246989677214891
16.961253490349073,2793756.8056291547,1.9033335225778543,4.758333806444636
17.58377339529744,2976941.989956635,1.914304485052187,4.785761212630468
20.360917843519477,4269550.9612900205,2.1158804318626956,5.289701079656739
17.882612802481002,3041733.3189441636,1.9112367849451561,4.77809196236289
18.16513106313522,3286716.3292131377,1.9698485036128142,4.924621259032035
16.532008553942834,2611532.2794439774,1.8773472740000159,4.69336818500004
17.010482624857048,2735774.8883009013,1.8785914451149655,4.696478612787414
18.152876480285652,3302499.6597949537,1.9786143613584235,4.946535903396058
14.6908349651806,1839603.6025302466,1.7633068216935535,4.4082670542338835
17.053598938888072,2750823.3559177006,1.8830695912764177,4.707673978191044
17.361200898058105,2975341.2968413485,1.9314988089059297,4.8287470222648246
19.200354500220218,3675800.624308395,2.0180477278902633,5.045119319725658
13.037301434000238,1152017.2385609169,1.6521446327298344,4.1303615818245865
17.631192972321962,3007083.2397417407,1.921956324605321,4.804890811513302
20.253799000310057,4189315.6509297863,2.100036168861002,5.250090422152504
18.301359983949993,3370545.2130823825,1.9863779882917225,4.965944970729306
17.569426962088407,2978742.77870416,1.9151670068414979,4.787917517103745
20.401900043162048,4243699.161910312,2.1067428131797357,5.26685703294934
17.642341307018494,3095228.248856116,1.949527736291919,4.873819340729797
18.81755418122577,3634325.8750193343,2.0320112980059033,5.080028245014759
15.271489819004946,2044162.357743131,1.7812799643157944,4.453199910789486
18.81824144627373,3606968.5156848812,2.0239106963627824,5.0597767409069565
18.86294390465246,3601203.2492815936,2.017371134303634,5.0434278357590845
13.829841339446203,1507579.0137721226,1.7208459189342062,4.302114797335515
16.673539025254634,2628713.2796366103,1.8717755798583542,4.679438949645885
19.263685059009305,3885497.18695239,2.075940982346735,5.189852455866838
20.036017336134027,4080614.6257904163,2.083159946350127,5.2078998658753175
13.927519239376075,1514656.6771747926,1.7087575519973777,4.271893879993445
18.974532554640078,3681528.3780751126,2.0339518575341904,5.0848796438354755
18.609919350296256,3448930.7367399614,1.9901738889782212,4.975434722445553
17.422774026702537,3021356.7275158707,1.9413839068301812,4.853459767075453
20.345143518196895,4128401.9038538206,2.078174853410797,5.195437133526992
19.773755813939566,3978416.2221754864,2.069146309101273,5.172865772753183
20.31355110269921,4448275.98581831,2.1719324563825677,5.42983114095642
17.507716964830355,3129890.992864467,1.9718466405793293,4.929616601448323
13.086186108126174,1198350.3769113403,1.6720469467453736,4.180117366863434
20.51112261586305,4349507.56568687,2.1316405318737046,5.329101329684261
16.358434137078802,2589389.769730906,1.8845011277625658,4.711252819406415
16.72533187726939,2611630.114695668,1.860091214944458,4.6502280373611455
16.816928111207407,2770732.5645300588,1.906734286420121,4.766835716050303
17.134417266524117,2952729.613325769,1.9423535542503554,4.855883885625889
20.17845842058601,4102086.627477846,2.0811908873309077,5.20297721832727
18.36563250535288,3429353.431717556,1.9993492212683506,4.9983730531708765
18.79017193365278,3615998.907886006,2.02713063644772,5.0678265911192995
18.149843202563876,3213188.38621864,1.949094534582191,4.872736336455477
19.7594846370005,4282819.576182591,2.1568195076895424,5.392048769223855
17.766412841869506,3223000.8526163576,1.9808170969203183,4.9520427423007956
13.90488362479163,1504674.2003960675,1.7068465163302518,4.26711629082563
17.474991133962448,2894539.1714825323,1.8961808240155589,4.740452060038898
15.995868285694215,2386455.5946162483,1.8428325860160675,4.607081465040169
18.721429932672116,3484904.379885353,1.9926164308864218,4.981541077216055
18.438392103554225,3425657.6512470134,1.9954860700919852,4.988715175229963
16.860938643822877,2716555.187810124,1.8865070343593846,4.716267585898462
14.955393857589993,1933544.5900690546,1.7723064439237934,4.4307661098094835
17.11887587456149,2844871.9003119133,1.9092596032557678,4.77314900813942
15.561920103299531,2151441.761701843,1.7960573912678153,4.4901434781695375
17.346564666163733,2856299.960088593,1.8927111249317843,4.731777812329461
18.139308261055874,3362650.372104218,1.9977004955357722,4.994251238839431
19.543588153729317,3774739.3414771203,2.0250774406973577,5.062693601743394
17.467678689175735,3046114.4380135927,1.9463226486957963,4.865806621739491
16.73031376231706,2667065.8846213585,1.8791707367937043,4.697926841984261
17.187141961063546,2697253.6461283425,1.852444022485137,4.631110056212843
17.22389582478756,2894365.8117398145,1.9149535914104678,4.78738397852617
18.086875810950186,3241213.683354689,1.9622832192255795,4.905708048063948
18.54434230242392,3370646.262526542,1.9696018081314854,4.9240045203287135
22.25154075177549,5052482.054599619,2.2240058426826885,5.560014606706721
15.093452769962656,1936677.6623884067,1.7564875886480567,4.391218971620142
18.6263102739076,3569554.01448346,2.0253121600614166,5.063280400153542
14.17783936001069,1573154.1907633692,1.7041088710000425,4.260272177500107
19.559456858853054,4056857.518298221,2.1063399461387236,5.2658498653468095
18.40867514635316,3294894.0217590826,1.9550839407771534,4.887709851942883
21.89535600799173,4950781.718346858,2.216508933883991,5.541272334709978
17.495240310843286,3087199.698886412,1.9583940977686625,4.895985244421656
19.351456059824624,3782761.7244723802,2.0404952516339674,5.101238129084919
19.954769230642945,4127764.1510984767,2.101336956371857,5.253342390929643
17.66718833161103,3020524.5244877664,1.920469634578822,4.8011740864470545
20.4986390703628,4319660.726648254,2.1218593401070973,5.304648350267743
18.374073451496685,3322715.0708664246,1.9679561887498536,4.919890471874634
18.277022878360306,3362211.70215731,1.9865590816016663,4.966397704004166
19.835761613095904,4029186.057338964,2.0805888127316186,5.201472031829046
17.602155852336843,2962046.0890245372,1.9083758440732237,4.770939610183059
17.17171499834407,3099917.0516589284,1.9908070151420116,4.977017537855029
15.727368726000623,2353831.9037255784,1.8592654492444205,4.648163623111051
22.88171494400908,5470762.047751962,2.2980848489714796,5.745212122428699
16.783789421284446,2697175.3217607625,1.885311028519903,4.713277571299757
18.010302829249603,3137126.9743716707,1.9328910142724847,4.832227535681211
16.55046299659442,2600039.42558851,1.870121209413895,4.675303023534737
18.66952770746395,3582572.0006642044,2.0284465390320316,5.0711163475800785
14.866621311218275,1932843.867442442,1.7832052000575036,4.458013000143759
13.284486757876923,1237893.8486475917,1.6613759099186098,4.153439774796524
16.354030683191013,2466202.2625711085,1.840679161491568,4.60169790372892
18.925467396701244,3668279.5680929255,2.035049121100687,5.087622802751718
20.10315556194453,4132251.402383254,2.0952161470402917,5.238040367600728
18.155261987603577,3347512.666857672,1.9919845454398006,4.979961363599502
17.969445293997467,3007814.873785449,1.8953077037622317,4.7382692594055795
16.674736191189645,2648143.4466313506,1.876230367613495,4.690575919033738
17.971670353745182,3009535.696973932,1.8960609709431142,4.740152427357786
17.744995502064675,3186997.3668586547,1.9710355268984925,4.927588817246232
22.83289519172953,5374988.139108554,2.2747158663943137,5.686789665985785
18.882681074221132,3479525.7388596497,1.9816338928243644,4.9540847320609105
20.221157333218677,4212252.244078613,2.111071726288812,5.277679315722031
16.159670223043186,2478411.886457951,1.8630123139469166,4.6575307848672916
17.6719533842451,3066655.8846694743,1.9382717143724046,4.845679285931012
17.58191994666558,3054762.0467521194,1.9397374870911837,4.849343717727959
20.61458544744841,4347755.961345891,2.1228429413304455,5.3071073533261135
15.692378413559481,2224743.2291928055,1.8121396045188247,4.530349011297062
19.137943323240904,4101571.308506459,2.151933568116434,5.379833920291085
16.835752244229308,2754126.830641886,1.8997293918836407,4.749323479709102
18.40710155590033,3448038.825821707,2.0041304098347874,5.010326024586968
18.04505984236755,3345332.5461533396,1.9994009646277078,4.9985024115692696
16.370637168207523,2515666.854568512,1.8576918693036724,4.644229673259181
15.398662318171997,2082282.523325664,1.7861690560184813,4.465422640046204
16.649037310272874,2713188.6109877964,1.9022035316675596,4.755508829168899
20.564934241779053,4193706.720363777,2.0845442278604054,5.2113605696510135
16.74476335254298,2824065.084178129,1.9343190545764521,4.83579763644113
18.52782386357743,3391882.90815855,1.9784512933528398,4.946128233382099
15.987048756049994,2338105.53109382,1.8260895329653584,4.565223832413396
21.419679755786603,4646484.00312687,2.160594242687194,5.401485606717985
17.465612143405764,2883446.627181315,1.8923801854811408,4.730950463702852
17.38154555851161,2963901.316981623,1.924895664817315,4.812239162043288
17.500857539100778,3001589.2939529335,1.9289291062566616,4.822322765641654
20.54894704905774,4366325.1387332985,2.1320638877671585,5.330159719417896
18.072821221850678,3223994.9878878407,1.959510437595083,4.898776093987707
15.614623292782959,2100444.826384672,1.7700726682536065,4.425181670634017
16.19428099385032,2538427.57715167,1.8804932046263956,4.701233011565989
17.45302651515166,2953364.1068638656,1.917460550179693,4.793651375449233
18.396000042157688,3249685.879114288,1.9447578772533365,4.861894693133341
20.179878458714274,4200383.504091407,2.1087819556982335,5.271954889245584
19.37042078870146,3976786.5867973287,2.097769982170103,5.2444249554252576
19.957682950046628,4134877.281890436,2.104797001172803,5.261992502932008
16.377043572964723,2552060.375867637,1.8694084497520302,4.673521124380075
12.38525001103259,939793.4351294059,1.644565254019663,4.111413135049157
15.716549318922034,2328831.4217112744,1.8506937085711925,4.626734271427981
20.459622265196153,4212159.786134224,2.0962336028143085,5.240584007035771
17.320380341203958,2997959.6417367365,1.9414860547210373,4.8537151368025935
18.091623449308038,3311592.763780076,1.9840080283195871,4.960020070798968
19.157929756958737,3901420.7865759525,2.0902885469478543,5.225721367369636
20.103378113835845,4087479.753789313,2.083556311207005,5.208890778017511
20.659666034127966,4373803.7405978795,2.127752456589775,5.3193811414744365
17.557876667344896,2951217.9382532593,1.9106352280986163,4.776588070246541
15.987549201554074,2297302.8009256786,1.809811630555822,4.524529076389555
20.994763453488098,4501186.031828869,2.142276402078519,5.355691005196298
17.06916543942205,2789316.9853810444,1.892958545489031,4.732396363722578
18.065361738915687,3232606.64478675,1.9617667277128124,4.904416819282031
19.680562111295142,4030999.70303924,2.0947360527725185,5.236840131931297
18.18012871192782,3313058.718095829,1.9801413404761292,4.950353351190323
14.549841091048489,1844258.7079044068,1.7839529327545582,4.459882331886396
16.244920101296568,2420252.9236404533,1.8327845772352636,4.581961443088159
18.629832940826518,3566739.045809338,2.0238938571759464,5.059734642939866
18.489048597744162,3440572.1925275354,1.9969158546978585,4.992289636744646
19.814747596148585,3880787.4718279317,2.0393183014834277,5.098295753708569
18.30861097962262,3371090.9416913306,1.985431429083547,4.963578572708868
18.854691319118146,3547746.4201913746,2.004435906070037,5.011089765175093
18.18373668426041,3048188.617700628,1.8933784783337921,4.733446195834481
17.24238504320912,2962287.1708381185,1.9359188007761254,4.839797001940314
15.797438685902797,2349595.8604965815,1.8510764347154607,4.627691086788651
17.180549421445267,2932557.176057387,1.9334563726794731,4.833640931698683
14.96971640931799,1838147.4810190666,1.7301461983857818,4.325365495964455
15.855565995023868,2339727.5319314618,1.8408913804585978,4.602228451146495
15.62660157833038,2179003.775579867,1.803033809329047,4.507584523322618
18.13199511937098,3245640.9313720176,1.9591047967801611,4.897761991950403
18.552531309627373,3355402.0691516157,1.9649687349518865,4.912421837379717
16.01341724907892,2277220.438539967,1.8009688796284649,4.502422199071162
16.629208583163834,2647500.1333821174,1.8786208471034933,4.696552117758733
19.621930322836747,3995143.728172945,2.084716530414721,5.211791326036801
18.819123808530904,3599846.3287631394,2.022784750545814,5.056961876364535
18.756712841845015,3537047.5962451007,2.0068778972842827,5.017194743210707
20.23182236997323,4313575.847074318,2.1380582158910872,5.345145539727719
17.486581388098443,2983286.5241245907,1.9221481322961227,4.805370330740306
17.86558379735743,3254495.5877390364,1.9827593021373306,4.956898255343327
15.285829596983124,2056991.187305971,1.787166486489261,4.467916216223153
19.690743588619085,3962873.744361751,2.0719777931139474,5.179944482784869
18.967561545201495,3660082.8857457386,2.029973015850617,5.074932539626543
19.67661156014493,4037596.751156874,2.096039778118123,5.240099445295308
16.62077861841449,2541258.673166586,1.8440833100842347,4.610208275210586
20.107454795541813,4265659.629534704,2.1317195792515515,5.329298948128879
16.3198049692689,2475664.1636417946,1.8470747228904247,4.617686807226062
17.349927680505427,2907560.1800156953,1.9101946964473617,4.775486741118404
19.299146739064476,3711837.863126046,2.0234019140082253,5.0585047850205624
15.843608749749926,2204164.009748107,1.7886205762759493,4.471551440689873
17.337947824161603,2992726.0766266705,1.9402614145757746,4.850653536439436
13.196231412759563,1207261.2735096263,1.6572611036409215,4.143152759102303
13.975532791541024,1560905.235323375,1.7263499833794833,4.315874958448708
16.13348214621908,2432279.882934302,1.8467738971383023,4.616934742845756
18.249413655598403,3561151.3185119433,2.0519836148470953,5.129959037117738
15.231460962822908,2114210.3772022445,1.8175989727358743,4.543997431839686
16.978857436639228,2768878.18100145,1.893863866068186,4.734659665170464
19.985133421278256,4093586.8653840562,2.09077409241726,5.22693523104315
17.147163295927893,2909999.243338844,1.9285202877025447,4.821300719256362
16.822921893416655,2796823.9127633823,1.9150975604154334,4.787743901038583
15.199603183864308,1905866.4850616213,1.7335175113744985,4.333793778436246
18.339542209580983,3303482.345829617,1.9626454958569954,4.906613739642489
21.616551546797204,4850601.899970272,2.2039681522296,5.509920380574002
17.95568786796413,3230290.9032884054,1.9692964643740836,4.923241160935209
18.450332516477342,3327759.167296961,1.9644110709966116,4.911027677491529
21.04376914152688,4581272.672924839,2.1631139472055976,5.4077848680139935
18.735328971256095,3484962.8187873177,1.9918526860011332,4.979631715002833
18.538827553773274,3568618.1689600097,2.0331746469666596,5.0829366174166495
14.67954997987444,1831258.2911148295,1.7579359072696983,4.394839768174246
17.883224691540754,3147590.812025588,1.9462496169435441,4.865624042358861
18.77452516021063,3412534.412873067,1.9673048152195614,4.918262038048903
19.520560548596787,4034252.6378535843,2.1052887404626603,5.263221851156651
13.021910014343696,1157625.7957059434,1.6578977179664567,4.1447442949161415
16.576513755325028,2578774.4819371486,1.8603072664964535,4.650768166241134
20.11047108077588,4048570.063253723,2.067336810138634,5.168342025346585
14.134115124875768,1590530.6180315074,1.720736540883705,4.301841352209262
15.066305714411833,1965870.9769590031,1.7737530824371373,4.434382706092843
19.12949314065635,3739928.902835015,2.0443591042153733,5.110897760538433
19.02135487351744,3762777.9238923118,2.05575999034562,5.13939997586405
17.024546472015302,2671328.015930441,1.8540856324433812,4.635214081108453
18.03501573514099,3297171.894042818,1.9854483324619778,4.963620831154945
16.805395173440154,2642647.3236626983,1.8635743601539962,4.65893590038499
16.22441427424519,2404639.856829148,1.8292916418808312,4.573229104702078
15.791513583105443,2233699.454557839,1.8059570600124293,4.514892650031073
17.095750017608346,2878636.239480512,1.9229227974521175,4.807306993630294
15.114957098105375,1997210.2431957396,1.7823537466966732,4.455884366741683
16.212365845585943,2453551.6247433033,1.8478239595014598,4.619559898753649
18.05646034723822,3193478.728602061,1.9503396393342443,4.87584909833561
17.639847646454655,3016931.196544123,1.9233072532931195,4.808268133232798
19.35629518171378,3906853.6326517025,2.077520198432156,5.193800496080389
18.091612819154435,3368362.604929013,2.0018030506982374,5.0045076267455935
18.91551844097299,3592394.644644292,2.009846654532024,5.024616636330061
17.048283886961645,2877755.7861353923,1.9258595504843186,4.814648876210797
16.347168209522067,2506464.6483800625,1.8559872634523078,4.6399681586307695
17.34798969924658,2814208.831235705,1.8783035070844087,4.6957587677110215
18.926987548553797,3609341.1718993764,2.017373358707103,5.043433396767758
16.538969826043214,2480521.5991653,1.8281351093062468,4.570337773265617
14.32453595136427,1609679.9505868778,1.703444485693396,4.25861121423349
16.75404745148803,2674550.5352654606,1.8791517540374323,4.6978793850935805
22.214549170525366,4921147.099816487,2.191874791013588,5.47968697753397
11.414056859322507,522224.1267806301,1.5531672011975375,3.8829180029938435
17.89651838749533,3101321.84634587,1.9316318802412051,4.829079700603013
18.42675527048798,3429889.032402138,1.9968302108770486,4.992075527192621
15.015049017404047,2025301.4723375784,1.8040139508179693,4.510034877044924
16.72632896082662,2678913.6776205655,1.883394872016429,4.708487180041073
17.8871017164145,3219264.1421276955,1.9699791603052408,4.924947900763102
17.87090933897286,3149595.5081258286,1.947518168329888,4.86879542082472
18.571741964831112,3478568.8697293326,2.000149361455416,5.000373403638541
19.60670761088259,3899784.9197996166,2.0589946659882594,5.147486664970649
17.318962403152007,2939403.435689656,1.9245536544667292,4.811384136166823
16.974485712126565,2825510.451131027,1.9146233919707991,4.786558479926998
17.14175424797004,2896473.5293489993,1.923450427784025,4.808626069460062
17.31339318888576,2968383.54226664,1.9322653228897404,4.830663307224351
18.658241792235785,3652505.935034549,2.046908471511932,5.117271178779829
16.7680285233744,2536522.1470627664,1.8285258141191154,4.571314535297788
18.630932549532233,3456476.0088425176,1.9906958239389627,4.976739559847407
18.1432003296258,3287680.34129633,1.9747228461945734,4.936807115486434
16.98155047166352,2704004.4763626736,1.8717518024587727,4.679379506146932
17.5215557486619,2940616.021919327,1.9070055783836841,4.767513945959211
20.51720285893115,4487631.929120142,2.1715994991355387,5.428998747838848
15.19484137645113,2149737.7661180496,1.8337521910784758,4.58438047769619
17.873170150140403,2916367.038058632,1.8733353369730044,4.683338342432512
18.54428928865879,3392049.8648814745,1.9769544048546754,4.942386012136688
15.39018625995363,2107559.4072555276,1.7956735340250374,4.489183835062593
18.07415381996251,3302993.125315142,1.9825719399872688,4.956429849968172
16.718006511815588,2650562.004035687,1.8743373484474375,4.685843371118594
18.536643752366878,3238612.111621922,1.926642633666712,4.81660658416678
19.35583322071586,3792290.787785763,2.042058380986275,5.105145952465687
15.367761216100927,2116380.8596003437,1.801125009918426,4.502812524796065
20.836930701157684,4563630.761958661,2.1704298041529806,5.426074510382451
16.004237103148355,2354312.8640596196,1.8315251059241207,4.578812764810301
22.407156579219855,5161006.003861371,2.2454525944688717,5.6136314861721806
16.567045153625216,2554487.1078418847,1.8514283520419597,4.628570880104899
18.94155662284689,3595504.785833616,2.011030805908245,5.027577014770612
18.659456790594795,3594107.3241733136,2.0301009856863073,5.075252464215768
19.21731673274618,3888917.5648513064,2.0785309074450744,5.196327268612686
18.875170924418462,3559498.1232988983,2.0053756319641898,5.013439079910474
17.151384279574412,2938336.032454917,1.937803383971188,4.84450845992797
15.360978998147456,2122681.6644182503,1.8049848252121254,4.512462063030314
20.783090182208298,4399290.693043137,2.1272930254519276,5.318232563629818
18.56598370629301,3510824.0825068774,2.0132785978832874,5.033196494708219
17.806702896637837,3170368.6466650544,1.9606826659231376,4.901706664807844
13.660785677468223,1407577.9721711734,1.6913764704671108,4.2284411761677765
17.7852299017343,3202238.1879887795,1.9738559415253945,4.934639853813486
19.715723788630935,4038334.399678557,2.0919366180089964,5.2298415450224915
15.446106129415904,2185948.047163277,1.8216678753572657,4.554169688393165
16.77187013074406,2777395.579235846,1.9165539076108504,4.791384769027126
19.977929856670773,4060585.9268413363,2.080354357139921,5.200885892849803
19.739114143780377,3949246.5657856455,2.0639363496751,5.15984087418775
19.971976744533528,3963168.742820314,2.0519954944421888,5.129988736105472
16.888177706285056,2821676.824461896,1.9178846714891784,4.794711678722946
21.420774286025225,4569176.025312056,2.1373004795793613,5.343251198948403
19.933830233372408,3966040.7975370707,2.055459805695465,5.138649514238662
15.25285231536726,2027930.069708746,1.77623083843452,4.4405770960863
19.07829338892979,3533497.619818122,1.9829354848855547,4.957338712213887
16.963690586404322,2922585.9549895916,1.949710121536659,4.874275303841648
13.277429714556032,1289136.4923552088,1.6913632361741926,4.228408090435482
16.377814734633468,2576988.9290187173,1.8784715787418633,4.696178946854658
20.63266993153401,4497820.0044055255,2.1651717294661483,5.412929323665372
17.376132937337196,3093521.086265698,1.9702900388066487,4.925725097016621
17.010465950608133,2773046.5137517937,1.8924988743341145,4.731247185835286
15.12639467026007,1920601.9984386172,1.746143978070198,4.365359945175495
17.014340825977857,2831801.4733666973,1.9118340595525973,4.779585148881494
19.693870040657657,4114550.2327015297,2.1161138832759354,5.290284708189839
19.30638702868668,3707931.237467612,2.020688144261302,5.051720360653255
16.77238291548293,2702092.282162668,1.8889565892703641,4.72239147317591
18.696073004081406,3514118.3890689984,2.007065230777536,5.01766307694384
17.468095607981347,2993372.8705133684,1.9302171392763763,4.825542848190941
16.89714454027893,2729533.7600074755,1.8878835908628206,4.719708977157052
17.44403120431879,2961491.132568609,1.9214556728260532,4.803639182065133
19.62745324784421,3778780.43344614,2.022515926510402,5.056289816276005
15.725183925161513,2263718.7990651913,1.8253266409636273,4.563316602409069
17.927152682941717,3228053.1484450996,1.972103498374889,4.9302587459372225
20.086858997853806,4305771.198955709,2.146755423025909,5.3668885575647725
17.79142386116892,3118620.8018775126,1.9446570960761171,4.861642740190293
17.008066785246754,2798395.299016482,1.9012543273007967,4.753135818251992
19.643888882222814,3891940.222891871,2.0524039789991075,5.131009947497769
16.600809274918493,2618669.6033769147,1.8738181816854655,4.684545454213664
21.609711978361545,5061415.717156553,2.2593557686151886,5.6483894215379715
15.046881832646442,1945624.2648655903,1.7669755953153872,4.417438988288468
19.085565955487517,3786453.264208059,2.059094257846462,5.147735644616155
15.66916179378046,2149405.206505904,1.7839183078262195,4.459795769565549
17.331187743804154,2829524.5060818978,1.8864226503157082,4.71605662578927
17.032304542322407,2762397.487374668,1.8866460111869532,4.716615027967383
17.79871649673792,3060381.075420509,1.9254829392507822,4.813707348126956
17.856954634269485,3116452.044692035,1.9417769573707737,4.854442393426934
19.48147393019093,3810230.769970892,2.0403629263808063,5.100907315952016
19.403582651204477,3823055.5195102952,2.048528313722031,5.121320784305078
19.566159108409753,3983181.991351367,2.0868433148204977,5.217108287051244
17.776067589602306,3104818.8985553347,1.9425642463288755,4.856410615822188
19.020376089410384,3579533.5486341612,2.0002056831515103,5.000514207878775
14.817011996114582,1945817.9528671578,1.795165998521553,4.487914996303882
18.659551899933646,3395806.839329431,1.9701139424567786,4.925284856141946
14.589373013381191,1839933.8936029281,1.7750600506896475,4.437650126724119
14.878632559978433,1944807.1661027716,1.7862084210629656,4.465521052657414
20.658848956381416,4461640.873317284,2.1533288982502397,5.3833222456256
17.906953266583024,3237006.760374045,1.9752583704688325,4.938145926172082
15.579265770014183,2256220.105847141,1.8367541876246967,4.591885469061742
19.279277052604684,3819953.7104864903,2.0574191946688978,5.143547986672245
19.47040938628031,3796092.56830101,2.037068809062115,5.092672022655288
18.768463339479457,3510548.490900253,1.9974413393964663,4.993603348491166
14.806630676831322,1965182.3550484022,1.8044728842363802,4.51118221059095
17.04225358149227,2778673.941601649,1.890714907408724,4.72678726852181
16.939107320736134,2861373.2136198003,1.9309229473865672,4.8273073684664185
18.637909234972906,3356375.8949035555,1.9580502887625222,4.895125721906306
17.45771955026145,2976455.87423322,1.9228705292919994,4.807176323229998
16.98774025454597,2795799.0735930223,1.8994923141625453,4.748730785406363
20.037846256337687,4037142.2801422365,2.071104138724013,5.177760346810033
14.830514337617796,1904559.4100266034,1.7752087419222389,4.438021854805597
16.226854127866797,2536603.533322418,1.8783990621447033,4.695997655361759
18.771768517961142,3516656.3059947984,1.9993336320507742,4.998334080126936
19.614046084463244,3987263.2562229913,2.085347490349678,5.2133687258741945
19.163170470318146,3701059.0752757676,2.0295149255333715,5.073787313833429
19.816101466738,4048319.0985763883,2.08869914957802,5.22174787394505
19.271341333495307,3737797.215261843,2.0333501939838534,5.0833754849596335
19.88007926534019,4012139.3652467374,2.0729728701252754,5.182432175313189
17.81755873077182,3256197.845990508,1.987650541705826,4.9691263542645645
16.722286344729188,2782323.292870261,1.922603134333954,4.806507835834885
18.147098489073098,3339350.1697425097,1.9875976912781104,4.968994228195276
16.787070135740166,2658732.6583094737,1.8714573025484535,4.678643256371134
18.160792735970197,3154939.1752028028,1.929882622317731,4.824706555794327
16.124006393784683,2414290.89985223,1.8432975822276607,4.608243955569152
16.826263108146122,2798171.6119765714,1.918987889052403,4.797469722631007
17.013082624453467,2895878.5979117528,1.933829260995262,4.834573152488155
20.333382603909357,4100120.0342918513,2.0693240384566827,5.173310096141707
19.08238014682091,3828064.099384795,2.072401045071796,5.18100261267949
18.222367427628548,3257745.2519916473,1.9582839245302037,4.895709811325509
18.99857272570231,3709428.3912542285,2.0422186502403936,5.105546625600985
16.763450700558558,2822978.762179819,1.9302883742341466,4.825720935585367
17.52502804720162,2939215.4452845193,1.906888988254135,4.767222470635337
17.643822359950523,3232617.0664552506,1.9951135385029315,4.987783846257329
18.93295247433484,3822801.5207573334,2.080535310308884,5.20133827577221
21.1169291916951,4753882.130070772,2.2035168726322705,5.508792181580676
18.741613018074553,3613379.8868149687,2.030590080620492,5.076475201551231
17.361538386380083,2990705.6841799915,1.9367404198231801,4.841851049557951
16.429273737783113,2613143.8978866255,1.8872391129039645,4.718097782259911
17.982406759289947,3278508.1349656116,1.9815195189612742,4.953798797403186
17.68569637419588,3106307.6597289136,1.9479056852098464,4.869764213024617
16.5458465857224,2635862.6306433585,1.8844529209845267,4.7111323024613165
16.369960194326836,2488666.8599327356,1.8455484587949589,4.613871146987397
16.803031492179986,2733488.8121386115,1.8972161935274392,4.743040483818598
16.33976557143999,2537051.20235811,1.8675715210066497,4.668928802516625
14.148652825212228,1593202.6747386027,1.7188332255150802,4.2970830637877
16.726875155202947,2654018.7610581163,1.8748322093031577,4.687080523257895
18.675591984889994,3573634.5664212545,2.0230562330537967,5.057640582634492
20.85069563313924,4334698.365892021,2.1092468655413033,5.273117163853257
22.413402176186146,5051133.926022399,2.212613512303537,5.531533780758843
18.242328350142124,3376297.462602251,1.9936257111272853,4.984064277818214
14.90306459469175,1885747.2876218045,1.7590851220611639,4.39771280515291
14.967894919791114,1901802.8288727226,1.7579243914400375,4.394810978600094
16.26447584348052,2474243.495022539,1.8513089309586355,4.628272327396589
18.995164699879364,3579352.825467067,2.001932002605424,5.0048300065135605
19.139850345724096,3579276.124381736,1.9932638892290988,4.983159723072747
17.690298186996767,3250342.4766150704,1.9968976132093426,4.992244033023357
17.188541506572275,3025312.2074246034,1.964263947253212,4.910659868133029
19.43607793306972,3859546.6251635216,2.0573347154274493,5.143336788568623
16.639117540633343,2707863.255984285,1.9007173203177272,4.7517933007943185
18.732131102377814,3554499.9886186365,2.0122676478197876,5.0306691195494695
19.12433939867313,3726032.5817201408,2.0378298701386317,5.094574675346579
15.334435999897389,2058019.7074800814,1.7825402152017131,4.4563505380042825
16.285042488775648,2557696.4565780545,1.8798164328904197,4.699541082226049
17.557876830676644,3036840.5473601865,1.9360245848925122,4.84006146223128
19.72728454987034,4091920.556297336,2.1092938101839223,5.273234525459806
18.26302919951499,3287102.4540299783,1.9644144246922008,4.911036061730503
16.789048742076098,2696476.635230357,1.8845685208610043,4.711421302152511
17.33336811276647,2942974.937323414,1.9236483793279373,4.809120948319843
15.591399440447562,2214525.0516040055,1.816389624162551,4.540974060406378
19.660164071515005,3835639.343724218,2.035887706290066,5.089719265725166
22.141231364631263,5060169.802454062,2.22965909256573,5.5741477314143255
18.375520062834518,3425389.0540474206,1.9997182089065895,4.999295522266474
16.70051217023172,2708008.625084433,1.8953746857301543,4.738436714325386
20.178660635167354,4258772.504692707,2.125637577432515,5.3140939435812875
15.040042671275856,1967158.550323762,1.7756501191661231,4.439125297915308
17.023069133674905,2567580.4080498535,1.8189527523322548,4.5473818808306365
19.96666875890789,4001991.561487614,2.0643358797358093,5.160839699339523
16.626780429109765,2663567.1304716943,1.886674304079695,4.716685760199238
15.45938930957833,2106980.545532611,1.7882108989062824,4.470527247265706
19.404374539931645,3857609.587340327,2.0586249509570367,5.146562377392592
15.48872244171755,2166312.23488063,1.8089784671633407,4.522446167908352
18.916324100464244,3489364.4257398704,1.983492943633175,4.958732359082937
16.890969646934973,2770522.7211016454,1.9004429609294191,4.751107402323548
19.635381840426902,3862302.040324007,2.0433607159577005,5.108401789894251
16.610743893786783,2526241.6717944928,1.8398455986269278,4.599613996567319
15.931150400117811,2318350.06362739,1.8246681382623426,4.561670345655856
17.090847729066084,2912353.337481888,1.9332579259699127,4.833144814924783
13.193179405077471,1210925.3956185216,1.659661315621936,4.14915328905484
18.934329208925014,3614328.5914220754,2.017342218028444,5.04335554507111
19.890147210600094,4010244.158630371,2.0708434365335444,5.1771085913338615
18.97194142519467,3581067.895539943,2.0071363709616,5.017840927404
20.086141257974475,4156941.589864744,2.101935263452123,5.2548381586303075
17.086180718703314,2836154.434651586,1.9073526762373523,4.7683816905933805
16.55440974238025,2643327.2484537754,1.8877605588891524,4.719401397222881
16.944660544092006,2847743.4652370308,1.9245495328182056,4.811373832045514
16.65949571112295,2773766.3477709983,1.9231072209526554,4.807768052381639
16.625231262650697,2671777.629745423,1.8911005375651784,4.727751343912947
14.788236755486572,1860552.760127185,1.7608158249808938,4.402039562452234
16.417987405225244,2559993.3086972805,1.8691751641117784,4.672937910279447
19.401056912603742,3844429.2591711925,2.056760946166461,5.141902365416152
20.295255208528374,4237179.937694975,2.1109120630084663,5.277280157521166
17.854228529493366,3188530.0659492016,1.9611569010827639,4.90289225270691
19.05828443710975,3725266.8095407085,2.04066652707816,5.1016663176954
15.584611208697563,2202178.2059419025,1.812962314363815,4.532405785909537
20.076418839484344,4072171.461247704,2.0776960796155595,5.194240199038899
12.127458690073766,799553.7058608821,1.599221535588581,3.998053838971453
18.366126459077982,3544858.4503760654,2.03802975875783,5.095074396894575
18.154073430823136,3263443.6583098304,1.96391667102732,4.9097916775683
19.702689246611072,3841040.6725421995,2.033876762798109,5.084691906995272
16.34018057511648,2507523.1591390045,1.857747125051606,4.644367812629015
17.317257175739865,2861185.2290831357,1.8981798209346294,4.745449552336574
15.06123237798791,1992254.362183012,1.7854203950135707,4.463550987533927
18.64534045500075,3318656.548909775,1.9479354701773226,4.869838675443306
18.976160617455463,3862008.255363306,2.0904352769847585,5.226088192461897
16.4570254748849,2546547.7445011707,1.8599270857825998,4.6498177144565
18.895104778768857,3612389.117331353,2.019019107075385,5.047547767688463
17.235813617556396,2843909.944341477,1.897759784020083,4.744399460050207
18.205679334860967,3334625.3147542113,1.9828894063013454,4.957223515753363
17.1383339378012,2864656.5717521496,1.914727759005088,4.78681939751272
16.93356186401005,2787748.943034203,1.9056181169095971,4.764045292273993
20.212937919700135,4295706.39729112,2.1319723920887834,5.329930980221959
16.500161549118086,2644179.2050444717,1.890798907823525,4.7269972695588125
17.05776855140155,2824770.0671732537,1.905371742509477,4.763429356273692
19.384791036663486,3814003.565650357,2.045511932025405,5.113779830063513
15.201518211106402,2127924.473793177,1.8258956536532618,4.564739134133155
17.180764695343463,2777727.2135317,1.8799990184179132,4.6999975460447825
13.922077289869627,1517093.7188482052,1.7102198567659495,4.275549641914873
20.40626868171187,4300342.147522576,2.1225017595612714,5.306254398903179
14.471315739196665,1798744.6637394214,1.771086139223282,4.4277153480582045
18.867447684861016,3433659.044164244,1.9673807696842391,4.918451924210598
11.186781383974221,426087.1058843406,1.5272449207000247,3.818112301750062
15.407304366016628,2181239.3793811146,1.8241956358720839,4.5604890896802095
15.284170848089884,2028666.2960847998,1.7743935106936302,4.4359837767340755
17.901161705739543,3124209.109601112,1.9379696547182552,4.844924136795638
22.01577912284023,5041405.04057923,2.230288372715684,5.575720931789211
20.753482226058708,4414229.665615353,2.135222431274399,5.338056078185998
20.292516881651878,4507392.440169488,2.1873803469630912,5.468450867407729
20.109220959150086,3882762.1542279925,2.022494502312226,5.056236255780564
17.654174725132286,3140856.1892275084,1.9642051356821373,4.910512839205343
18.78678539608909,3463270.3041824456,1.9799773974746138,4.9499434936865345
19.005686345529703,3714967.5310487356,2.043651597096621,5.109128992741553
19.015039348132422,3712348.763250402,2.0409604002910635,5.102401000727659
17.456463602299376,2898221.608058069,1.8978161693856623,4.744540423464156
18.337169673243125,3337876.1805404443,1.9758409450640306,4.939602362660077
19.466208818354236,4008861.9716126546,2.0977200058623673,5.244300014655918
17.31011952028667,2988184.813693557,1.9405188691203754,4.851297172800939
20.296063709645384,4294950.9795618085,2.1297440858279892,5.324360214569973
20.679729512113852,4294177.391455029,2.104812596135094,5.262031490337734
18.8632297047862,3590102.44544066,2.014892597855826,5.037231494639564
17.21795103879351,2856027.4860030366,1.9028776458108254,4.7571941145270635
20.579893371590565,4444960.899482867,2.1544460923968267,5.386115230992067
18.13800847790672,3301138.3111412534,1.9782628912697502,4.945657228174375
13.944021810293062,1489602.9529203186,1.6947109466273411,4.2367773665683535
17.958775235501136,3239454.386970901,1.971495401762938,4.928738504407345
18.3252792230572,3446089.162871263,2.0105489412967326,5.026372353241832
18.094469531427528,3513179.533128578,2.048538522366874,5.121346305917185
16.783169275499766,2605067.649696731,1.8523083458867933,4.630770864716983
16.213972364389416,2323271.5555758364,1.8005165863160868,4.501291465790217
17.499359722124773,3041976.2247128394,1.9436317008768524,4.8590792521921315
20.29853279823588,4240230.049096359,2.1118702574931087,5.279675643732772
18.605698064418206,3492725.5870922217,2.0041816017173426,5.010454004293357
18.16333992544632,3361496.6493819878,1.994038078399162,4.985095195997905
16.913143062701643,2673430.6380863516,1.8660052002226875,4.665013000556718
16.65097176774548,2568997.623641045,1.8512989713655919,4.62824742841398
19.505812246621513,3676704.3343889406,1.9984069384279792,4.996017346069948
18.701568434213467,3693128.600828808,2.057010609401152,5.14252652350288
15.935018174769011,2350314.651512713,1.834834221110589,4.587085552776473
14.023745587908621,1548819.0591155896,1.7111705573154576,4.277926393288644
15.162219530467457,1997658.162345362,1.7751771525839652,4.437942881459914
15.902696095276013,2412908.695905541,1.862977818899325,4.657444547248312
18.034586190882496,3325051.2223387174,1.9922473113944446,4.980618278486111
24.55767907576927,6180773.912216636,2.394014305303484,5.98503576325871
18.79088703664591,3480928.557671151,1.9878200315803134,4.969550078950784
16.075371616887367,2368963.18968187,1.8310050430178098,4.5775126075445245
14.273839576321489,1666740.4350647843,1.737039604523348,4.34259901130837
18.44684501799836,3389103.240418218,1.9823861273296914,4.955965318324229
18.756128000164864,3599180.2844978627,2.02500253946402,5.06250634866005
15.883268213086076,2304851.343393188,1.8249751891024746,4.562437972756187
17.54038551031545,2942769.532503699,1.9061446385489866,4.7653615963724665
14.624238242838672,1764136.1742858412,1.7361477858932413,4.3403694647331035
16.7292851622856,2690679.3609144343,1.8883128361532755,4.720782090383189
15.25018861539207,2072248.951390203,1.7986359875242528,4.496589968810632
18.2134326522156,3454360.2529169843,2.0210763646186654,5.052690911546663
19.668009268993437,3936906.9004186084,2.0632509855248937,5.158127463812233
18.612822218696135,3561990.1220029155,2.023119760512015,5.057799401280039
15.35067356270896,2042596.1355328495,1.7743022598456655,4.435755649614164
16.245562283683167,2610534.195560771,1.9045674025763724,4.761418506440931
17.436781829785275,2899382.237322459,1.9022067861810856,4.755516965452713
20.265766177968516,4142701.686850922,2.086659751116004,5.216649377790011
19.402849499779617,3794185.7229188243,2.040119159051009,5.100297897627523
19.69035148394067,4061929.1517850664,2.100011910837497,5.250029777093742
17.20535046906928,3119441.639843678,1.9940603667318009,4.985150916829502
17.82352060814949,3383962.571192625,2.028697574053648,5.07174393513412
17.41674101799484,2948191.6497806422,1.9169233257745333,4.792308314436333
16.876499318811987,2832116.3093089573,1.9242237197123706,4.810559299280927
18.315473459343966,3408553.43399377,1.9962769007498704,4.990692251874676
18.55262600689651,3577171.9486241136,2.0332524809642,5.083131202410501
13.966168141901036,1496993.5439687017,1.6956148726406335,4.239037181601584
20.02388720424435,4261525.105318084,2.1360710963488687,5.340177740872171
18.790660516910584,3532531.855274372,2.001347915929843,5.003369789824608
18.77390324352417,3684636.113134985,2.049545569126585,5.123863922816462
13.336123048473048,1260751.2050754176,1.6653364784799332,4.163341196199833
18.94908139954079,3587642.878830158,2.0084391518300184,5.021097879575046
15.636410906821997,2226953.7212725133,1.817468389850521,4.543670974626303
17.122526398481376,2840394.1186423646,1.9055032231152433,4.763758057788109
16.763224010095822,2731289.0921813212,1.8982177986340023,4.745544496585006
17.592795016561034,2966339.3878915934,1.910741710234786,4.776854275586965
18.38287184442693,3424943.076177907,1.9987762398690498,4.996940599672625
20.260976971625656,4096556.38532616,2.072763933318068,5.18190983329517
18.354379864500324,3351965.748234432,1.9794987775698443,4.94874694392461
18.10596193046965,3247332.1466633333,1.963057538007401,4.9076438450185025
15.661404092546194,2131907.6640981343,1.778644709878893,4.4466117746972325
16.33265065842988,2487468.1118498994,1.8497811592613538,4.624452898153384
17.280585712938823,2867409.260381271,1.9018731666730881,4.75468291668272
16.484765097089117,2538352.1982102916,1.854208159198602,4.635520397996505
17.782671585008636,2994980.6076244367,1.9056538470604252,4.764134617651063
16.366021795758257,2521067.5070312945,1.8601901225402673,4.650475306350668
17.002856250425435,2795931.3808291834,1.8990393894351796,4.747598473587948
15.8556245396551,2377463.0884966087,1.8548991079398196,4.637247769849549
17.999682096623324,3344167.6860055085,2.0025379742337943,5.006344935584486
17.124868685567527,2826593.790915763,1.9023513822531954,4.755878455632988
15.871627456292181,2335581.2858118424,1.8365118679380212,4.591279669845053
18.955579478616812,3603286.090231885,2.011620069182834,5.029050172957085
16.902145308357564,2817654.466901973,1.9177393212596818,4.794348303149205
16.632659581457766,2655202.930675947,1.8816671916474943,4.704167979118735
17.86232116854194,3191649.821060599,1.9612302299433482,4.90307557485837
20.873075397985154,4423905.946006666,2.130116211900381,5.325290529750952
17.503742806270985,3054725.0606111437,1.946562486225804,4.86640621556451
21.118011047306283,4822727.575868303,2.2240763472035447,5.560190868008861
18.343695953322214,3421379.0383931296,1.9996631404992744,4.999157851248186
18.501959287826697,3464089.2652875744,2.001537929166845,5.003844822917113
18.173999732086664,3203300.079266386,1.9422829103932506,4.855707275983127
14.332598765442928,1642082.1672117421,1.7176393432035908,4.294098358008977
16.122665685894333,2346201.057440941,1.8157817661476947,4.539454415369237
17.731336530086672,3159624.649483665,1.9635525647925627,4.908881411981407
17.242872082017712,2860385.2741438057,1.903014925863773,4.757537314659433
20.928023765730618,4361663.187054741,2.1100799261432797,5.275199815358199
14.865404344998678,1909931.5247032102,1.7724572979494386,4.431143244873597
17.588024096706057,3078115.6915018484,1.948008962637487,4.870022406593717
18.723977173838268,3547373.212959529,2.010691477953683,5.026728694884207
16.56801201903646,2653450.009773573,1.8888432540117523,4.722108135029381
19.178119895802716,3867646.640121443,2.077210550578423,5.193026376446057
15.644129941685492,2066775.4046357963,1.7532272971355536,4.383068242838884
14.342367677113188,1689026.0218936587,1.738736455246021,4.346841138115052
16.430742622991446,2599304.747466865,1.8804977192405492,4.701244298101373
16.25767526202835,2547815.689206238,1.877966856149564,4.69491714037391
18.468346634674383,3452949.0998975756,2.0018709200215987,5.004677300053997
16.33999102923034,2450733.05108854,1.8344059631574101,4.586014907893525
18.32699665928057,3241419.78915374,1.9437049217618145,4.859262304404536
13.46254652759924,1357596.8052442884,1.7003620996134259,4.250905249033565
23.247162568362924,5679577.45338935,2.3321141121794247,5.830285280448561
19.395959261229724,3725816.886351981,2.0219863004375798,5.054965751093949
17.297873546688237,2850925.5054509547,1.8956215487860755,4.739053871965188
19.128559544543133,3607802.56130646,2.003800171898249,5.009500429745622
16.732036937207063,2715881.6040848596,1.8963944103902295,4.740986025975573
15.31403932903248,2055372.0384914177,1.7830623369121448,4.457655842280362
13.881554198668855,1516511.5073892483,1.7192373989087797,4.29809349727195
15.708418166210869,2178503.536849281,1.791529768450505,4.478824421126262
18.41160814542142,3275733.4395473897,1.9489795435470507,4.872448858867626
17.338977386010647,2965177.0293585286,1.9309880965149586,4.827470241287396
12.537578531847227,959116.5149198752,1.6249297534328502,4.062324383582125
20.891576226662643,4522908.405065771,2.1552182374926208,5.388045593731553
15.771606909154535,2293158.5128890667,1.8299360471832342,4.574840117958086
19.609449359374942,3926319.031578716,2.0668262651712315,5.167065662928078
16.785815567922334,2622809.174009824,1.858961174781074,4.647402936952685
15.948243493129688,2290272.260613624,1.812256453708695,4.530641134271737
13.737329811253286,1407840.3580719419,1.6834171965736515,4.208542991434129
17.355251403379988,2972816.8644140745,1.9307792137933464,4.826948034483365
18.598964165577957,3534356.9483007826,2.016868678825479,5.042171697063697
17.706153339933728,3131431.6612120885,1.9562911465706885,4.8907278664267215
16.40794949050015,2580248.657581024,1.8760931633026394,4.690232908256599
18.402487393268952,3416426.214005459,1.9930447030492262,4.982611757623065
19.554212459416487,3906075.6111989897,2.062982154458487,5.157455386146218
15.559452536860196,2253894.342007893,1.8378734661863998,4.5946836654659995
20.579539374112386,4232045.821638038,2.0941271077151478,5.235317769287869
19.223704226699212,3668678.3895525914,2.0144896960845236,5.036224240211309
21.299976149949316,4732883.481232097,2.188709519774635,5.471773799436589
18.116897418110312,3225320.7545552272,1.9548540810858153,4.887135202714538
17.804550889299243,3250727.210896305,1.9871893520729453,4.967973380182364
18.227526637600853,3260048.3498835387,1.9561776782470215,4.890444195617554
16.71712323813612,2705845.435938771,1.8930152937370577,4.732538234342644
14.28282079760448,1645699.7799666077,1.7238897735599898,4.309724433899975
18.029366731169596,3112116.811578369,1.924218633820026,4.810546584550065
19.560510826715614,3874282.257603407,2.052145292951885,5.130363232379712
15.02526111017206,1952444.9487361507,1.7728312008494886,4.432078002123722
15.415913116631641,2094010.2148186965,1.7905985719226167,4.4764964298065415
16.111797218611912,2484985.8152998937,1.8687545408939323,4.671886352234831
19.280150484184322,3687489.884049641,2.015191638552252,5.037979096380631
17.39885475067893,2944769.4812680194,1.9174584571921427,4.793646142980357
21.36255108775722,4730862.355630724,2.182310247880815,5.455775619702037
15.371143542545429,2090382.2122950433,1.7898104158228443,4.4745260395571105
17.994065841105744,3224290.064812732,1.963739737155173,4.909349342887932
17.257220476848765,2912941.641242316,1.9193605014966983,4.798401253741746
18.146183007271844,3262462.2432839423,1.9634615643213413,4.908653910803354
20.131185767983496,4233474.80558064,2.1196021834416494,5.299005458604123
20.026476604050035,4214755.446274804,2.1238589502835357,5.309647375708839
19.036724779019387,3662127.033668192,2.0248692824892816,5.062173206223204
17.000258207913266,2791571.022642346,1.8996963861957155,4.749240965489289
18.327743423340802,3482651.4370071758,2.022061724550518,5.055154311376295
17.81141399047059,3109125.5320080277,1.9403872422912922,4.850968105728231
15.393623259733435,2084911.6958945915,1.787177779760025,4.467944449400062
18.856105757930486,3465026.2944988627,1.9769594707943898,4.942398676985975
18.97997081675351,3485435.856772408,1.9751866121910089,4.937966530477522
15.199543704770036,2004736.015648529,1.7742652758782624,4.435663189695656
17.584392437104235,3015575.834058104,1.927129510506593,4.817823776266483
14.020907434881424,1543682.6604584632,1.7115765927120108,4.278941481780027
18.66790325853598,3566804.3662367202,2.0206920688724663,5.051730172181165
17.929270354768878,3104262.648094666,1.9302575134502202,4.825643783625551
17.491224592033117,3024846.7276289146,1.9395168003426448,4.848792000856612
18.112123885971453,3341802.0857531847,1.9919718572500855,4.979929643125214
18.047001400195704,3172626.8749931455,1.9436925849264621,4.859231462316155
15.320524837127735,1992096.4785992084,1.7555538550468102,4.388884637617025
18.252753805903453,3314790.7650025953,1.9730680814472985,4.932670203618246
14.096988515301456,1498993.1148623023,1.679272293453543,4.1981807336338575
16.865187212582455,2897235.5214257604,1.9474700963136367,4.868675240784092
19.329436590402736,3767025.016228026,2.0379736031910762,5.094934007977691
18.495933343912796,3440267.8913597306,1.99373851853832,4.9843462963458
14.807423814926857,1875832.4179994445,1.76322655239069,4.4080663809767255
19.431373022294007,3851534.487580954,2.0561721837233664,5.140430459308416
19.618941827583612,3905601.433266517,2.061630252394961,5.154075630987402
20.878871574194523,4436232.277118768,2.1324700231793163,5.3311750579482915
17.84588714338753,3240724.5088006724,1.9824667179515778,4.9561667948789445
16.358274965226126,2450951.340062772,1.8347355862040728,4.586838965510182
17.223692238452195,2884790.7861182448,1.9135421527905405,4.783855381976351
18.72903746169916,3498451.5332331415,1.995159998902028,4.98789999725507
17.05066561824362,2853501.616176378,1.917800593036548,4.79450148259137
17.38248822848334,2936424.571294331,1.9181457960753596,4.795364490188399
16.230578958208785,2435064.1835844982,1.8396869199042436,4.59921729976061
17.182382457172963,2855350.362442742,1.9041275646922446,4.760318911730612
15.592821689448844,2219972.798587084,1.820484594691547,4.551211486728867
17.174027475732135,2878948.4918966964,1.9164191236238164,4.791047809059541
21.489711471307317,4773207.758707635,2.1920653992453434,5.480163498113358
17.077338488794226,2857601.430433385,1.9142037522650965,4.785509380662741
15.851664134641252,2336742.9181448948,1.8395804988769155,4.598951247192288
15.779036383364819,2213888.5418040752,1.7980908412217387,4.495227103054346
15.806577739866201,2393942.8596779313,1.8652947863197855,4.663236965799464
19.397131959301305,3914807.992370895,2.075647193430435,5.189117983576088
18.46646570097743,3418641.5747159533,1.9897278891212542,4.974319722803136
19.600636041821073,3866169.447177466,2.0490935263949424,5.122733815987356
19.806129519542903,4019145.500661566,2.082445348624056,5.20611337156014
18.888972656994298,3743755.327016961,2.0613559346783035,5.153389836695759
16.63121078112657,2735633.759060613,1.9125724764376029,4.781431191094007
16.531914239592858,2596945.5440075947,1.871679286234647,4.679198215586617
17.818521750948733,3176694.6707759136,1.9611648276002798,4.9029120690007
19.10674431141839,3610129.1898373477,2.005792398415315,5.014480996038288
16.216074478559108,2557416.176403719,1.886177563294515,4.715443908236288
17.039664337729697,2828674.527031825,1.907505973390858,4.7687649334771445
17.595584229446803,2939283.3773024343,1.902884284117099,4.757210710292747
16.969720363732744,2889639.7496524137,1.9358146399191611,4.839536599797903
17.219777770783363,2836120.45790888,1.8967299461756908,4.741824865439227
19.89236933043499,3915088.7318434734,2.0441249783170066,5.110312445792517
16.794206574981807,2596880.4664145494,1.8475701955035586,4.618925488758896
20.20959074468354,4170916.6254193373,2.0990853038807757,5.247713259701939
16.465231280695992,2607525.6134844543,1.8796063524989288,4.699015881247322
17.339797806221323,2911504.2494601393,1.9105180130480555,4.776295032620139
15.939150037419036,2323758.689658843,1.826148198114495,4.5653704952862375
20.95712621739738,4546711.260960326,2.159586218479976,5.398965546199939
17.70316789956898,3198888.7235950977,1.977424959790241,4.943562399475603
19.317707437946254,3896104.4916351903,2.075380278447652,5.188450696119129
17.229423800586474,2997011.459897455,1.9510794959736395,4.877698739934099
17.253491217698127,2934846.868962858,1.9257513512173734,4.8143783780434335
14.365315518932032,1656017.2471535997,1.7200265609448369,4.300066402362092
19.585152645839756,4048895.8630446084,2.10010996938613,5.250274923465324
17.221444039549905,2786743.893259893,1.877078449565164,4.69269612391291
15.584489530885449,2208056.623770532,1.815916881260021,4.539792203150053
17.785993530215706,2965227.271499756,1.8939392750356197,4.73484818758905
18.24844516392725,3290295.976680015,1.965664362387003,4.914160905967507
17.141429058095635,2928029.2168128416,1.9338368459709436,4.834592114927359
20.683716488175307,4366405.920323795,2.124546541181337,5.311366352953343
19.386428590820202,3844919.6376678944,2.0562014499070043,5.14050362476751
16.62051472016195,2655250.211375675,1.8847198436598056,4.711799609149514
19.134999303187982,3749031.0989735667,2.044716387935315,5.111790969838288
13.36804114036083,1270190.4933558023,1.6634783091717553,4.158695772929389
15.04768680525368,1981439.014932653,1.7817947171215571,4.454486792803893
17.724148174734864,3032240.912713862,1.9211514568243384,4.802878642060846
19.09290795042129,3778089.5371914245,2.0548627508490274,5.137156877122568
18.43732235922184,3461174.4986089785,2.005688989425329,5.014222473563323
16.40360710483626,2625426.257369457,1.8933361800427833,4.733340450106958
18.22914280805643,3362887.459809104,1.9895372913843845,4.973843228460961
18.493267216423703,3429915.6207386693,1.9921687133635848,4.980421783408962
16.529354116108873,2720340.139131448,1.916584829988927,4.791462074972317
19.183722333241104,3813630.8447832856,2.061384967119936,5.153462417799839
19.658682347226453,3947313.0713246223,2.0690056591378547,5.1725141478446375
18.567669482868432,3459357.9111680295,1.9973195473538012,4.993298868384502
15.31711815426442,2046028.7977433037,1.777918295632153,4.444795739080383
18.999232031418313,3630572.119735266,2.0192061111547495,5.048015277886873
16.512241317494425,2462713.6437266394,1.8232091270003314,4.558022817500828
18.36290054435601,3483597.3877252545,2.0199811583019547,5.0499528957548865
18.756586197705637,3762404.2232217295,2.0772507288992865,5.1931268222482165
19.5236225416771,3820545.953340955,2.039493886520577,5.0987347163014425
19.03684009130151,3873645.9516645307,2.0894102208605587,5.223525552151397
15.44226743033903,2192808.284748056,1.8257503387414433,4.564375846853609
16.604752872294014,2529953.388250973,1.8390178188498087,4.597544547124522
17.514418754729366,2944604.038468616,1.9099390257954323,4.774847564488581
16.32026210569355,2487657.738753219,1.850357298831047,4.6258932470776175
17.825032818078945,3223969.244541485,1.9754640677744382,4.938660169436095
16.324036142979324,2463508.974664869,1.8415344096235209,4.603836024058802
20.52549373154151,4162408.799963833,2.0799077504247006,5.199769376061751
16.419957813473076,2489401.0073069194,1.8432321052668184,4.608080263167046
15.207286550105458,2162612.2916160366,1.8404223119130418,4.601055779782604
18.567923478374347,3473781.1419098834,1.999552263699352,4.99888065924838
19.10632434696742,3665499.76345859,2.0239769411258393,5.059942352814598
15.500471790907655,2175387.6058274694,1.8130091629315124,4.532522907328781
15.66404917310724,2219298.1705924068,1.8124801543344409,4.531200385836102
18.70307034504437,3456195.96913636,1.9873250199331605,4.968312549832901
18.774650783939006,3468021.616826199,1.9831741899470523,4.957935474867631
16.96439379657042,2827789.297496777,1.9152845352846228,4.788211338211557
18.87439656402097,3621319.0514310207,2.023795221110319,5.059488052775798
18.04466031677976,3195665.899837889,1.9525186254243923,4.88129656356098
16.938324977841646,2783470.2369209817,1.899986084530906,4.7499652113272655
16.088403304733667,2489607.5170189813,1.8726715695924483,4.681678923981121
16.10661647007674,2492336.718596397,1.874905035719961,4.687262589299903
19.019869042878778,3720077.778165036,2.0448019852724695,5.112004963181174
18.69693481283239,3460317.366121075,1.9861263799428046,4.965315949857011
16.10367212671424,2433691.894175876,1.8515982295979918,4.628995573994979
22.87183914713884,5395039.081833205,2.279951855558967,5.699879638897417
20.013298935523483,4243032.267681694,2.1355063710303295,5.338765927575825
18.674609038232816,3315824.375238155,1.9430364815630843,4.8575912039077105
17.81214933396489,3115111.6087626237,1.9434629372440626,4.858657343110156
19.689459498881014,3962143.4540698966,2.0720230306496896,5.180057576624224
17.548553928563628,3112638.609844639,1.9641358272331115,4.910339568082779
14.286045322078289,1621137.4445529524,1.7131645656926557,4.28291141423164
17.674714127616433,3063913.6208643615,1.9361810249013727,4.840452562253431
17.501559065592097,2882402.306324658,1.8891563279763297,4.722890819940824
18.5726443058833,3419800.082136577,1.9830524120768265,4.957631030192066
19.750780725270122,4028039.622345438,2.0863582620260535,5.215895655065134
16.814132519421765,2793572.944019731,1.9154738984884918,4.78868474622123
18.521701574304128,3392281.2954367287,1.9781992925379277,4.9454982313448195
19.20780429651088,3728581.0860683154,2.034462395511455,5.086155988778638
16.875339702891946,2639949.9249070734,1.8572745300334312,4.643186325083578
20.21410605785674,4158301.4968956457,2.0969874979344914,5.242468744836228
19.542345020277587,3836100.438470437,2.043505342851749,5.108763357129373
17.172137919343665,2893365.7732170913,1.9185967817228735,4.796491954307184
13.157722693092344,1230833.5600719294,1.6791712623872206,4.197928155968051
19.68176002112798,3730309.4611722417,2.0053627521121,5.013406880280249
19.644373830363683,3785665.1465045977,2.0214931741521096,5.053732935380275
17.94775946546421,3161158.034421632,1.9470682157824282,4.86767053945607
19.785114357636523,4013643.5997812804,2.078800474167403,5.197001185418507
14.574750783535361,1848489.1955641918,1.7809399041879221,4.452349760469805
16.68823233435235,2673121.3997402014,1.885260170794163,4.713150426985408
15.317037728817805,2072126.3462180514,1.7897630067340091,4.474407516835023
20.310260119379507,4226773.021060501,2.109252056964261,5.273130142410652
16.913348582034526,2799444.770171636,1.9094792025934566,4.773698006483642
19.560353962810773,3972884.4250733135,2.0827406694241875,5.206851673560468
15.288570168415516,2059465.951790153,1.7889719943885345,4.472429985971337
19.633286935133796,4013075.716282469,2.0893189982884928,5.223297495721233
18.838479507777418,3660832.11636101,2.0394312855510295,5.098578213877574
18.630218620347172,3485761.542495448,2.0010967805291813,5.002741951322953
16.164058143267578,2588634.3552682046,1.9041706101205333,4.760426525301334
17.876757164652467,3308496.9379383437,1.9986073549892471,4.996518387473118
19.00811507513014,3728318.856856861,2.0465971979994193,5.116492994998548
17.308545958501465,2946409.1212726487,1.926621900915113,4.816554752287782
13.615572152927523,1380487.0955398604,1.6872975217803463,4.218243804450866
15.74975247741488,2279001.350248199,1.826952606566038,4.567381516415095
19.771006365610553,3966387.103651842,2.066379429208524,5.16594857302131
13.74909898637613,1421898.992548015,1.688791526548427,4.221978816371068
19.069509953281404,3740019.396474614,2.0461317148440687,5.115329287110172
16.987036268957567,2796686.663805222,1.9018476630538128,4.754619157634532
18.471032941647646,3433593.9484602623,1.992996827019659,4.982492067549148
19.004894556498854,3616685.0276418263,2.014528583358437,5.036321458396092
16.834375289826454,2696918.5387075962,1.8810642241314866,4.702660560328717
20.19553551264579,4108921.848196323,2.0809231198048797,5.202307799512199
18.487707167557545,3679784.1841612076,2.0718142262982444,5.179535565745611
16.328722123178352,2503350.786714266,1.8566190580993522,4.641547645248381
16.240814430978688,2519407.2963306187,1.870333714646557,4.675834286616392
20.29705772181225,4364115.081480863,2.1475431602130706,5.368857900532676
17.285741416790067,3087736.888062221,1.9762288260723464,4.9405720651808664
17.82961633055833,3156536.0984151913,1.953652992259203,4.884132480648008
14.57012561594555,1859052.7528066747,1.7861924949421863,4.465481237355466
16.062109081724852,2467923.5199751407,1.8692688293512072,4.673172073378018
19.399723597357,4010038.4110231074,2.104029184172954,5.260072960432385
15.394622296685135,2048097.5622779736,1.7709948711182766,4.427487177795691
17.961395558522565,3125976.0348460115,1.9335055654010533,4.833763913502634
17.446606611427896,3003304.3575424915,1.9331417192285736,4.832854298071434
17.250435297312382,2880159.8018669663,1.908955993551965,4.772389983879913
17.299334194434856,3093783.3455366986,1.9786824163931567,4.946706040982892
15.128512938654225,2172490.502127018,1.854255506700298,4.635638766750745
15.351294387221692,2094579.0504208654,1.7950627870315832,4.487656967578958
18.06596048373934,3170652.970397814,1.9422637526240818,4.855659381560205
17.791170154239943,3197118.293410342,1.9705698366946947,4.926424591736737
20.50812474908035,4410702.1324403025,2.1506739595212174,5.3766848988030445
12.41401004718945,945576.5138594406,1.642761210530549,4.106903026326372
16.85581487910468,2843184.2342640804,1.929052848893848,4.82263212223462
16.46363529183006,2611966.117917359,1.8840611517966814,4.710152879491703
19.844974440771203,3936119.6396177877,2.0543240704041197,5.1358101760103
20.014331311811585,4148336.324206234,2.10165798984444,5.2541449746111
17.778416256549146,3044598.743445293,1.9215271010210186,4.803817752552546
18.425678471348462,3404874.2898718286,1.9879850022982757,4.9699625057456895
17.165220820219208,2779469.2995994585,1.8826329036493588,4.706582259123397
19.032878660771612,3607600.825184593,2.0075860056515458,5.018965014128865
19.02593763049034,3893391.612975683,2.094692047457424,5.23673011864356
18.716312226853372,3617721.467185423,2.0345930375124737,5.086482593781184
21.976031542299435,5082024.193605187,2.2449840835962345,5.612460208990585
20.00917505293822,4348753.653375133,2.161539325157944,5.40384831289486
19.953422573450965,4025423.796624936,2.072286030045215,5.180715075113038
20.560079377608552,4267507.4792328365,2.1032548581674626,5.258137145418657
16.408141503422137,2581138.0882873517,1.8754114904980168,4.688528726245042
21.115253350353626,4415698.125542251,2.11766066917861,5.2941516729465254
19.240701917055624,3702778.6500586374,2.0218622037035687,5.054655509258922
14.96187937617226,1944159.5723262448,1.77628822253154,4.440720556328849
16.94741198516234,2715950.9773520967,1.8777277716217615,4.694319429054404
16.096613890343647,2459650.6748033026,1.8621253187320146,4.655313296830037
16.9381952370661,2729942.6652551973,1.8836191227108818,4.709047806777204
19.126791233597995,3940454.64039555,2.1015141163648137,5.253785290912034
18.946924761569473,3788828.564821814,2.070319235777978,5.175798089444944
17.864036844084595,3118561.9272451596,1.9399887594280563,4.849971898570141
18.9712253527188,3649889.7151040565,2.025837341678774,5.0645933541969335
15.521495634440875,2115211.6858015535,1.785794497225741,4.464486243064353
18.298581285269023,3500312.9152676472,2.0288274069417684,5.072068517354421
18.084615434994976,3303830.744759352,1.9830586823691345,4.957646705922836
20.79469944071286,4472021.615392722,2.147272685385201,5.368181713463003
18.968088329430334,3520559.9911961304,1.9874348098212358,4.96858702455309
19.577428321998624,3806742.966669121,2.033670741727302,5.0841768543182555
18.73363041311471,3505775.389742405,2.0005118867969847,5.001279716992462
17.82210675364002,3182335.924202848,1.9616517779631517,4.90412944490788
16.219475903824932,2451297.1642683456,1.8453341466891133,4.613335366722783
18.307611436111614,3462476.010728429,2.0163628773013467,5.040907193253368
19.24308417774332,3981746.4816448186,2.106302257853224,5.26575564463306
18.273000245662896,3317438.0123315575,1.9735076677034953,4.9337691692587375
17.49641132484672,3101253.53408813,1.9634700775427052,4.908675193856762
18.044468785590738,3228326.7762474976,1.9613893016628217,4.9034732541570545
17.34185887886317,2980176.260262561,1.9352296469599608,4.838074117399902
15.362921768113758,2181245.1387626687,1.8282956428934,4.5707391072335
18.92951864533274,3567942.2846924867,2.004267573315086,5.0106689332877155
20.279990836797857,4248871.199050516,2.114966587108665,5.287416467771663
19.22941340541431,3728676.525316458,2.032432717351656,5.0810817933791395
16.636119140330052,2558491.949803139,1.8488627142758225,4.6221567856895565
15.361190680313875,2152002.982998373,1.8162880974530793,4.540720243632698
18.513923731785688,3607000.7945466265,2.045888855701575,5.114722139253938
17.15334879348076,2842456.6176814726,1.9050508372251236,4.762627093062809
16.165946641673546,2405987.6740297144,1.8345763098698213,4.5864407746745535
14.425277576346573,1712365.915875093,1.7370058101103119,4.34251452527578
20.93289174510875,4449099.462267227,2.1330676290242514,5.332669072560629
17.294810270326934,2963599.8714873577,1.9342908974115123,4.835727243528781
16.309792690879977,2558004.5014470713,1.877712966411776,4.6942824160294405
16.982164060354933,2748261.052252964,1.8867933464410331,4.716983366102583
17.44809060022927,2954347.579333296,1.9172491682855335,4.7931229207138335
20.742430251451903,4246841.771525103,2.0879700964935974,5.219925241233994
14.430696947210308,1792325.44154838,1.7746540708984992,4.436635177246249
17.978245540439076,3294395.4322021,1.9878880846383102,4.969720211595775
18.694505368111216,3619548.37922809,2.0343931175717076,5.085982793929269
14.012043030616073,1411672.8865849385,1.6460010084884507,4.115002521221126
20.5686984402629,4297872.450197537,2.1140243811183126,5.2850609527957815
20.67506871295677,4424219.418681343,2.142276050423704,5.35569012605926
18.235630457177933,3223813.297366407,1.9475173034103737,4.868793258525934
17.89012285550062,3095094.588781031,1.932331589752401,4.830828974381003
15.144260951283295,1949828.615481222,1.7583480571557923,4.395870142889481
16.47301105353445,2655658.7464687675,1.898217437768925,4.745543594422313
18.359628356725864,3341770.0525887012,1.9726850953886192,4.931712738471548
14.923831247560916,1885172.406114175,1.754731138528357,4.386827846320893
17.736566559733035,3077108.7883353783,1.9353150389423046,4.8382875973557615
20.096674470133525,4100875.4223949797,2.085060506651683,5.212651266629208
17.043917068168103,2857807.1898773583,1.9185909088142432,4.796477272035609
21.262486969370077,4645137.398608179,2.168339112758257,5.420847781895643
19.141232836233012,3794897.9315808136,2.0585960031593227,5.146490007898306
19.699517417423152,3925428.6753828675,2.0595545919186993,5.148886479796747
15.390768330811898,2064536.3272464443,1.778686212509615,4.446715531274037
18.857670911278856,3550355.9909291742,2.0031099318960095,5.007774829740023
16.490192715876262,2586915.7638724325,1.8706374628095508,4.676593657023877
15.556175566868301,2275741.738316656,1.8467310740575478,4.616827685143869
15.907301653524609,2338724.5151060717,1.834199944982497,4.585499862456243
16.84453769701495,2730928.017149696,1.8918736240246605,4.729684060061651
15.256028151526468,2014104.4260175098,1.7711799624834943,4.4279499062087355
17.586955964482563,3097140.6387566617,1.9541594879151394,4.885398719787848
20.268569866234465,3924862.20842827,2.025015757810031,5.062539394525077
16.41038078441115,2569169.6561462255,1.8728601016016386,4.682150254004097
18.725441153787227,3417524.612804561,1.971840448902994,4.929601122257485
19.353035704988585,3747648.3279569764,2.0298316330856,5.074579082714001
16.224497399507175,2502412.7788673155,1.8655485547186326,4.663871386796582
18.068609045322525,3283839.7613456426,1.9782041324800625,4.945510331200157
18.224775442056963,3353025.170662435,1.9867190445229366,4.966797611307341
13.857999241137042,1535137.9388024257,1.7304067209677718,4.32601680241943
17.698011320659734,3150281.5829015104,1.962268426233498,4.9056710655837446
20.351731806390518,4347548.641423667,2.140938224374465,5.352345560936162
18.055982395307524,3306151.888314749,1.9853269982610546,4.963317495652636
19.053141466014935,3862272.364741806,2.083150895051722,5.2078772376293045
16.083512830893596,2255410.0513201645,1.7855512844664432,4.463878211166108
18.177587722026733,3081057.341689162,1.906563652977059,4.766409132442647
19.210505598802307,3839500.257746579,2.0669463928175964,5.167365982043991
20.058857699560594,3982880.8212462906,2.053318140241723,5.133295350604308
17.53019086738703,2891752.1365654925,1.8901867373575532,4.725466843393883
18.67646995521881,3411412.7184422156,1.9740775254003249,4.935193813500812
21.49199878772725,4649090.403361383,2.1542903768415114,5.385725942103779
19.61070727499825,3821022.771727372,2.0350323337050273,5.087580834262568
16.65062195152991,2560839.262871625,1.8479850103246875,4.619962525811719
17.103915951983105,2788952.8780106474,1.8911720893780612,4.727930223445153
15.2199333814242,1999836.0448070206,1.768803925106537,4.422009812766342
18.328568172240224,3192713.0473942515,1.9304177347981315,4.826044336995329
18.02541958419388,3223446.0302759707,1.9623790267485954,4.905947566871488
18.039313932285552,3127604.9485018887,1.9277486380921758,4.8193715952304395
19.281521935092762,3606439.482931193,1.9932432511400242,4.98310812785006
20.98548129680935,4418029.88538876,2.1220243531382827,5.305060882845707
19.41440689544511,3835896.305418389,2.052507844739864,5.13126961184966
16.931414181496308,2729245.3517347528,1.8838371597815045,4.709592899453761
17.275585035153895,2875701.33007094,1.9034539011504505,4.758634752876127
16.17178897840761,2552705.089238284,1.887431152532494,4.718577881331235
23.088232733381876,5317699.34426607,2.2487278134314663,5.621819533578666
19.052318520017607,3576012.433032862,1.9979295693073087,4.994823923268272
16.29314645754625,2453195.3147734534,1.840969853201361,4.602424633003403
19.92834204259699,4137221.961788508,2.1060059131098843,5.265014782774712
17.390295336593155,2922606.740636128,1.9112791008099574,4.7781977520248935
16.73944288411875,2710182.2418299383,1.8941333568372107,4.735333392093027
18.410808620550046,3550883.7343257423,2.0375187129574086,5.093796782393522
18.019695969922832,3256983.5275748177,1.969804625558889,4.924511563897222
16.45893447058757,2605077.5407218644,1.8798137197002842,4.69953429925071
20.280728585734288,4042462.13745692,2.057783572232656,5.14445893058164
19.707555764278183,3890862.1522987,2.049211289348906,5.123028223372264
23.269903416060256,5551419.919880239,2.2992736880741718,5.74818422018543
21.40048764126994,4555240.674831988,2.1327882790575963,5.331970697643991
18.597446189040934,3519171.8694282593,2.010477443151786,5.026193607879464
20.996385626428204,4622587.174054291,2.1792018316085366,5.448004579021342
16.929878976822167,2668991.4025540724,1.862163207995011,4.655408019987528
15.514997178626277,2192252.000826969,1.8182732884364374,4.545683221091093
16.28821202494628,2398580.7747929255,1.8189706559024632,4.547426639756158
19.21306007283514,3713529.520840233,2.028738221610818,5.071845554027045
22.13718214806759,5318847.599846695,2.2990482710352906,5.747620677588226
16.181740720922555,2575875.979297947,1.8961411830536012,4.740352957634003
16.30997475596587,2435885.2691757903,1.8340020615132346,4.5850051537830865
19.66021885791904,3945504.5011488087,2.065816661357261,5.164541653393152
17.0349269382996,2929273.7431114456,1.9463035428213886,4.865758857053471
15.766298400483358,2246447.2820246704,1.8117660069717947,4.5294150174294865
16.12881562301458,2346870.5567192063,1.8163093694885195,4.540773423721299
19.407305354863436,3748836.471494956,2.0277794372332996,5.069448593083249
19.03729660394424,3575137.1490994906,1.9993010470526629,4.998252617631657
16.797012202680527,2662617.7131084306,1.8712500409107176,4.678125102276794
17.329161493300415,2962213.5328263063,1.9310079515816174,4.827519878954043
15.120519602862137,1995898.6589579806,1.7808528621630795,4.452132155407699
14.924417136292956,2021358.3748647608,1.814458277205561,4.536145693013903
20.253268843544703,4148697.661150988,2.089651971968745,5.224129929921863
17.67310778583633,3002652.610819651,1.9149615947463412,4.787403986865853
17.010549354824136,2688788.9793786854,1.8625527314493295,4.656381828623323
16.904962294220518,2774466.9229159094,1.9020987026290943,4.755246756572736
14.127989449152034,1646006.1813773662,1.7475959330302275,4.368989832575569
18.051995176264988,3263762.2581530996,1.9739870930092436,4.934967732523108
17.90519860030253,3191707.326660241,1.9602188002742138,4.900547000685535
19.70863406386112,3993751.2691754363,2.07666558694131,5.191663967353275
17.085819909131274,2981103.138384482,1.9578836045463852,4.894709011365963
13.7663048120525,1511144.878408664,1.7309780863530777,4.327445215882695
15.667685137049814,2192024.6395840086,1.800155264732777,4.500388161831943
14.922489181149444,1946174.1313105468,1.779036100529764,4.447590251324409
16.316157717085545,2441034.211434724,1.8322863838008099,4.580715959502024
16.063159593020693,2414288.3258994063,1.8486504995677329,4.621626248919332
17.018628786714608,2723851.3543466004,1.8758071102907474,4.689517775726869
14.73240254962327,1796829.056352716,1.7388823449217468,4.347205862304367
17.214958901145415,2777612.5773057705,1.8758935341558427,4.689733835389607
18.15495268945655,3257926.4962417027,1.9625629631623882,4.90640740790597
17.719379056156747,3100458.893052317,1.9432379990896937,4.858094997724234
22.414658651199804,5171108.5584792085,2.246212102119082,5.615530255297704
16.895530999665965,2706570.465698745,1.8788862967528432,4.6972157418821086
18.06653042902937,3303233.3865676895,1.9847703780701038,4.961925945175259
18.918268937640104,3604168.898940076,2.0159923252345706,5.0399808130864265
17.688615480294835,3120399.3183040237,1.9517751895205446,4.879437973801362
19.00856861723057,3712938.6141277477,2.042415832437855,5.106039581094637
17.608865781150662,2877034.0035710502,1.8792909159254119,4.69822728981353
16.43802973091333,2590027.766203082,1.8787589581408284,4.696897395352071
16.0671983028964,2402875.7378948918,1.8434434578558485,4.608608644639621
19.300880026201185,3800033.9491754714,2.048589327787847,5.121473319469618
16.701519656930074,2716690.733376558,1.9004160673440338,4.751040168360084
20.055807233255795,4135764.437043898,2.0981256631375174,5.245314157843794
20.24109599052293,4157689.598259533,2.0893443197176387,5.223360799294096
16.613002822373524,2611553.7979785483,1.8683620655170783,4.670905163792696
20.467198415617528,4282504.101739033,2.113862078291069,5.284655195727672
20.96538995310755,4315333.153608551,2.0955078957406923,5.2387697393517305
22.48860449367427,5096318.572205505,2.220156998700932,5.55039249675233
18.320511331092092,3247152.362974722,1.9478452024262893,4.869613006065723
17.84808790224215,3283753.92693495,1.9947480227815502,4.986870056953875
17.74402448985606,3137956.7486909647,1.9529564515914708,4.882391128978677
16.628532244628815,2664858.0127127105,1.8877689677970928,4.719422419492732
16.621421967737348,2564253.987368429,1.8517228875448715,4.629307218862179
18.181221306926922,3287281.785617859,1.9684540121881218,4.921135030470304
18.041657097827212,3347469.63212662,1.9998289841014878,4.999572460253719
17.649995718072997,3226033.4987952067,1.9927773862979798,4.9819434657449495
17.80288700012276,2972189.434889136,1.8967713875080026,4.7419284687700065
19.35509427732811,3842318.5969980983,2.056155225556956,5.140388063892391
18.727114262942777,3587468.271019957,2.0242825610051587,5.060706402512897
18.742380175237795,3716882.326402325,2.06331100345594,5.15827750863985
18.069437468066553,3288278.436201323,1.9787862728451826,4.946965682112957
15.942215837902452,2396828.7932080757,1.8524862549362413,4.6312156373406035
17.995992570480745,3235946.09158122,1.9667939702591852,4.916984925647963
18.126243619011607,3284728.636267068,1.972408608803515,4.931021522008788
17.414114575354024,2906093.6153975874,1.9045592303802221,4.761398075950556
17.924796981916515,3250205.073159393,1.976677163338584,4.94169290834646
17.485855017701613,3051801.5110150175,1.9470848816435813,4.867712204108954
17.625280712955483,2977860.6547030592,1.9112101386011604,4.778025346502901
16.275032920235553,2522748.2304452686,1.8701258077875778,4.6753145194689445
19.39890751822475,3883423.244769211,2.067238139724697,5.168095349311742
20.335714566918096,4279645.218022186,2.120213080076176,5.300532700190439
19.155331352711748,3677235.5033361046,2.0232016023222936,5.058004005805733
17.85942269683265,2875898.215217987,1.8614175347766972,4.6535438369417435
17.118511616694533,2912109.9273506915,1.9302885565987804,4.82572139149695
20.00793824243663,4047672.1652327618,2.075206971834808,5.18801742958702
16.511578316606435,2566310.904277294,1.8610682762331248,4.652670690582812
19.36245979510689,3874343.708359558,2.067096847413791,5.167742118534477
19.195042999766663,3750914.602477288,2.0425365117703245,5.106341279425811
20.533926531081015,4400607.530919459,2.1444044182232513,5.361011045558129
16.806680256597552,2815756.2493961034,1.9246225135052026,4.811556283763006
20.184049357865486,4159166.4593814965,2.0958200084595964,5.239550021148991
15.810360062987726,2220799.194189232,1.7991674641791637,4.497918660447909
20.354070915659726,4209056.179144362,2.0993355350746774,5.248338837686694
14.722022732941099,1820040.9055635072,1.7504772903501473,4.376193225875368
19.3210480245789,3788301.551417511,2.0432506640403583,5.108126660100896
18.880430697833162,3598678.886894852,2.0175668125033424,5.043917031258355
18.233534931603934,3496954.8084726213,2.031854562860929,5.079636407152323
17.166021220100625,2806921.5367080383,1.891427845477636,4.7285696136940905
19.25356183028615,3791067.771255225,2.0490082482452063,5.122520620613016
15.328487818828895,2120391.156812365,1.8082452809235388,4.520613202308846
16.13856761343242,2270501.9529549982,1.7839907332633314,4.459976833158328
13.91885122670844,1434137.6304540075,1.669766352696329,4.174415881740822
17.26097890548386,2882708.1985391006,1.9073868019142803,4.768467004785701
19.503691144805234,3907455.9283193406,2.0665671276196087,5.1664178190490215
17.756063917851495,3126272.1077169096,1.950373817727378,4.875934544318445
17.400861852018323,2984739.2704923376,1.9305740285304855,4.826435071326213
16.301382347093284,2572197.188022813,1.8852878933405686,4.713219733351421
17.98121650492255,3230186.9507250832,1.9669425500931799,4.91735637523295
17.802809966641895,3129692.3368031792,1.948040175638544,4.87010043909636
15.445667862783207,2228407.9078026228,1.8407486066817909,4.6018715167044775
17.367827955915605,2898943.546299069,1.9065136272742935,4.766284068185733
17.250813629383323,2752678.5038745273,1.864139376656475,4.6603484416411876
20.686200298856463,4537443.9854006255,2.1740714737753897,5.435178684438474
19.640924315464936,4021540.678812406,2.0917815125934096,5.229453781483524
17.81607230531992,3151583.75200273,1.952325700056373,4.880814250140932
21.34743594388211,4626253.757718519,2.1572177316599084,5.393044329149772
16.278507957513312,2539723.668377677,1.8734223089427917,4.683555772356979
19.346096207829145,3902489.395480738,2.073669414677269,5.184173536693173
18.011011955223523,3292873.175088249,1.9866817909435186,4.966704477358797
21.313820101110558,4570999.24983093,2.1435907721662657,5.358976930415664
18.46478230746691,3390735.1130017815,1.9825728494141004,4.956432123535251
19.285833749744775,3827342.959027958,2.0579304247177235,5.144826061794309
12.01343958035861,737671.2120264173,1.579211892751366,3.948029731878415
21.415001296422997,4890799.792928611,2.226440419315755,5.566101048289387
18.10717024892916,3174597.015561319,1.9397563627503513,4.849390906875879
18.435438414319428,3462452.1979225315,2.0060068721738564,5.015017180434641
17.685978411167213,3052643.667180624,1.932153863330369,4.830384658325923
16.16113147668998,2511995.3738203095,1.875483068580775,4.688707671451938
19.822237688870857,3958258.1650385195,2.0625385788565063,5.156346447141265
19.285939795273464,3852831.1178303184,2.0656269786298824,5.164067446574706
18.59856493188181,3366634.0588451447,1.9642855738310345,4.910713934577586
19.746645011189344,3938407.0912109166,2.062120894217822,5.155302235544555
19.983646982138392,4012578.0417814935,2.0687314988696,5.1718287471740005
18.000631369662145,3244064.8984808456,1.9697188528569973,4.9242971321424935
19.071044433887852,3708533.404873713,2.0387805541611193,5.0969513854027975
16.424124376028026,2446947.56295723,1.8250872340998017,4.562718085249504
17.10288815858194,2816496.4374086373,1.9014897484854516,4.753724371213629
21.837518179061988,4928655.764246762,2.2138731674855876,5.534682918713969
16.987013741886848,2737229.224519007,1.8817481220040873,4.704370305010218
17.81978532633184,3054430.9094172353,1.9216319352165356,4.804079838041339
16.71018612991393,2880410.2966625206,1.9582997895289511,4.895749473822377
20.230741533895724,4053500.645553928,2.062599864857803,5.156499662144507
17.94970861477987,3152368.9385461872,1.9452076106289655,4.863019026572414
14.072751975304243,1618255.3701764839,1.7430905371745162,4.3577263429362905
15.318970024159317,2116837.3161048666,1.8096434126628167,4.524108531657042
17.5819463652791,3102548.5747231664,1.9579308929179933,4.8948272322949835
20.091175337886646,4074019.1271873647,2.0778726115797364,5.19468152894934
19.930571743353376,4126978.999546607,2.1034966321563218,5.258741580390804
17.576509526229245,2904424.0043012295,1.8906530263740793,4.726632565935199
17.603984754958656,3146138.8007380003,1.970227404072858,4.925568510182145
17.166562268676255,2803582.7155369557,1.8902089364010788,4.725522341002697
21.135585389961697,4675734.248043427,2.1833069996779946,5.458267499194986
17.93628511291283,3271407.5342921894,1.9846659346691802,4.96166483667295
17.597207213926367,3226374.835572333,1.997025412082132,4.99256353020533
17.918904996248664,3180859.959206652,1.95598914059453,4.889972851486325
17.46641159719924,2980866.3069809563,1.9258401659696176,4.814600414924044
19.910582666639186,4053318.241806198,2.0833503078998534,5.208375769749634
21.990053641520447,4916349.764004963,2.2002116375681,5.50052909392025
16.295398047104847,2520786.215091183,1.8672687330762592,4.668171832690647
20.74136772865376,4368594.839842432,2.1228669526697863,5.307167381674466
18.818399427037512,3684397.566916086,2.047413335600713,5.118533339001783
19.361775158544848,3824356.6300658565,2.051651381390131,5.129128453475328
20.65868183995161,4421525.552181379,2.140657623607371,5.351644059018428
17.656937647447755,3055231.824029845,1.9357854148441478,4.83946353711037
19.827274895829827,4020323.667021987,2.079675423964429,5.1991885599110725
17.829444812611307,3155130.2479767893,1.9556156317819127,4.889039079454782
19.200859083929522,3627422.5040013567,2.004290800915367,5.010727002288418
16.49663494223259,2583192.135391359,1.8685390196453933,4.6713475491134835
18.62028865363086,3360519.0722937174,1.9627933783566862,4.906983445891716
16.452751264413568,2549729.664379807,1.8623825194064032,4.655956298516008
17.020200218735603,2913937.6764993668,1.939376108781246,4.848440271953115
19.52009372316086,3851450.7305046488,2.048513681031803,5.121284202579508
18.42571615753805,3309342.2693133177,1.9603608507214338,4.900902126803585
17.352815617383154,3001164.9016156383,1.941924336840341,4.854810842100852
17.903414534027217,3240488.1508591324,1.977178647244674,4.942946618111685
17.22247291996657,2936203.776108736,1.9298971855880938,4.824742963970235
19.77916993255413,3923366.3941253256,2.055632261020952,5.13908065255238
16.856162932029296,2726972.408156491,1.8905281622681618,4.726320405670404
20.811705607078167,4133207.6416621017,2.0530752403496906,5.132688100874226
18.616040376148703,3437504.0185542107,1.9849756533954985,4.962439133488747
18.773338283007448,3443852.4754214054,1.9765970897907958,4.941492724476989
21.893669618976254,5071674.227416552,2.247750726600351,5.619376816500877
16.45125343168392,2457858.5299423635,1.825063627376702,4.562659068441755
17.92350794842399,3342698.540665362,2.006484598476529,5.016211496191323
18.688987769017107,3448867.5743840607,1.9815790089971341,4.953947522492835
18.784080008203887,3608548.1441322407,2.0276582723105134,5.069145680776283
11.54749257104446,605658.4242468523,1.5968121118838687,3.9920302797096716
19.54759247288653,4038435.315124983,2.1021145126079834,5.255286281519958
18.79015971112823,3630386.612873013,2.033717739151518,5.084294347878795
18.854192796620527,3485697.554906288,1.9822865155580909,4.955716288895227
18.39044588686729,3271664.86830772,1.9497166603455462,4.874291650863865
20.14529668280163,4047321.656368674,2.0666033282927065,5.166508320731766
17.276741312636233,2966217.4451990845,1.9360196348606191,4.840049087151548
17.39704203095831,2999656.2571698707,1.9371019972992218,4.842754993248055
19.22285243196493,3755615.1908443533,2.041706766900844,5.104266917252111
17.748370677746173,2976407.968056149,1.901410068967601,4.753525172419002
17.070647502512905,2908286.958024483,1.932645258414286,4.831613146035715
19.31769272209052,3868574.787916665,2.0671474031749426,5.167868507937357
14.123452324544662,1634812.415435874,1.74121469554887,4.353036738872175
17.148482462476533,2711624.6128239995,1.8578267246087619,4.644566811521904
19.948750869752672,3955607.653532711,2.05305428391021,5.132635709775525
15.659358696827997,2225033.644436106,1.815613365446069,4.539033413615172
20.737395829772453,4268988.8203861285,2.0947839031407067,5.236959757851766
16.09919157865516,2293612.0217601107,1.7970112212531797,4.49252805313295
18.61641201056323,3606853.6485501314,2.0372249167569354,5.0930622918923385
14.526748105090803,1756303.8043640228,1.7440443398853913,4.360110849713478
19.120912212919585,3845440.5557852713,2.0739387007566945,5.184846751891736
20.27687645360836,4324869.027012249,2.1383500790520813,5.345875197630203
17.618321626994238,3036111.5390707785,1.9325839267697509,4.831459816924378
17.097729716913747,2785451.436257396,1.88781982965163,4.719549574129075
16.931730599989226,2828665.6526552327,1.9173845647120542,4.793461411780136
17.094272736245664,2819013.6942152465,1.9004283847762562,4.75107096194064
17.553267584202594,2977716.885233042,1.9178130555062727,4.7945326387656815
16.29477079234254,2536342.166668171,1.8726672583542552,4.681668145885638
19.28180300004756,3607129.734669271,1.9934355228175666,4.983588807043916
15.540826884478198,2166629.2958140885,1.8052210176662222,4.513052544165555
20.06768983229015,4296038.203541079,2.14347473232296,5.3586868308074
18.44835823637021,3343662.368514194,1.9693611106245927,4.923402776561482
15.948715792176671,2354212.714378221,1.8386424570993998,4.5966061427485
17.77686506898961,3112397.0901407786,1.9458740650776014,4.864685162694004
19.719543307214483,4012210.44716773,2.0838713857207876,5.209678464301969
19.730502230683157,4157958.0475325333,2.126774972270589,5.3169374306764725
18.21392380927067,3460090.6497991784,2.0233692972238226,5.058423243059557
14.605123537224607,1745252.1112203198,1.7303795597484313,4.325948899371078
18.510745650448477,3433771.595354112,1.9912476919024278,4.97811922975607
16.83944840565048,2793676.625875625,1.915807766585379,4.789519416463448
14.901500667743385,1959319.667667103,1.7900773556435774,4.475193389108943
19.946945020004847,4071705.2866892247,2.085269482274183,5.213173705685457
18.66695440599926,3519272.4497556277,2.0070338180720313,5.017584545180079
16.32216382007843,2264573.4343614737,1.7690614021685094,4.422653505421273
17.441385795824637,3011962.996921407,1.937296830153795,4.843242075384487
15.680670534109487,2327085.468758758,1.852935618622201,4.6323390465555025
17.38557607960125,3009089.621919089,1.9397561521751934,4.849390380437983
17.062000563785684,2898566.866279804,1.9307723806516863,4.826930951629216
16.68361568575707,2607051.540354792,1.8629519414891318,4.657379853722829
16.685523136214165,2649886.166625564,1.8765607421163664,4.691401855290915
14.943723024894084,1980570.3200760633,1.7961229105337408,4.4903072763343514
15.938069971871037,2286806.3314749934,1.8133129778694301,4.533282444673575
18.600636911603097,3539687.6587508954,2.0179356560570114,5.044839140142528
17.520453409153937,3021587.3298532935,1.9356263260405548,4.839065815101387
16.935775601396674,2709380.763686059,1.8752912037846468,4.688228009461618
19.94841960353748,4021137.545099929,2.072474590928768,5.18118647732192
16.74555205336241,2658119.007506825,1.8740859425287537,4.685214856321885
18.54259151973603,3359383.3923405604,1.9680467835003794,4.920116958750948
15.41406426449572,2166411.7839997504,1.8188100249466925,4.547025062366732
17.634224310263292,2920160.768555048,1.8910887402359966,4.727721850589992
15.801196671414663,2289726.0843078885,1.8272646959969514,4.568161739992378
15.732682863194158,2195182.191869813,1.7973700102625232,4.493425025656308
21.563389893446548,4827409.05741475,2.2003101082273426,5.500775270568357
20.208381979207736,4127640.74933578,2.0854170426057994,5.2135426065144985
20.021549095686275,4187192.760256986,2.1142258313747426,5.2855645784368575
16.886977625265075,2647073.031811774,1.8585321171286426,4.646330292821607
18.506075291844716,3388151.090043612,1.978234245102023,4.945585612755058
17.612353469335694,3063178.4328262554,1.9406756265919018,4.8516890664797545
19.094089515474934,3769809.289730301,2.0536635937118044,5.1341589842795115
20.411004182457006,4022310.4121509017,2.0451268479101343,5.112817119775336
16.82586760941365,2779089.879479341,1.9123727535380237,4.780931883845059
17.903439177994972,3295859.4728737753,1.9930397434331357,4.982599358582839
17.574376878271902,3083983.9841274507,1.9514645434556863,4.878661358639216
15.43206953304952,2107292.0539642703,1.7919958521178923,4.479989630294731
17.586931033884845,2886366.1946635535,1.8854357793446557,4.713589448361639
18.28127240662065,3537840.9745183634,2.0413629516259872,5.103407379064968
18.918199478332042,3471227.607918483,1.9749342035985753,4.937335508996438
18.194694250068967,3284224.8731387276,1.9674351836633113,4.918587959158278
18.001522642391656,3221361.970690552,1.9621781045244335,4.905445261311084
15.842518382028214,2395372.16481384,1.8646377495332065,4.661594373833017
17.00886303606528,2922864.216178528,1.94635133723072,4.8658783430768
14.574891983368676,1801719.9957305137,1.759593403615579,4.398983509038947
16.119042963870033,2386866.148478958,1.8320497298992187,4.580124324748047
16.39435587859377,2461042.5284559363,1.8346466675288324,4.586616668822081
19.58127618458052,3906188.976552712,2.061855217485111,5.154638043712777
20.006032475916612,3876976.0081985714,2.0255369662628797,5.063842415657199
13.934720984029658,1478921.7247325731,1.689098879117664,4.22274719779416
17.928151522556803,3405901.3213818753,2.0282855916314544,5.070713979078636
17.90584368558359,3202882.0471720174,1.9628775902004927,4.907193975501231
19.081885610799286,3668122.578606004,2.023825024592594,5.059562561481485
16.724130974643625,2697965.3424456185,1.8912427991014424,4.728106997753606
18.147421742309454,3331859.15002759,1.9860750667540132,4.965187666885034
15.840879188514311,2330660.9174370207,1.839056864328397,4.5976421608209925
19.009987238842353,3393261.2317773583,1.9437937895335644,4.859484473833911
20.304781112127213,4230196.888347618,2.1075631672266724,5.26890791806668
16.735137177751103,2730625.932997005,1.8995882011141956,4.748970502785489
19.31246949919696,3730194.614692569,2.025505350268178,5.063763375670446
16.13348532758152,2305487.2572128884,1.7992296189198986,4.498074047299746
16.848788444919904,2641480.4838688755,1.8579308146826294,4.644827036706573
16.460498744265273,2628879.7854532376,1.8897664727003873,4.724416181750968
16.429881035893246,2663478.8006159654,1.9043020884985258,4.760755221246314
17.120116809979113,2806565.016984497,1.8953255787428656,4.738313946857164
18.232998527413137,3454231.11461394,2.0197014821648924,5.049253705412231
20.812682320404676,4752853.484678413,2.224373693867938,5.560934234669845
17.278049664095498,2955283.1348946374,1.9322884612804327,4.830721153201082
19.971141210274656,4316112.945953153,2.155408899767025,5.388522249417562
18.22690760286283,3452736.188635152,2.0198690913569806,5.0496727283924505
18.842707664742917,3656368.631836796,2.0385318591883452,5.0963296479708635
18.993332808419837,3832093.7986748675,2.0800976827524855,5.200244206881214
15.998876249706395,2407191.642029823,1.8526219099541608,4.6315547748854025
19.540010670060546,3869368.3144104593,2.051894960784976,5.12973740196244
14.326459781145617,1669052.6932245186,1.7308684457222536,4.327171114305634
16.586009112692878,2566504.110499434,1.8549660651235855,4.6374151628089635
16.149788367819305,2406254.9610071043,1.8391776021179653,4.597944005294914
17.518229685654198,3149703.607541265,1.9775186747605868,4.943796686901467
18.374340312235084,3322719.636669874,1.9658428020414516,4.914607005103629
19.015111002150388,3671788.825838739,2.0308150002133676,5.077037500533418
16.171981410026515,2351896.158507212,1.8135214876073185,4.533803719018296
18.657764564136016,3394695.4904894875,1.9672313088669449,4.918078272167362
18.444215130480334,3451850.23730227,2.0008015478926193,5.002003869731548
20.777238212849646,4232502.135658242,2.0819215814115988,5.204803953528997
14.921555171340263,1940865.2621522546,1.7785378504489922,4.44634462612248
14.531240745001694,1809215.3387136003,1.7689236209096852,4.422309052274213
19.122625086701973,3632662.2494680695,2.0116728030737563,5.029182007684391
20.856049384376817,4600132.735450086,2.1799702145895066,5.449925536473766
18.477903038048172,3403987.428457508,1.985546350123523,4.963865875308808
17.497929788985367,3039417.8243708787,1.941364616939503,4.853411542348757
20.678355309208897,4308026.207370758,2.108840079303663,5.272100198259158
20.518236051332273,4350301.73564595,2.130137366428407,5.325343416071019
20.88655119640763,4533175.7393778525,2.1606477211925124,5.40161930298128
15.514948046371636,2153841.050023701,1.8019836863468497,4.5049592158671246
20.051690940219213,4066875.92941714,2.077624536200364,5.19406134050091
16.766663953534856,2642765.425411444,1.8692940953190498,4.673235238297624
19.754758012886796,3914620.303302466,2.05467084338352,5.136677108458801
13.711582676445545,1421851.777615223,1.693360291390175,4.233400728475438
18.310303246448466,3453993.9813851416,2.011100165419347,5.027750413548367
10.12587241110785,46991.11243648827,1.4973372856390068,3.7433432140975174
18.354483106723542,3504497.492799922,2.025849133763534,5.064622834408834
17.43539155232854,2999533.3127877153,1.9322548007931084,4.830637001982771
13.835709833581888,1487657.5309939552,1.710393771238726,4.275984428096815
19.263061143650106,3886801.023594211,2.0764609571880817,5.191152392970205
19.9959669596532,4094009.9647801165,2.089415949068475,5.2235398726711875
19.39119558047018,4010813.3061843487,2.1057000955688308,5.264250238922077
20.157969291131693,4340832.998340972,2.1491250014559062,5.372812503639764
18.245667393369104,3064667.3254884444,1.895877182009583,4.7396929550239575
17.847921858940975,3246622.9353113584,1.9846957356006338,4.961739339001585
19.026259881954523,3615608.3298461884,2.0144441506545006,5.036110376636251
20.234085660960833,4239908.840459252,2.115850342231205,5.289625855578013
16.64761232611798,2640786.669039854,1.875110327914696,4.687775819786739
13.683182518015812,1402988.50946768,1.6885194137044992,4.221298534261248
19.746894454503106,3959688.1348012425,2.0665948970691357,5.166487242672839
16.561307794574653,2747880.2005649786,1.9232301739268622,4.808075434817156
18.659218643652075,3400977.9299496794,1.9716848318506035,4.9292120796265095
19.648008189215282,3993127.383334649,2.082090391119926,5.205225977799816
17.027491973028354,2760181.7707084157,1.8830463733478722,4.707615933369681
18.970998852987808,3670554.076891536,2.0306905776375483,5.076726444093871
17.09446339208189,2840382.231882116,1.906762775498564,4.76690693874641
15.685263117579673,2146989.002473614,1.782460109752681,4.456150274381703
17.737348518713382,3039980.4325634744,1.9233045767695558,4.808261441923889
17.588436067413316,2991649.508969837,1.920888775945011,4.802221939862528
18.418540009196448,3323824.3800129853,1.9645763597160504,4.911440899290126
18.705637111335506,3542762.930367996,2.0135894968684402,5.0339737421711
20.261512492755386,4174435.2980627604,2.0954170742127465,5.238542685531866
17.737280910363552,2997028.5583318947,1.9083494475278222,4.7708736188195555
18.819518976886073,3428382.4862032635,1.9678209488869396,4.919552372217349
18.84295423238982,3642445.477360363,2.0335014062632366,5.083753515658092
19.85752426226266,3956720.7873594873,2.056081616059347,5.140204040148367
18.141629962833417,3257214.913294295,1.9613970160566951,4.903492540141738
19.264956750570605,3854356.0495320484,2.067214284812114,5.168035712030284
19.221277785444023,3761587.362657249,2.0450889459409143,5.112722364852286
17.423498733547447,2870665.921492246,1.889492641131097,4.723731602827742
16.97237539767924,2707604.3496258184,1.871887237576063,4.679718093940157
17.334155056656876,2875034.2450916087,1.8995368704762476,4.748842176190619
15.700582531749552,2336545.212371707,1.85489307472057,4.6372326868014255
19.18721849050766,3710893.0049458817,2.0285442596010737,5.071360649002685
19.05576455367126,3557471.496971282,1.9926028287939288,4.981507071984822
18.961011030467255,3773030.1446872363,2.0634389868470553,5.158597467117638
18.04812208312867,3185861.399657687,1.948464286289063,4.871160715722658
14.819457590714036,1897389.4268470714,1.7716220057405687,4.429055014351422
19.38796062494086,3962375.301982605,2.092746600745997,5.231866501864992
18.81666988601316,3521845.9783810554,1.9966583371192894,4.991645842798223
17.151095624385814,2769434.7143373406,1.8777336406939,4.69433410173475
17.57570870667311,2971714.9654634623,1.9142366320227302,4.785591580056826
18.18634870543896,3332594.6128962934,1.9849667902988843,4.96241697574721
18.445636357206773,3472705.131599106,2.0081736190654493,5.020434047663623
16.713064810432865,2591952.6400524527,1.8552549861428698,4.638137465357174
18.7344899215929,3532132.122643891,2.0085525436412976,5.021381359103244
21.41867138931184,4783478.181405178,2.1973215520561076,5.493303880140269
18.363467488248688,3537595.4201889206,2.036527889503824,5.09131972375956
17.799355766740057,3330018.9139906242,2.0151308901075424,5.037827225268856
18.383720195407104,3439631.6409223564,2.0028062392281587,5.007015598070397
15.262824706744404,2080125.657126192,1.7992357736809865,4.498089434202466
17.559105051800515,3023810.077152293,1.9306619773874327,4.826654943468582
14.58988955478464,1742775.4258256499,1.731692314474853,4.329230786187133
20.66385558285282,4159546.584565066,2.067065222717236,5.16766305679309
22.168195197548357,4730206.557180369,2.139759302078652,5.349398255196631
17.56803504717286,2897446.283999551,1.8892629984029874,4.7231574960074685
22.534851468201023,5230562.279395279,2.254360833226685,5.635902083066713
16.830312553948403,2637117.5890523745,1.8587836661497663,4.646959165374416
16.744710950925224,2580903.1281852825,1.8475198113918763,4.618799528479691
20.455491033929405,4339290.305602854,2.128306306345847,5.320765765864619
20.491826109751223,4196560.624831804,2.089534385721363,5.223835964303406
17.137322457566185,2870668.8703578217,1.9159890545051848,4.789972636262962
18.214323346258343,3328803.3449722454,1.9818814346813272,4.954703586703318
17.70245638955197,3124859.8557223603,1.956345453549687,4.890863633874217
15.399113130877273,2269117.718028905,1.860459958471744,4.65114989617936
16.98057223914553,2792360.975963142,1.8990073428596839,4.74751835714921
22.116937963579364,4948179.47458829,2.2023902682391934,5.505975670597984
19.346110623629098,3758013.3972603157,2.0316132336932644,5.079033084233161
16.82695151237219,2765015.546074467,1.9050662896500927,4.762665724125232
17.876671801328435,3099473.276810823,1.930944027935283,4.827360069838207
15.790595932054497,2331875.269377226,1.845156435353734,4.612891088384335
16.1508470803869,2424512.270075582,1.8415216597339283,4.60380414933482
18.325839211014205,3285039.3808191214,1.9583033185884238,4.895758296471059
18.86892015394499,3571092.218755237,2.0101723850409416,5.025430962602354
17.699483615854916,3048880.8929698113,1.9298399936156683,4.82459998403917
16.14866852127721,2320827.1274952358,1.8043234793228529,4.510808698307133
17.666620871902204,3054819.2382696653,1.9333989852283873,4.833497463070968
17.969953678646068,3284804.1757034156,1.9852641051960822,4.963160262990206
18.729551100548548,3609727.972011974,2.029392583251427,5.073481458128566
17.694504550380042,3053601.0916299103,1.9324446108646698,4.831111527161674
16.787724645464984,2800611.8630635124,1.9229682401307202,4.8074206003268
15.101845128410751,2100464.7150851516,1.826746455509905,4.566866138774763
17.33423132575156,2986182.9484174345,1.9391078721649821,4.847769680412456
16.321225840026244,2439803.4452314377,1.8319515382678975,4.579878845669744
18.524903610639008,3434995.7587434314,1.9910580839551941,4.977645209887985
17.95851415334222,2991628.871917353,1.8908579488058568,4.727144872014642
20.411526720573537,4032351.406586613,2.0475207940377467,5.1188019850943665
19.077585622473837,3831236.819035273,2.0735823485567058,5.183955871391764
15.041399691157963,1953394.570525839,1.7714826713041063,4.428706678260266
17.741073281723985,3186029.3885886483,1.969946803993225,4.924867009983063
14.257327486059967,1616768.7534856861,1.71524865785114,4.288121644627849
18.937696242173097,3637986.0116954893,2.02339304872301,5.058482621807524
17.50787458647909,3024633.1975205466,1.9374830615835934,4.843707653958984
17.213353621941607,2839526.2874277756,1.8980541271435722,4.745135317858931
17.70644932601375,3251144.115517766,1.9946799017987296,4.986699754496824
18.413897916105192,3532751.2858371986,2.028251830090533,5.070629575226332
16.5082856201995,2551765.1036407687,1.8577290298602287,4.644322574650572
18.75429550435641,3395711.0770633584,1.963124859133479,4.907812147833697
14.871957085240517,1845343.5539514786,1.744668659148471,4.3616716478711774
17.749239564732157,3084978.536538963,1.9383013038400456,4.845753259600114
18.837482575878894,3730552.748815084,2.0604719765507893,5.151179941376973
17.295012884300775,2963743.7011424247,1.934148880826094,4.835372202065235
17.958058676173106,3296668.1382023133,1.9898969089858205,4.9747422724645505
18.272016165262816,3281094.0957542025,1.9608863835857966,4.902215958964491
17.4945816833856,2908431.1502547693,1.900253050529334,4.750632626323335
16.04411434804853,2447379.8053214485,1.8627435255035483,4.656858813758871
14.951701487243652,2014216.8213756792,1.80653874105696,4.5163468526424
17.507574107953626,2901732.577722311,1.8944794378648624,4.736198594662156
20.367271691888966,4176544.1915491177,2.0894439851742463,5.223609962935615
16.06587463720235,2537130.908682612,1.892653762680223,4.7316344067005565
18.521020771501195,3478856.750300927,2.004697725277189,5.011744313192973
15.811489286376457,2271515.474854081,1.8187540975685497,4.546885243921374
18.252807771542233,3260580.8013705416,1.9572515908334736,4.893128977083684
19.453379344126787,3890254.9906908358,2.0636641637590802,5.159160409397701
17.589498988892483,3041947.5283581754,1.936893599512431,4.842233998781078
15.02280841142074,1979572.0451087533,1.7836576032337907,4.459144008084476
17.178473884506285,2873296.876240953,1.91309711952046,4.78274279880115
17.85411906000032,3200705.55361964,1.9662549717494093,4.915637429373524
19.90538050796504,4018990.140834502,2.0717335890123993,5.179333972530999
17.02388238773993,2745271.9687317945,1.88049081160173,4.701227029004325
16.10028234286929,2370987.9506588206,1.8277652504501871,4.569413126125468
19.315344571264227,3794273.293038957,2.0445916575997187,5.111479143999297
20.36517967381719,4193803.9614664353,2.0957665155047445,5.239416288761861
17.28686105168835,2945517.797661552,1.9286290050879904,4.821572512719976
18.390080819724332,3319566.198428072,1.9649348483061693,4.912337120765423
17.70502576863706,2891245.639805518,1.8760615923339925,4.690153980834981
16.34902601376469,2700621.7596163778,1.9267232210111886,4.816808052527971
17.96052129742385,3241968.3035654705,1.9717284444385692,4.9293211110964235
16.431225990505794,2538926.8549949843,1.859690114653936,4.649225286634841
18.213718576843398,3328078.0497580897,1.9785129568700872,4.946282392175218
14.54546709415463,1771307.1253345748,1.7481104620721042,4.37027615518026
17.744418481399382,3063191.8278485434,1.9309966860917038,4.827491715229259
16.192428035908367,2492570.5225526663,1.8649451942324735,4.662362985581184
15.664976443328381,2209286.2774322405,1.8096884392100037,4.524221098025009
21.088272577634925,4539640.653928323,2.147010470535974,5.367526176339935
17.120912567388235,2767281.3750621043,1.8797805741504479,4.69945143537612
18.353745812843837,3405581.64811394,1.9953257722722724,4.988314430680681
17.688395626031394,3062092.2860767655,1.9358161903002482,4.839540475750621
18.34583163212389,3489508.200355484,2.0229062479547903,5.057265619886976
18.5571298473328,3506041.550735336,2.0115003204844504,5.028750801211126
19.54237670729828,3796942.6149708647,2.031465339320967,5.078663348302418
17.9271405875997,3316707.932544277,2.0002526073791786,5.000631518447947
18.83531309050803,3570002.4143398562,2.012242149613853,5.030605374034632
18.342085260518992,3184485.5362731405,1.9264935372229919,4.81623384305748
17.202664625726637,2878786.4803195084,1.911530656336525,4.778826640841312
17.181734333294774,2920983.9115526695,1.9287232555156666,4.821808138789167
17.171623092284282,2867362.5731370403,1.913371061269654,4.783427653174135
20.639464436306596,4337387.3280567005,2.120480229294078,5.301200573235195
16.59234449903735,2454677.978261429,1.8144264927241935,4.5360662318104845
18.46663556469359,3313954.848506838,1.9590635191001013,4.897658797750253
17.50884572656983,3068083.4139202517,1.9507677494089999,4.8769193735225
16.607179682060156,2551310.3522230983,1.8478748910045442,4.619687227511361
18.995105286763845,3815099.073975417,2.076918296248457,5.192295740621143
20.189589607723192,4371234.193614006,2.156395499380015,5.390988748450037
14.69945081593309,1848740.741115829,1.7653333954765404,4.413333488691351
20.78201608466166,4646744.44430673,2.1982252565722815,5.495563141430703
19.50426670722285,3862687.4299736293,2.054289614092734,5.135724035231834
14.54474852678118,1749944.0030479394,1.7415190856655292,4.353797714163822
17.375971745662188,2820511.34955531,1.8802763821575414,4.700690955393854
16.77345011492266,2628067.786142499,1.8599943612802192,4.649985903200548
17.412547290045687,2949976.183646607,1.91749962761321,4.793749069033025
19.033251123703508,3695281.999651732,2.0345019055348197,5.086254763837049
19.011975170448903,3674444.1878576614,2.0298599508337163,5.0746498770842905
18.461793030840635,3497218.720062701,2.0124708408887404,5.031177102221851
16.816210174278744,2751603.159724812,1.9012071007858853,4.753017751964713
17.103465582643373,2682471.848864604,1.8522530925358391,4.630632731339598
17.48812878005872,2992289.914538529,1.9271740234455004,4.8179350586137515
16.87308949429156,2716582.8532559816,1.8860824742390048,4.715206185597512
16.990234234774526,2977579.2671077102,1.9657783316685404,4.914445829171351
14.840843760208866,1852724.0731542967,1.7507730315439325,4.376932578859831
17.013674387944832,2811300.2628606865,1.9047302792152674,4.761825698038169
17.2541559044989,2799188.1335467603,1.8814624491208338,4.703656122802085
16.88266295303984,2742514.800788612,1.892905051801064,4.732262629502659
18.97812809353865,3611072.7971199444,2.014863776311643,5.037159440779107
16.773964604946045,2674736.248476105,1.8774115856629088,4.693528964157272
20.698606968727095,4374420.620077928,2.1251702029708537,5.312925507427135
21.978421776673883,4867811.789616584,2.1871283446869594,5.4678208617173985
17.982651479289324,3212421.990061963,1.959973802215951,4.8999345055398775
17.766457308308283,3142782.3600662034,1.9552565039147005,4.888141259786751
17.808723460125186,3172718.165885196,1.9598181663780887,4.899545415945222
14.056351232597763,1591515.641017451,1.7291382430204787,4.322845607551197
19.828135824524338,4016505.079149084,2.0758247520250848,5.189561880062711
20.63204588222376,4378788.791370884,2.1308318007319422,5.327079501829855
17.49475975076724,2726037.71863629,1.8383574675359302,4.5958936688398255
17.888317738596115,3103674.5710515706,1.9315614406868002,4.828903601717001
18.549199383983517,3348001.63317453,1.9635857772569463,4.908964443142366
17.9545539177135,3134790.0981227867,1.938375133390501,4.845937833476253
18.383018233827507,3438447.7462132117,2.0027074680180967,5.006768670045242
15.993572750768848,2309896.018020615,1.8144621433619619,4.536155358404905
19.79702432207344,3922306.798223338,2.051317545153278,5.128293862883195
21.342135401337426,4575665.315150796,2.1446445575856283,5.36161139396407
17.863935940952615,3211143.796427032,1.9684785041362434,4.921196260340609
18.69022543331884,3700361.0966400225,2.063227558049523,5.158068895123807
22.027326177288288,4936919.298852012,2.206347444806805,5.515868612017012
15.275308612978545,2059332.240023978,1.7883610169398256,4.470902542349564
18.21243845597378,3450910.7477460457,2.0195142779692037,5.048785694923009
17.979486055294135,3146053.742976494,1.9419090213157386,4.854772553289346
20.678809172985524,4521973.849340309,2.1678885911819106,5.419721477954776
16.01584725593885,2498019.8485790705,1.8833077720119282,4.70826943002982
18.145369380198684,3267547.712613578,1.9651793125795691,4.912948281448923
22.448390398718953,5252022.68508561,2.267343255198677,5.668358137996693
18.459038693762352,3461057.1972236168,2.0036776951857003,5.009194237964251
16.855178715636843,2813036.7120086104,1.920153640764074,4.8003841019101845
17.134260427366232,2846282.4098989116,1.9067533430043473,4.766883357510868
17.31832528237607,2892679.506058095,1.9080613650854974,4.770153412713744
14.744322407255183,1885020.369641766,1.7757868439907036,4.439467109976759
18.932423699559674,3587475.3210147433,2.009143536330286,5.022858840825714
18.52631337499673,3439786.7174855135,1.9920400120816237,4.980100030204059
18.068325296558243,3257401.906008113,1.9680219493138902,4.920054873284726
18.19349811732551,3373519.903536319,1.9976956806681587,4.994239201670397
15.914439305047146,2399809.7152328193,1.857562408025027,4.643906020062568
20.178938924992295,4252647.64822678,2.1236206066678522,5.309051516669631
16.021031987977707,2476617.439017428,1.8754264362254023,4.688566090563506
18.09228684251265,3236844.397349973,1.959672335229756,4.89918083807439
16.265796328544436,2381796.9396076268,1.817010404157199,4.542526010392997
18.873309817962557,3344994.660739622,1.9393869366764858,4.848467341691215
14.5643674272816,1753630.4993223092,1.736960438054173,4.342401095135433
19.79818310432153,3941113.147635865,2.0579533151356184,5.144883287839045
18.314499664491613,3386256.9242890533,1.9901693830938372,4.975423457734593
19.390046797661054,3804626.7311345246,2.044587652137521,5.111469130343802
16.582134404362137,2545493.8851468647,1.8484925992149082,4.621231498037271
19.7916815883165,4154146.662573592,2.1203757822394684,5.30093945559867
17.16109597505675,2832104.684290724,1.9001536907418095,4.750384226854524
14.619963034364659,1726126.2770620696,1.720921518013146,4.3023037950328655
13.58253279333801,1409566.7759814952,1.706027764625872,4.26506941156468
20.907004590964352,4657404.228836137,2.1914333644906745,5.478583411226686
18.76761856768374,3639701.082882614,2.0377065494047364,5.094266373511841
18.555442557501856,3572662.2828253442,2.0325197267784527,5.081299316946132
16.669202986777144,2622928.28700204,1.8680230463332952,4.670057615833238
14.13002296115371,1615551.127872442,1.7310992571004615,4.327748142751154
18.722535280128284,3522611.4090240104,2.0032309287103556,5.008077321775889
17.07494736055011,2675356.0955631873,1.853042535897169,4.632606339742922
19.05214191144713,3796574.1300762845,2.0657136236485494,5.164284059121373
20.32458214311148,4238954.193807365,2.109169846228935,5.272924615572337
19.06208619873846,3685442.87816645,2.0307485848589577,5.076871462147394
17.418189337572485,2990708.2452257685,1.9345210565894604,4.836302641473651
18.09384474252349,3077151.1269589523,1.908476423695545,4.771191059238863
14.527591516318527,1787369.6542604743,1.758873248798442,4.397183121996105
16.960381752630795,2737807.489254525,1.8847847623616163,4.711961905904041
15.695144228655522,2232944.3889895845,1.81536430675267,4.538410766881674
13.634593357648384,1401030.911970714,1.6937056227193539,4.234264056798384
19.356610955514487,3791899.9681302207,2.043556126227578,5.108890315568944
17.201556198864765,2822334.4244042058,1.8936886969237576,4.734221742309394
21.726989603896808,4798660.291070982,2.1845492375438442,5.461373093859612
21.949467329862117,4809136.864237957,2.1745559851767435,5.436389962941859
14.47205194937995,1633547.63276406,1.695369037929513,4.238422594823782
17.384735334393685,2865248.709795571,1.8933462095989895,4.733365523997474
19.097033365133353,3620436.8343233177,2.0078333986074037,5.01958349651851
13.949730654376523,1569427.5564030567,1.7320043787789383,4.330010946947345
16.658472913665733,2618787.6850794004,1.8671051320480327,4.667762830120082
17.80099604236385,3161698.9669139422,1.9562650602953469,4.890662650738367
20.381912032285253,4211337.418520752,2.100959556574707,5.252398891436767
15.576838782076985,2258511.6718467223,1.8366108287375267,4.591527071843816
17.25289990539882,2878988.038959356,1.9075761788826573,4.768940447206643
18.720646662612815,3571494.555686687,2.019118052781958,5.047795131954896
18.463002309834998,3424117.937170651,1.9925578881193373,4.9813947202983435
16.625562148002125,2685259.0624630433,1.8955551468279959,4.738887867069989
10.462759201201033,176584.3438553298,1.5263704371269893,3.815926092817473
19.70602742013996,3969941.0119318375,2.0718392298819004,5.179598074704751
19.161145135625368,3626192.7408650173,2.005341002536141,5.013352506340353
20.074936663781862,4220736.870798656,2.120905834914376,5.30226458728594
17.854669877653826,3072650.1673232038,1.9239608592698165,4.809902148174541
18.21856274675797,3218050.07770429,1.9462079896564455,4.8655199741411135
18.4610159569605,3403712.6739992686,1.9841387922934213,4.960346980733553
16.063318537374016,2373202.4122214597,1.8330864834818947,4.582716208704737
15.438387282207898,2141541.3073977167,1.8062777462722566,4.515694365680641
17.990807793632733,3304261.627929477,1.9894754380732038,4.973688595183009
18.35400593262373,3327220.4585843245,1.9695481497715537,4.923870374428884
17.72936770206337,3087917.442857992,1.9396851909104675,4.849212977276169
15.990069978018063,2302198.3676896673,1.8140453073224743,4.535113268306185
16.7842251844484,2757102.807950305,1.9069975249792572,4.767493812448143
17.316646911845048,3020447.3832346173,1.9497150715432532,4.874287678858133
17.11924404729541,2766485.9492400084,1.8801882559378844,4.700470639844711
18.853734435572033,3653037.408542863,2.0331743437334513,5.082935859333629
18.716784378605556,3537129.4768851027,2.00845583476978,5.021139586924451
15.721272363975892,2153447.591000789,1.7807728423684168,4.451932105921043
15.791912839555678,2379709.8667265465,1.8632155189317317,4.658038797329329
16.572711943686393,2547685.010037978,1.8493974514821145,4.623493628705287
20.575786118482053,4258771.82539248,2.1001571766281106,5.250392941570277
19.223639178634745,3771036.5016943775,2.044423168370801,5.111057920927002
17.83316699490505,3115815.535822029,1.9419272721163838,4.85481818029096
17.795973660369558,3148308.5000226228,1.954603701460474,4.886509253651185
18.672721256498637,3496739.468724562,2.000786666266816,5.00196666566704
18.42061702112896,3408657.1173008494,1.9903238869572737,4.975809717393184
18.114672399402053,3268645.9717638018,1.970154881441562,4.925387203603905
15.844448454120075,2239334.7944667814,1.8021734450365785,4.505433612591446
16.788440478052014,2840269.551866507,1.9349319814701356,4.837329953675339
18.81361084223112,3600396.302265891,2.0217689461014032,5.054422365253508
16.54973659421175,2624995.727168219,1.8807142596026205,4.701785649006551
17.6621324655293,3125994.529110238,1.9590108820517749,4.897527205129437
18.88868815091196,3744088.3910006005,2.0603150609897116,5.150787652474278
16.898136877454938,2753477.2556657717,1.8940463266275915,4.735115816568979
16.7845277382757,2738518.064501536,1.8993245991634318,4.748311497908579
19.557098229269144,3808883.1988325473,2.035599714423091,5.088999286057727
15.324433586120811,2151638.4958640737,1.8214610248135403,4.553652562033851
19.290400214504523,3782525.4212316023,2.0449493204713276,5.1123733011783195
16.040657539575243,2380224.2664674297,1.8386285122883175,4.596571280720794
17.992732554587732,3164052.168520706,1.9450987665675201,4.8627469164188
16.97733705216318,2792682.5762473037,1.9008527019805406,4.7521317549513515
21.48094136645373,4859933.059308484,2.2129840702404016,5.532460175601004
17.540790602474043,3039707.9116504174,1.9378710276092042,4.844677569023011
17.27816553027497,3063404.8568327446,1.9673770249344535,4.918442562336134
21.117837491798895,4531928.217527386,2.147592709184529,5.368981772961322
20.320025388394303,4189803.4160623197,2.0959965473471223,5.239991368367805
18.584337663655816,3532664.974596847,2.017020266320253,5.042550665800632
17.07068827696996,2780673.069564401,1.8890092651721768,4.722523162930442
16.6062232976663,2801492.583153383,1.9404526992610083,4.851131748152521
18.90457052342216,3663963.5139365112,2.0349979224049197,5.0874948060123
16.453294645873996,2668901.619275407,1.9052241470254316,4.763060367563579
19.70512365451431,3965256.176815495,2.0745852716861695,5.186463179215424
18.18290298823726,3306913.690788811,1.975148100292248,4.93787025073062
19.218914862163228,3780219.2932817573,2.049240871189678,5.123102177974196
19.71962102822591,3948465.2551737726,2.0629580096262727,5.157395024065681
17.187625441226338,2829187.7487692563,1.8971121377902083,4.742780344475521
19.934058462869576,4223575.45702792,2.1289733279617034,5.322433319904258
17.732267913345147,3257264.8007401414,1.994831469490491,4.987078673726227
17.33834856919112,2961291.1573380763,1.9308900998181142,4.827225249545285
19.076409139249574,3713334.761090342,2.038232584025544,5.095581460063861
17.68626697637583,3208681.653088239,1.9835344012022562,4.958836003005641
17.064205657490493,2742617.5459493212,1.8769984846509855,4.692496211627464
16.3468667289099,2568467.962287439,1.877080037424548,4.6927000935613705
20.55809333047074,4195222.935796066,2.0847259631377586,5.2118149078443965
17.809843022660708,3035197.15913451,1.9174081713051598,4.7935204282629
16.997967268043457,2839561.682746918,1.916175494095923,4.790438735239808
17.969730141164607,3165549.9893977176,1.9474809804179951,4.868702451044988
17.892384429598728,3152085.944079726,1.946395674853702,4.865989187134255
19.69447816868348,4119213.7833558945,2.117753791151648,5.294384477879119
15.462113278550271,2205946.7775159376,1.8282755987338029,4.570688996834507
15.518457556429222,2223428.902456589,1.8296629131586268,4.574157282896567
15.052641922710208,2100809.1718561705,1.8319841658153222,4.579960414538306
14.481524371811606,1737606.776155429,1.741910550253161,4.354776375632903
16.364114883455883,2532145.9284586264,1.8619936953149132,4.654984238287283
19.435661861269637,3968322.2796264654,2.0904328981128937,5.2260822452822335
16.365209214759968,2577529.591248816,1.879867631994424,4.69966907998606
19.512881025231167,3811408.3104563523,2.0363434784893637,5.090858696223409
17.478936693994875,2973360.135816318,1.9196309897724877,4.79907747443122
16.127730916131846,2334150.643941572,1.8119574597216743,4.529893649304186
18.27965912335163,3488347.7224862147,2.0262456191943654,5.065614047985913
17.419696334978397,2926961.3881392255,1.9107997143363085,4.776999285840771
16.556533223090565,2673661.4956996236,1.896329624489747,4.740824061224368
16.90713286150547,2685664.8580633,1.8710781861399628,4.677695465349907
21.969243131906335,4772203.027604581,2.163562806067647,5.408907015169118
19.040027755622347,3830696.697187024,2.074770616565367,5.186926541413418
21.921889342122512,4928568.538020882,2.2070461203423757,5.517615300855939
16.991855618369488,2750251.472264029,1.8853456610082433,4.713364152520608
14.478499985727456,1698345.1578482147,1.7234264482647952,4.308566120661988
16.686988122973133,2656152.5081353625,1.8779236639402506,4.694809159850626
17.495302397272482,3015964.2163359504,1.9329463299800138,4.832365824950035
20.000059806177696,4120428.4971832046,2.0972908276538087,5.243227069134521
18.877120525506342,3596469.7406772925,2.014022987169344,5.03505746792336
18.406963072837712,3392001.8975450126,1.9862531387470819,4.965632846867704
19.9665888931027,4134125.066631317,2.103158800175386,5.257897000438465
18.741585522204197,3590969.663297654,2.025003796182225,5.062509490455563
18.76615074243475,3637774.8851459417,2.035736241478923,5.089340603697307
20.999867336729118,4717251.421076694,2.202321923016128,5.50580480754032
18.281231752132765,3167786.665132479,1.9244292771642397,4.8110731929106
17.61335565643456,3136811.708145708,1.964841025051146,4.912102562627865
17.42248991530797,2959243.7050914755,1.9199629802934788,4.799907450733697
16.14874776919386,2472253.6560551366,1.860988407901231,4.652471019753078
18.39151724320296,3278338.2963330094,1.9523931445328806,4.8809828613322015
16.675359324886664,2718034.889261041,1.9025460425769412,4.756365106442353
17.210303825765916,2849404.1311169555,1.9020663685979164,4.7551659214947914
18.97619284638008,3678036.9755180096,2.035950671788515,5.0898766794712875
18.512859020697103,3433059.1069425773,1.991414912064387,4.9785372801609675
17.963418950768716,3232293.2272281265,1.9676409346801569,4.9191023367003925
16.9487034946175,2796828.7712951303,1.9055861418589823,4.763965354647456
19.401293061334222,3865705.4835682455,2.06363185766152,5.1590796441538
17.150452016425042,2955141.82896866,1.941282523724424,4.8532063093110605
19.146856816923762,3636107.016515229,2.0102236213262876,5.025559053315718
19.91564742056171,4022158.9139902983,2.075181941002272,5.187954852505679
17.811554539808583,3224897.9076903304,1.9787417725867682,4.94685443146692
18.09862861963447,3285371.2969228746,1.9747330327054546,4.936832581763636
19.248122454196093,3665393.7447391516,2.0122932533175355,5.030733133293839
17.446960438949468,2994835.1613396658,1.9316252958583988,4.829063239645997
16.46942703001184,2536890.684549939,1.855495512776809,4.638738781942022
16.09928546674302,2417455.7811818663,1.8448717643591832,4.612179410897958
16.306661720994242,2470226.05493013,1.8483089974903826,4.620772493725957
18.966747558658614,3617115.6432250673,2.0154965677376615,5.038741419344153
14.674945532545669,1774630.7653879486,1.7333836247289824,4.333459061822456
19.76170011375389,3828002.5410798425,2.0297424612150814,5.074356153037703
18.702093179650614,3511718.0987147465,2.0019078206861844,5.0047695517154605
18.445782407788712,3653786.9729440995,2.0652014828762653,5.163003707190663
20.352852917560547,4514462.231648365,2.187816580778745,5.469541451946863
17.457395051080372,2873944.881421201,1.8906245454278037,4.726561363569509
17.67389941828266,3046077.8962745043,1.930917454492448,4.827293636231119
19.488369482465593,3945953.673961805,2.078863714837572,5.19715928709393
16.156795945256384,2442043.2410882395,1.8488409671212271,4.622102417803068
15.469268465162255,2150024.1918737385,1.8040661983395734,4.510165495848933
14.993181525862065,1939869.939980126,1.7731962521568507,4.432990630392126
14.874909618786635,1962155.905161365,1.793949251078355,4.484873127695887
17.878431777717086,3247794.9417992793,1.979343974778989,4.9483599369474724
19.86158004509342,4074768.015857474,2.092420290273379,5.231050725683447
19.783543033122754,3929517.9134737523,2.0550915829931915,5.137728957482978
13.997499588238703,1635519.1613531793,1.7613232019996972,4.403308004999243
20.131546830409963,4061110.4353497913,2.0714046872815444,5.178511718203861
15.25555435674013,2019100.956478931,1.7765149871087953,4.441287467771988
16.524021141117906,2614955.844871938,1.8780306984868478,4.6950767462171195
21.686002633025247,4936459.9351121085,2.2225539059283927,5.556384764820982
15.454050986528012,2183631.700706087,1.8206886413433525,4.551721603358382
16.47440492283785,2542678.1513039917,1.8575295782290098,4.6438239455725245
16.4466180448509,2489698.6778527806,1.8394670346960214,4.598667586740054
22.47020651814944,5333674.853928236,2.284229028806153,5.710572572015382
15.676701524555181,2187592.445240776,1.7984246379687387,4.496061594921847
16.0727481734914,2386043.950940162,1.8359646937391023,4.589911734347756
16.559330995043588,2653555.3607969442,1.8887285834963594,4.721821458740899
18.85192156762534,3578688.3526925845,2.011247737930345,5.028119344825862
19.11138805316881,3604653.2048087316,2.003422581665418,5.008556454163545
18.468950603386936,3469820.590684048,2.0060261129368566,5.0150652823421416
20.22357019286587,4292883.627230507,2.131627125580483,5.329067813951208
15.89252341363412,2416841.755958777,1.8673532037214535,4.668383009303634
16.005511129867678,2426825.4001480713,1.8594799399934276,4.648699849983569
18.22535157188789,3363255.4356790576,1.9883358897409544,4.970839724352386
16.186099483905146,2400946.687183949,1.832068211803662,4.5801705295091555
19.11046022250591,3856796.2250759136,2.0800142939790427,5.2000357349476065
16.531594670304095,2648227.946806496,1.8883583629488605,4.720895907372151
16.064309731562076,2423685.844468331,1.8504617985572402,4.6261544963931005
20.378217528328268,4122781.1108672284,2.075162075210839,5.187905188027098
18.406059308037847,3505380.918963438,2.0192608130797436,5.048152032699359
18.037358008861947,3278021.1399482526,1.9801112496884794,4.950278124221199
17.359930363801055,3101954.7343641957,1.975551634047491,4.938879085118727
20.356618412732487,4079558.9835488973,2.0653955654128047,5.163488913532011
18.00160315783812,3320107.9206641754,1.9924745880506012,4.981186470126503
17.537498250515405,2896457.1251702094,1.890472581583304,4.72618145395826
18.06196233879971,3105048.8376639616,1.9200562629013234,4.8001406572533085
19.67542641866633,3887056.069446468,2.05067271507134,5.12668178767835
18.488085719297853,3299065.1133614033,1.9504467782430832,4.876116945607707
19.008516735524196,3599840.87380071,2.0076587547266143,5.019146886816535
17.546229261638956,3062508.8481585877,1.947211328057313,4.868028320143282
20.450460848903653,4418762.9003745895,2.1523589577663174,5.380897394415794
19.206149580405917,3704092.9454711014,2.0252831711500323,5.063207927875081
17.901958964954968,3160146.735089767,1.9498431693531117,4.874607923382779
16.350102973561498,2504399.38739145,1.853797571694946,4.634493929237364
17.642469717073105,3128698.2985910214,1.9619921572455667,4.904980393113917
18.068881066676013,3251195.756936567,1.9683813550497393,4.9209533876243485
18.224474349850063,3358336.7481252234,1.988992935702796,4.97248233925699
19.808513816584615,3916133.542876223,2.0499716907311005,5.124929226827752
17.62491830314874,3121045.239854944,1.9583324431644984,4.8958311079112455
17.9091497515226,3343349.3779443745,2.0092183608760656,5.023045902190163
18.330348306640754,3335589.9347354183,1.9730703390572515,4.932675847643129
18.840569715922804,3511749.0901305256,1.99148837634115,4.978720940852875
16.834991940159316,2700764.3502723556,1.8822014006951429,4.705503501737857
18.173305671681383,3296568.099424975,1.970921143488259,4.927302858720647
21.153071742254447,4791144.2829766385,2.212846762473773,5.532116906184432
18.62996474463492,3529157.0704186177,2.0123851782728353,5.030962945682088
18.415952232717615,3379221.1297099143,1.9813160037870414,4.953290009467604
15.239360703958372,2096145.0178063354,1.8092780960454367,4.523195240113592
21.258647940191587,4417128.042089157,2.1064638225974153,5.266159556493538
18.46818123382239,3193784.769048853,1.9196679040681663,4.799169760170416
22.19300430930966,5034485.939841557,2.219528380157864,5.548820950394659
18.966761638961117,3502042.5237883404,1.9810284424306583,4.952571106076646
17.54835296126849,2933130.145867469,1.903311433198427,4.758278582996068
19.251244793825094,3842988.8137629256,2.0647289752322364,5.161822438080591
18.27856272314772,3150941.15572282,1.9200654419334195,4.800163604833549
16.22734699789088,2640734.0319924373,1.9173003894810197,4.793250973702549
20.355103168557996,4289258.632793279,2.1221676069186524,5.305419017296631
12.339724424160515,869983.5716412831,1.6042310910789437,4.010577727697359
19.469446546332026,3832765.7547081383,2.0477618004180287,5.1194045010450715
17.830904072260555,3185898.368545222,1.963490724411667,4.908726811029168
16.726249645586734,2866337.904120379,1.9505590616074402,4.876397654018601
16.0849454812106,2379377.315362581,1.8329104073014924,4.58227601825373
18.154572679752114,3336247.1396637196,1.987946211440035,4.969865528600088
21.38917719650233,4769990.046477316,2.194651303533505,5.486628258833762
17.989192483148674,3302558.116374273,1.9912791724797196,4.978197931199299
18.584067545905892,3546503.6095227757,2.022820248388996,5.05705062097249
16.24712910794639,2586444.8821007684,1.892455968507012,4.73113992126753
16.793236103720123,2709185.3873775983,1.8868993334591906,4.7172483336479765
18.88750242274948,3411842.5681986706,1.957680279467316,4.89420069866829
16.64211293478235,2594670.380293994,1.8609384801876363,4.652346200469091
16.93393490999975,2920426.891257273,1.948449676071302,4.8711241901782545
18.141587271037384,3327077.245743353,1.987124603663066,4.967811509157665
20.347302387801047,4384700.54649516,2.1489347411373414,5.372336852843354
16.668318894915537,2726886.915817977,1.9036346334500183,4.759086583625046
14.715550105342935,1850985.097745725,1.7627486097262914,4.406871524315729
17.297498464882732,2950995.6429086244,1.928150725115867,4.820376812789667
17.592086229812033,3007503.20472173,1.9223178052357275,4.805794513089318
14.157320763952153,1565342.7419770649,1.7025547315577443,4.256386828894361
19.15363375183683,3735548.991570716,2.0400470185995836,5.100117546498959
14.721944224166661,1772823.5191950137,1.7295192507583383,4.323798126895846
17.531158296839642,2946504.69091616,1.909747099035863,4.774367747589657
20.165437950325217,4007441.420166881,2.0546792808942644,5.136698202235661
17.46049869022961,2963490.704159935,1.921230985977231,4.803077464943078
17.020202314913725,2751925.417091693,1.883804692907817,4.709511732269543
16.106525764028223,2530126.165219201,1.8873018806310706,4.718254701577677
17.33020604783986,2822404.6167460326,1.882712436516469,4.706781091291172
17.715329919570657,3291778.761007551,2.010033173603783,5.025082934009458
16.54109357296809,2695084.443797026,1.9071976869239542,4.7679942173098855
16.334589430369384,2458753.41018089,1.8377984768047348,4.594496192011837
17.809205253228733,3187492.1285830596,1.965440201884999,4.913600504712498
18.70941413071101,3553088.3927682573,2.0154078109449842,5.03851952736246
17.629220696596605,3084479.558706373,1.9471412780197144,4.867853195049286
20.199782660937316,4291397.741253448,2.1354661047217793,5.338665261804449
15.975070962360306,2334489.787590868,1.8266927513927549,4.566731878481887
16.903886413474666,2751481.3725481657,1.895265351084002,4.738163377710005
18.552622609731607,3480315.314089841,2.006553526004621,5.016383815011553
18.12627674012619,3297451.5920349285,1.977004747317759,4.942511868294397
17.80074773780438,3191887.5888562473,1.9680623947406433,4.920155986851609
17.776501675017386,3076527.4563112725,1.9323343327206537,4.830835831801634
14.482481210101405,1697564.850275564,1.7233586479486525,4.3083966198716315
15.835663218904461,2148811.249804775,1.7676357798439457,4.4190894496098645
18.585043226497213,3468242.9924409557,1.9981790508897435,4.995447627224359
17.32702878737222,2925873.4298303016,1.9198418405705482,4.7996046014263705
19.07498365160476,3769856.3109489353,2.0556358920236653,5.139089730059164
16.5005630190201,2684087.167558898,1.904786237523713,4.761965593809283
18.6705167274712,3500454.1485090945,2.0007004500171393,5.001751125042849
17.62696481171897,3240588.2480487153,1.997978173085001,4.994945432712503
16.61585793585918,2605253.286752049,1.8675681441154302,4.668920360288575
17.35771475322774,2905196.654308305,1.9072192133962893,4.7680480334907225
17.035729352136,2846309.031574011,1.9149362693875744,4.787340673468936
18.922619421226415,3517393.9202783164,1.9882959194988374,4.970739798747093
17.48701084726887,3193154.00280004,1.9952197174740187,4.988049293685047
17.532929308863075,2970392.7583192224,1.916340443275528,4.79085110818882
20.837636781174005,4114056.079454324,2.047013790924967,5.117534477312417
18.577935534187027,3371289.3590362333,1.9690130198917448,4.922532549729362
17.46030680427786,3073498.9204565315,1.9565279730760465,4.8913199326901164
16.115864371934883,2421930.413368211,1.8457551176269145,4.6143877940672855
15.668076271007592,2256348.7180757094,1.8286593404137184,4.571648351034296
18.347987521268607,3234041.744064616,1.9403877281868893,4.8509693204672235
19.234244239522624,3694458.650902875,2.0222411102312656,5.055602775578165
19.99676473020442,4128260.700165702,2.0999811765047447,5.249952941261862
17.35296155013286,2977254.56475401,1.934339512083973,4.835848780209933
20.417385555945277,4468777.90195934,2.1700129549170932,5.425032387292733
18.816355908412042,3592035.0383128924,2.0203493827953216,5.050873456988303
16.66029571564134,2669631.485500035,1.8871665405855997,4.717916351464
18.055183097125393,3274688.821466582,1.9756774197815745,4.939193549453936
17.40462270721197,3012080.809648115,1.9429672453747735,4.857418113436934
16.97896330155364,2885174.155557975,1.9334268122092813,4.833567030523203
19.904011698298675,3706178.7423125077,1.9817478373588637,4.954369593397159
20.49558852882063,4397584.106950061,2.1446733222750507,5.361683305687627
20.319307333451597,4134020.623215528,2.0802578290539473,5.200644572634868
16.80693717122339,2691696.521363061,1.879173555665654,4.697933889164135
15.830495599337269,2206943.216264055,1.7922677244669032,4.480669311167258
19.770038719691296,4009003.4288825765,2.077970137611854,5.1949253440296355
20.353804882474137,4123750.1071989564,2.0761548101682887,5.190387025420722
17.801087067599575,3060265.3381538456,1.9239175794370562,4.80979394859264
18.25706518268728,3218795.0187286763,1.9439450401895662,4.859862600473916
20.085008852723483,4132499.0526051633,2.09519545002471,5.237988625061774
17.123059355413297,2779446.3739400636,1.8872438052268103,4.718109513067025
19.544307842647623,3780112.798604631,2.027958473524692,5.06989618381173
15.604392384818343,2255759.0918594208,1.833452725399169,4.583631813497922
17.725768456405234,3099839.7781971516,1.9448144819097235,4.862036204774308
16.248479999697363,2450025.5840709666,1.842757618931001,4.606894047327502
17.158573346985207,2764851.3573913593,1.8753539211287413,4.688384802821853
18.313040889143096,3149083.8759355797,1.9174901229148698,4.793725307287175
19.592859792898064,3747579.2120711682,2.0154670288498306,5.038667572124577
18.138944037132497,3160511.5614644447,1.932768138019059,4.831920345047648
15.762339152527938,2207429.3656269507,1.796928973511478,4.4923224337786944
13.546948163006833,1363385.0434782794,1.6882389605801247,4.220597401450312
23.051801552566854,5335320.874290113,2.2523629699013745,5.6309074247534365
16.63666296613251,2660730.1573039256,1.8852221784496472,4.713055446124118
16.854094788665243,2787611.5476235608,1.909688509918056,4.77422127479514
19.32782358079257,3832061.9299090365,2.0566444498410257,5.141611124602564
17.902836738269713,3121392.830002887,1.9386089965545754,4.846522491386438
18.10261782265934,3172694.5206919424,1.9390738547135693,4.847684636783923
17.34524277667262,2949226.260301804,1.9266458536609572,4.816614634152393
15.427780395024593,2058955.749868149,1.7701415528874376,4.425353882218594
16.36516058252102,2492861.242273558,1.8480087342337177,4.620021835584295
17.62911050835858,3042254.3440566193,1.9341652927109145,4.835413231777286
18.065747117395524,3198775.2214542804,1.9519542460778765,4.879885615194691
15.117563282228264,1992169.5853957525,1.7782440893613727,4.445610223403431
16.344620969148018,2475385.5867172787,1.844044223582695,4.6101105589567375
17.215620264053477,2849172.820644902,1.9027347850565262,4.756836962641316
17.595949580967087,3117630.9201281667,1.9604189692746297,4.901047423186574
15.790355700386517,2307567.009517436,1.8350790788912483,4.587697697228121
19.744497764433568,4123382.231444124,2.114381438953116,5.285953597382789
16.543952202247205,2557912.435519931,1.8570226372090335,4.642556593022584
21.617297714451734,4903014.66298045,2.216216724653627,5.540541811634067
18.469495688806226,3412973.86328906,1.9901276442677625,4.975319110669407
18.512791026830698,3447366.9736373406,1.9975701392974277,4.993925348243569
15.84657256575448,2363954.5917168837,1.8501354463354311,4.625338615838578
15.91516275782987,2266675.6313717403,1.8053302002598677,4.513325500649669
15.63417248153054,2229178.0116663286,1.8207256271793701,4.551814067948425
18.519233240368614,3424050.136704877,1.9892281993899927,4.973070498474982
16.632018053667295,2568520.812769711,1.851104828365972,4.62776207091493
15.40371173976407,2153830.6603178624,1.8146185779677566,4.5365464449193915
15.23090364869557,2146677.8374329116,1.830783775503057,4.576959438757642
17.203234330866522,2774087.935096451,1.876064233329706,4.690160583324265
18.85479619190782,3597430.304004985,2.0192197563616365,5.048049390904091
20.03838348120448,3963112.0588620836,2.0503409442857063,5.125852360714266
18.608990799995805,3560526.0464024907,2.025100315187005,5.062750787967512
13.04501543909633,1205138.9112698063,1.6833085401176855,4.208271350294214
16.475429776660988,2607882.6482382417,1.8803099782693238,4.7007749456733094
18.078578000447585,3176020.9827335607,1.9414556767752729,4.853639191938182
17.30918676982942,2922738.9013325796,1.9179911887904082,4.794977971976021
14.188176231563743,1656588.6142839408,1.7424362898118313,4.356090724529579
18.157218616965643,3282812.9843362477,1.9694020380678312,4.923505095169578
14.36613660318702,1677805.7707583262,1.7281039235484987,4.3202598088712465
18.681004581103068,3538002.5408319505,2.014015871633896,5.03503967908474
18.536981149162223,3603524.7258736603,2.042610017360213,5.1065250434005325
16.290514992726955,2530599.0396020273,1.8687476776747267,4.671869194186817
21.973335025217565,4925281.4968988225,2.2040819547610258,5.510204886902564
14.763231005126464,1707285.798769937,1.6959784323581903,4.239946080895476
18.36015433518414,3392308.0284070456,1.990761473391508,4.97690368347877
19.566539121889083,3997549.432213545,2.088429053069851,5.221072632674627
18.97118708925558,3674752.1854404053,2.0352285849074327,5.088071462268581
17.693274278199045,2949923.4842298143,1.8998045864708546,4.749511466177137
14.94711894518639,1849427.8168414524,1.7357676829489646,4.339419207372411
18.90103847748257,3803604.7035256494,2.0758526459460573,5.189631614865142
19.434717459548835,3888058.956398884,2.065094363047314,5.162735907618285
19.18969655773024,3556690.9903925015,1.982356621811706,4.9558915545292646
20.43247936223478,4397517.594633849,2.1479463456361763,5.369865864090441
14.908428808955442,1940098.7030905504,1.7795696890509278,4.448924222627319
12.838683260363704,1047694.7801199052,1.622761649102979,4.056904122757448
18.2088808714165,3487297.096388666,2.0302256820635693,5.075564205158923
18.258835662118457,3201648.271296181,1.935881648441845,4.839704121104613
18.56810499089945,3438979.770417408,1.9908159247664883,4.977039811916221
18.0764337418847,3256918.3940021275,1.967186140827523,4.917965352068808
18.18651159627056,3342047.882458767,1.9886818829556465,4.971704707389117
16.767113118630085,2847071.944517078,1.9400091687055538,4.850022921763885
21.58678256432165,4697416.312014559,2.1649384764269675,5.412346191067418
19.145852112056396,3654877.4659879543,2.0173094572084507,5.043273643021126
18.456338987511533,3430482.6240962893,1.9935961154730257,4.983990288682564
16.849780000401182,2722128.6427331865,1.8887071232116115,4.721767808029028
18.94551815614829,3738790.2587973215,2.0563483432833216,5.140870858208304
18.271520292427446,3267220.0069246627,1.9594597812790282,4.898649453197571
18.849533124536322,3594130.731427664,2.0168292203843188,5.042073050960797
16.53858798397747,2599521.815851954,1.870453894148232,4.67613473537058
18.046567094849465,3174169.367951352,1.9452380153389055,4.863095038347264
16.589743531201727,2505876.6420853827,1.8342135459084534,4.585533864771134
14.951198286553913,1897897.531320976,1.758849120923662,4.3971228023091555
17.23371728623393,2989155.354284563,1.9483904359551452,4.870976089887863
18.991143571747493,3831814.334403204,2.0800842716553434,5.200210679138359
16.507231899056674,2490912.69238484,1.8348522272674863,4.587130568168716
17.361118330490875,3019720.6388807325,1.948272330367913,4.8706808259197825
18.61839954543929,3499636.5815084083,2.005599754517908,5.01399938629477
13.490869841693254,1378212.698341622,1.7052797966703623,4.2631994916759055
18.935801903462,3754332.983433958,2.060693496546232,5.15173374136558
14.924618546209478,1933312.984704487,1.7772019992173762,4.44300499804344
19.492652450293214,3664752.8765315088,1.9965321367150437,4.991330341787609
19.732093146184514,3913956.4164256956,2.0561224684135615,5.140306171033904
18.08060037710808,3246875.800663214,1.9646997340946224,4.911749335236556
19.88324028908672,4057651.5763264997,2.08477535633655,5.211938390841375
15.58134970090661,2262822.768157687,1.8401080347212482,4.600270086803121
18.719208912023568,3556751.761474261,2.014587482909069,5.036468707272673
18.395605346917044,3451449.217204891,2.0066103748500588,5.016525937125146
21.562445992085188,4816056.168625165,2.1965555176111393,5.4913887940278485
21.278411185745917,4658456.741972229,2.1714295655860707,5.4285739139651765
19.91354375203398,3972595.8178122155,2.0599442304630817,5.149860576157704
16.68403221810435,2708838.628848158,1.8961013785427672,4.740253446356918
19.90159590095921,3962720.2553954273,2.0606842018344103,5.151710504586025
18.921650669029354,3492915.595564223,1.982854759331958,4.957136898329895
16.78080838127851,2737771.924125756,1.9002354220638973,4.750588555159743
15.517674140482395,2165364.6605408853,1.807526535556762,4.518816338891905
16.086516726636102,2285391.150942187,1.797750207818187,4.494375519545468
16.511570210453996,2759633.7039469797,1.9331391434022889,4.832847858505723
18.601708728142018,3541986.291746093,2.017892777515905,5.0447319437897615
16.335778567244596,2471571.625828446,1.8444440265758737,4.611110066439685
17.733579527801812,3030936.575252521,1.9200283406024385,4.800070851506096
17.15733312931622,2856069.713963217,1.90831851802661,4.770796295066526
15.833035835275911,2327587.9688337753,1.8378254791996607,4.594563697999151
16.60855565663477,2699455.612982873,1.9004394648620353,4.751098662155088
19.156777524295766,3642400.3207210163,2.011018173939842,5.027545434849605
20.11382968185702,4102934.3666946553,2.0853080125062062,5.213270031265516
14.287896987306038,1688186.185621553,1.743133885836771,4.357834714591928
17.221359916857757,2801731.1650445797,1.8846125638937459,4.711531409734365
19.59236637947366,3830059.0009144666,2.039572314617794,5.098930786544485
19.835833804573856,3896730.37271416,2.0428450647174623,5.107112661793655
19.310301934666008,3636884.6617914466,1.9983817121184793,4.995954280296198
18.845765040054417,3780237.097640385,2.0751973855374284,5.187993463843571
19.39558573823337,3852008.7978836847,2.057749285812476,5.144373214531191
20.446531033334423,4306214.866096434,2.122795935484857,5.306989838712143
14.762405826617208,1801791.169024719,1.7355282720479228,4.338820680119807
18.69252390536158,3575861.4194880202,2.0236148234667337,5.059037058666834
17.76590592227354,2988387.01377903,1.9029878735105075,4.757469683776269
17.262057116772866,2934652.7466687765,1.9249222629085458,4.812305657271365
20.271938161845803,4250716.804910379,2.118428872595368,5.296072181488421
22.00528231472172,5291251.49836923,2.2982165251836753,5.745541312959189
17.139423219441863,2920445.3697361993,1.931814491526689,4.829536228816722
18.95857318112779,3720664.1142572677,2.04978000223222,5.12445000558055
18.002742834736374,3324082.485544963,1.995023985775793,4.987559964439482
15.658275427478907,2249658.3628193308,1.825422639288859,4.5635565982221475
15.54571921684511,2241284.8065590374,1.8337760722022076,4.584440180505519
17.203067622973478,2808098.4623314347,1.8883789045800135,4.720947261450033
17.83464987070442,3052422.14463034,1.9192677606895283,4.79816940172382
18.792391777344974,3452457.372123586,1.977423365987229,4.943558414968073
19.933121751894124,4134178.2960952576,2.1046449856808422,5.261612464202106
16.39852772886019,2404766.989820771,1.8144626259271928,4.536156564817982
17.809836063506566,3130074.7486427035,1.9471369638525493,4.867842409631374
17.088014466618297,2870036.6787405005,1.9179988087463227,4.7949970218658065
16.63252368434376,2458840.412967939,1.812407798962227,4.531019497405567
14.439792918010518,1764711.7996543618,1.7605160646742477,4.401290161685619
17.390579527755513,2876163.8414490195,1.8958606461764989,4.739651615441247
18.177928229913086,3286130.331502921,1.9704062856395055,4.926015714098764
17.96851015958163,3239713.71570074,1.970373726612103,4.925934316530257
17.14039599223087,2746581.6455930267,1.8708574493660644,4.67714362341516
18.02151322663461,3107172.5082015004,1.9250467595971261,4.812616898992815
17.45563345272203,2818675.0952874953,1.8707454447593586,4.676863611898396
16.948756760309713,2756816.6778656524,1.890920350470746,4.727300876176865
18.24036408080549,3225879.747061939,1.9437659676281065,4.859414919070266
11.912231337922275,737946.5363421934,1.607772023594909,4.019430058987272
20.583878229818865,4092935.7832559505,2.0538332245152717,5.13458306128818
17.75742812792329,3074122.7633638354,1.9326123006593414,4.831530751648353
17.232021120627827,2847559.943770672,1.8998204724637788,4.749551181159447
16.84614126664412,2574814.314377143,1.8355887686955206,4.588971921738802
15.262013984104028,2101055.8277229695,1.8095974044825827,4.523993511206457
17.96277625125291,3257748.339576261,1.976457733825608,4.94114433456402
19.321173613121022,3739723.0072450005,2.028782012549833,5.071955031374582
20.364205946580082,4359252.379518655,2.142200410752258,5.355501026880645
17.83401504912434,3038090.4583752034,1.9148124509030326,4.787031127257582
18.8029254652907,3516311.6342743533,1.9966480840940057,4.9916202102350145
19.888213297388035,3949077.8248171424,2.055184186753806,5.137960466884515
16.71776627261581,2635118.3327772394,1.869726087579248,4.67431521894812
16.924415118487968,2860246.501898871,1.9308841899166997,4.827210474791749
17.32624718379587,2909370.596330709,1.9134252531339757,4.7835631328349395
20.54615583632593,4400091.008328704,2.143033429833383,5.357583574583458
14.74054239063367,1843265.5254851477,1.7572396326283992,4.393099081570998
17.663656146601213,3109131.164901659,1.9511163768754494,4.877790942188623
19.154137847173082,3741859.3138776906,2.0419322913556686,5.104830728389172
15.042837040957124,2067740.9228042644,1.818636101093854,4.546590252734635
17.692167782809065,3116449.4692734107,1.9521209714175634,4.880302428543909
18.630682313580603,3563509.74856693,2.0237788536326162,5.059447134081541
18.968095353084813,3597774.067855797,2.0085264812810593,5.021316203202648
18.215118405030694,3351922.267638931,1.98942363795253,4.973559094881325
16.744600701491798,2687329.0835402394,1.8842089933136132,4.7105224832840324
15.681953534673276,2167399.414766432,1.7898900979635994,4.474725244908999
20.022361039145498,4099525.7317009987,2.0892589103675463,5.2231472759188655
15.562654340205029,2152936.9041432096,1.796630799203857,4.491576998009642
18.581450260350984,3428579.780539412,1.9856573061856277,4.964143265464069
19.876511746923462,3820806.549519513,2.0184632874155266,5.046158218538816
18.92841816099491,3772970.247745836,2.0654378652048595,5.163594663012149
17.151320518031675,2891929.3066855706,1.9205826274711997,4.801456568678
15.518163399815288,2172677.9108819542,1.811017266216883,4.527543165542207
17.9121416628059,3301968.408240565,1.996588645622474,4.991471614056184
19.63977094161471,4001874.8095719283,2.084807732131512,5.212019330328779
18.900951794992338,3596486.929142792,2.0132307166176653,5.033076791544163
17.250129938996018,2806327.594386844,1.8857027885842572,4.714256971460643
19.541374181571513,3815625.748156878,2.0357523150425036,5.089380787606259
15.038466340949718,2022665.6315934984,1.8017281549026265,4.504320387256566
18.48820862575209,3332836.875635891,1.9631883064331461,4.907970766082865
16.474681042718764,2608931.6823922843,1.8810673862725582,4.702668465681396
18.597073780305106,3557688.685873647,2.0244918389151616,5.0612295972879044
15.832524840524776,2439478.354511182,1.8801314079113596,4.700328519778399
16.356397090928,2557140.9169789385,1.873165264016238,4.682913160040594
19.19845197535366,3849301.225952982,2.069920118633291,5.1748002965832285
18.61755846112796,3512982.9908321574,2.0085362539157376,5.021340634789344
16.07004295823764,2466265.743887677,1.8672590463203407,4.668147615800852
18.85419725955646,3716018.545648846,2.054010632395894,5.135026580989735
18.86296430436769,3505969.3599917935,1.9891249277396783,4.972812319349196
14.27885171815837,1663548.2720551267,1.734180103812633,4.335450259531583
19.1170739914827,3819752.31137806,2.0680935031996897,5.170233757999225
21.037241945366382,4712021.146536397,2.2006029729448624,5.501507432362155
21.643866508376707,4777942.174549396,2.1815732513391524,5.453933128347881
18.04146790965495,3225461.2280825665,1.9612221587410763,4.90305539685269
18.224676582322097,3202937.8914301097,1.9407697275261038,4.851924318815259
18.435547026927644,3374931.926586209,1.979832967487091,4.949582418717727
18.238682078399894,3406508.879004664,2.0028806376899415,5.007201594224854
19.134706967781767,3827493.289876541,2.069611598343556,5.17402899585889
18.025377310649525,3220259.9969992535,1.961480219090673,4.903700547726682
16.45764418735758,2554262.2789588626,1.8604274522647268,4.651068630661817
20.12059905163641,4206797.231657686,2.113193782256554,5.282984455641385
16.994354649717103,2724548.671310411,1.8772934192675237,4.693233548168809
15.659825708981568,2184990.684623707,1.7994695847187803,4.498673961796951
16.35466576553504,2427553.589479873,1.8249623344541908,4.5624058361354765
20.6901515562921,4314220.799631584,2.1101363726307043,5.2753409315767605
15.747677049033705,2224832.3804922234,1.8059601930702227,4.514900482675557
14.521240881604092,1769286.8397919992,1.7518713442271843,4.379678360567961
14.884265989218392,1857853.7989263292,1.7470006198289636,4.367501549572409
19.389221285239344,3773377.7372638723,2.03508481441524,5.0877120360381
19.39921148488444,3732292.231272755,2.0219387943766356,5.054846985941588
18.39755687642064,3446072.5328608714,2.002405437369672,5.00601359342418
14.804188489066238,2009808.0547969947,1.8251456340812013,4.562864085203003
18.279010390245,3252555.138707935,1.9533120780936726,4.883280195234182
21.751917350539074,4860998.620015927,2.198560697991012,5.49640174497753
18.936188370295515,3645517.5438745255,2.027527879580917,5.068819698952293
18.44174677205206,3320882.874776734,1.9627953774975229,4.906988443743807
16.20036458093088,2568694.6589626353,1.8937910915275027,4.7344777288187565
17.900707513457938,3283191.601660776,1.9910217236483776,4.9775543091209435
14.69120677184723,1732297.6885036537,1.7156672236758959,4.28916805918974
15.093272989534668,2004417.1094934708,1.7853976846130217,4.463494211532555
21.34407484244065,4618802.528979126,2.159478708454262,5.398696771135655
17.478150878345964,2978534.705601683,1.9230947691113311,4.807736922778328
18.1886595871569,3354196.2197341984,1.9901951079009246,4.975487769752311
18.041141412456053,3157960.2711182227,1.940658048798243,4.851645121995608
17.436322534527026,2880101.2648586333,1.89401731384154,4.73504328460385
18.444825215521576,3547339.691887467,2.032705088336739,5.081762720841848
21.36379874838412,4719994.798609393,2.1804450485915794,5.4511126214789485
18.903597064774335,3692742.336316971,2.042515446080023,5.106288615200057
14.656290543725326,1867602.7649237495,1.7791804046354822,4.447951011588706
17.119806304755848,2914835.8063009204,1.9327809297105454,4.831952324276363
14.428835307095644,1761246.6432733033,1.7615926334973786,4.403981583743446
15.104238140305792,2040235.1517626038,1.8001054342790703,4.5002635856976765
17.8195292279838,3100813.3709834926,1.9377992181004207,4.8444980452510515
16.711356258568987,2728087.3191460837,1.9018308512693562,4.75457712817339
18.093440326039456,3273158.6631711265,1.9715286782974086,4.928821695743522
17.660682884293564,3108778.5653812336,1.95269735960905,4.881743399022625
18.834785418768085,3560419.26509716,2.0095045721823053,5.023761430455763
21.328286662723883,4601630.086838908,2.1541191890580857,5.385297972645215
15.784788248641712,2286575.775081777,1.8253846927553996,4.563461731888499
19.419463305683227,3980292.5016837455,2.0948450691417793,5.2371126728544475
16.456377534385847,2546740.2358002206,1.861475633271154,4.653689083177885
17.43201933833367,2970566.3025420615,1.9244888920567103,4.811222230141776
18.361855436178764,3578282.7683981536,2.048481042316149,5.121202605790373
18.415517289850115,3467625.2317637717,2.0097231337979866,5.024307834494966
17.2291708672494,2988107.5974117387,1.9487593800098084,4.871898450024521
17.10285254379107,2764171.8621560624,1.8802821774158522,4.700705443539631
17.19529813119911,3002341.3823031234,1.9553064652559142,4.888266163139786
17.69507868065492,3212314.321385529,1.982200739249857,4.9555018481246424
18.330892661249987,3335562.9878122117,1.9744465818077634,4.936116454519409
19.57582709717569,3911329.382636279,2.0644981050045965,5.161245262511492
17.688372352845903,3104963.4864460547,1.9509385974364086,4.877346493591022
17.08385427222787,2696706.0239879573,1.8598797144170836,4.6496992860427095
15.231846917644521,2206009.974661515,1.8555732350246914,4.638933087561728
20.081994368938915,4196385.508444745,2.1115410113620756,5.2788525284051895
16.206877127631714,2543733.630189268,1.883080733819846,4.707701834549615
17.2676899808355,3014321.091176873,1.9540303425574463,4.885075856393616
20.31947714792064,4325977.297507113,2.135248767726783,5.338121919316957
17.6452888639969,3023466.2518033264,1.9236687316256256,4.809171829064064
17.77731565510323,3261665.563118628,1.9929104758658756,4.982276189664689
17.056616513945567,2860732.624526957,1.9173491100305073,4.793372775076268
16.650008876131352,2552385.297588776,1.8440856696459607,4.610214174114902
20.7962545683992,4508075.77539964,2.156869505195016,5.39217376298754
20.775405794987446,4434351.381654141,2.140015565358172,5.350038913395429
15.790431027136599,2378562.9322094023,1.861410423207813,4.653526058019533
20.91364503713864,4560203.065440821,2.16349166628199,5.408729165704974
18.015106098089607,3246752.8733698037,1.9677298857242365,4.919324714310592
17.897021347783102,3363325.474087524,2.018445672300455,5.046114180751137
17.22297398116148,2936466.8732909244,1.930159826140603,4.825399565351508
16.969355542354702,2808270.4644186636,1.9078250123057503,4.769562530764376
17.820358722414742,3205466.849445367,1.9705527576998272,4.926381894249568
13.564872397166749,1355100.1578824557,1.680554328366621,4.201385820916553
18.720628981488808,3390356.20880513,1.9608036989046969,4.902009247261742
16.65935687394864,2666503.9996024016,1.88642918758832,4.7160729689708
17.358596542456862,2935337.7382841054,1.9192816430351578,4.798204107587894
16.661441729699433,2626981.971243201,1.8693846602112203,4.673461650528051
18.838613384359682,3589412.552341521,2.0171602367992727,5.042900591998182
18.927820972697873,3598653.5853141407,2.014809575079456,5.037023937698641
17.22508292858709,2861585.582242541,1.9035517140588374,4.758879285147094
17.36959881719782,2874750.6084660217,1.8983645810641359,4.74591145266034
19.754147958048996,3935361.089021083,2.05790108533879,5.144752713346975
19.37917688692343,3838471.3891574126,2.056695444888005,5.141738612220013
16.592739602909212,2625481.320416821,1.8766867926115316,4.691716981528828
18.348477785496307,3501730.2127547488,2.025037547523568,5.06259386880892
14.997106107005376,1914726.2935457611,1.7602253949023365,4.400563487255842
16.97475238313373,2650461.659640044,1.8521614540866598,4.63040363521665
16.515069916138426,2607816.8267596653,1.8763204291107372,4.690801072776843
13.40228305917539,1341595.6099199345,1.7004667835986487,4.251166958996622
15.448708405063671,2236271.188751977,1.84377992120193,4.609449803004825
16.552808292279696,2668247.427527449,1.8979582414560667,4.744895603640167
17.674091234631064,3186445.008289301,1.9760000575981174,4.940000143995293
17.946273262036794,2984680.8232820667,1.8896633264621623,4.724158316155405
17.19879783576339,2869133.525915744,1.9084667149220802,4.771166787305201
20.4445801499473,4115002.098846754,2.068452142574448,5.17113035643612
17.39862721936587,2918652.534731889,1.909920961604812,4.77480240401203
16.622645071324847,2615488.908420345,1.8691924070497,4.67298101762425
15.095716027587812,1998849.062960784,1.7820039224778965,4.455009806194742
19.00920894392888,3824441.225627456,2.0770109710616325,5.192527427654081
18.47659847479457,3534068.8055011844,2.0252334390653237,5.063083597663309
19.250177432185602,3581247.1386017967,1.9881032785674684,4.970258196418671
18.63204236186313,3577053.338069329,2.0279611655493164,5.069902913873291
20.22882939748236,4103581.9092342257,2.0796110656540514,5.199027664135128
17.047787854499873,2778922.81836019,1.890670749318505,4.726676873296263
18.13058151046325,3513656.9387057777,2.047273029758489,5.118182574396223
18.729576354979915,3553303.793527263,2.0128801071140265,5.032200267785067
18.20349328924573,3283286.8830989813,1.9700366669172942,4.925091667293236
17.626531280678215,2968895.09534414,1.908258344248908,4.77064586062227
18.355579496262898,3452225.8543841364,2.0109652152934694,5.027413038233673
16.076136221592098,2453906.2295139534,1.8613044353641275,4.653261088410319
14.249565094838545,1677673.2529954845,1.744237179588774,4.360592948971934
20.325067495916784,4065390.6192682236,2.059982068641447,5.149955171603618
18.998098972705325,3691073.803580275,2.0372241506809288,5.093060376702322
19.341458939760713,3923945.327664341,2.084257036124205,5.210642590310512
15.89721835276745,2326315.9966349965,1.8312259247888878,4.57806481197222
15.848011154865848,2302292.911559592,1.8270641966330352,4.567660491582588
20.11420816722742,4026124.167470771,2.063144409870758,5.157861024676895
15.069867343825116,1999330.6563321343,1.7862111111815155,4.465527777953789
20.74458017631715,4445799.8994059395,2.141975378979163,5.354938447447908
17.236056649063958,2891053.1733147576,1.9147874560688138,4.786968640172034
19.411759214334246,3780317.7289291946,2.035386918626074,5.0884672965651845
21.45037399603982,4989384.371787015,2.2501902931842652,5.625475732960663
18.828804375671382,3557051.5347786257,2.005726906297265,5.014317265743163
19.308128117334267,3753101.664916385,2.0339612561589555,5.0849031403973886
20.69804428489883,4699701.414289068,2.2169370803534987,5.542342700883747
16.509531426009218,2720815.555785697,1.918964093086689,4.7974102327167225
20.083367042761637,3988146.746296048,2.0536384097191527,5.134096024297882
16.456973489234827,2550859.1701327628,1.8620824744052735,4.655206186013183
18.56246685379226,3384718.0295948386,1.9726324643827933,4.931581160956983
20.72865558075401,4359647.749228634,2.120425011748254,5.301062529370634
18.086534400495523,3249726.099129349,1.9645356613153737,4.911339153288434
18.94498877546711,3675296.96918773,2.035184972971278,5.087962432428195
17.740118942099727,3110240.161171484,1.9466844251144417,4.866711062786104
17.570583263045503,3066593.3221407924,1.9450148175280377,4.862537043820095
17.965386581906586,3370742.806662365,2.0132965214081606,5.033241303520402
19.693576463271654,3957279.8124406775,2.0707134805296823,5.176783701324205
23.73824579379553,6091110.082424077,2.41188698642866,6.029717466071651
19.472103894265167,3804791.2341554724,2.0395148923951822,5.098787230987956
16.56608713445862,2663626.542646289,1.8915575880207327,4.728893970051832
18.934846454728138,3766891.965853559,2.0646970185813083,5.161742546453271
15.900117979099804,2331445.229579986,1.8339890494453377,4.584972623613345
18.483223118725366,3361857.2203716785,1.970974002486841,4.927435006217102
21.282424519253375,4502803.255548231,2.127625189052923,5.319062972632309
18.70388719945648,3329677.5853765244,1.9459441727593505,4.864860431898376
17.106670221249367,2710717.944007134,1.862769908299134,4.6569247707478345
21.244915619846406,4481326.159180179,2.1251701923198016,5.312925480799504
17.42003681833666,2940673.427194438,1.9182604224200313,4.795651056050078
19.665175865040506,3922929.0135614714,2.0620554299649294,5.155138574912323
19.95993432228138,3918801.91830598,2.041190526989408,5.102976317473519
17.990336263914042,3114530.3315345487,1.9272302019472887,4.818075504868221
20.075319301728346,4092067.957152998,2.0822437326942347,5.2056093317355865
19.733709984033254,3769036.9110183995,2.0119373924339192,5.029843481084797
16.145610070595474,2470743.784248856,1.8610228010633019,4.652557002658255
16.961472487186157,2699827.871057435,1.8706571045278653,4.6766427613196635
18.757509137409766,3535452.1684879344,2.0054539656711707,5.013634914177928
15.880692546115792,2289027.1685621664,1.8180274470563154,4.545068617640789
17.675813466025204,3160178.68848991,1.9674520177455284,4.918630044363821
17.821792888392764,3293805.5739479745,2.0012543455969296,5.003135863992324
16.25067246672389,2454606.85392915,1.8472210759302516,4.618052689825629
15.539467416908902,2070613.8932240037,1.7663268607502833,4.415817151875708
21.073120319271112,4552770.844831022,2.154247532206822,5.385618830517054
17.482476996724294,2918325.2574511506,1.902147942236299,4.7553698555907475
15.977342656380756,2323948.474697031,1.8234455424344558,4.55861385608614
15.512881895858065,2152294.5535386894,1.8010309766715356,4.502577441678839
17.27049894913697,2807867.2053764667,1.8842870445118438,4.71071761127961
19.254204447894562,3579063.100781006,1.986556811385803,4.966392028464507
18.6999529040331,3449860.0639295876,1.9840775943297981,4.960193985824495
14.789972632963512,1919946.6783973956,1.7866935421766892,4.466733855441723
17.17470026533878,2920723.334179041,1.9270251707181663,4.817562926795416
18.667391123859467,3589964.75965314,2.029322987185757,5.073307467964393
17.595665348804367,3069919.577383954,1.9462010082215424,4.865502520553856
17.011205160153263,2826997.4455845617,1.9103256503934074,4.775814125983518
18.93200441646943,3646661.3505210727,2.0260126644429732,5.065031661107433
19.293402606734578,3687742.9751636805,2.0142426135068923,5.035606533767231
16.663480802621923,2561670.5683391457,1.8463900027852833,4.615975006963208
14.13957841640685,1684574.0271166246,1.7645711053303,4.41142776332575
17.722964542712027,3222911.4166300725,1.9852242581995434,4.963060645498858
17.99253233078617,3175441.614678569,1.948326324193884,4.870815810484711
17.37442877437254,2946399.245203048,1.9216806070307713,4.804201517576928
19.343463859598153,3808004.9441013588,2.0485417417078207,5.121354354269551
20.43892691892575,4381127.104092818,2.1411460509008484,5.352865127252121
15.866633739197699,2189247.1687743226,1.7793503260443695,4.448375815110924
17.597816691534153,3064779.864502853,1.943121064951702,4.857802662379254
20.207722525691473,4357499.161744353,2.151406993093548,5.378517482733869
20.58256917634489,4409918.821016591,2.1431753215204212,5.357938303801053
14.452823972631546,1720305.388924282,1.739173358188923,4.347933395472308
14.728515553479005,1838027.0421676682,1.7570618601680978,4.392654650420245
15.250997230394802,2089928.5694876574,1.8060665489842065,4.515166372460516
20.116851884766994,4152972.958754626,2.0968512340350305,5.242128085087576
19.0303943602268,3567164.7742332146,1.9972169719144344,4.993042429786086
18.85494008435571,3386486.84234331,1.9551633409359015,4.887908352339754
14.890632923286562,1985736.0049639642,1.8029332027228624,4.507333006807156
15.85710212503817,2289196.609168427,1.821034682585144,4.55258670646286
17.369831226781262,2877218.9454656495,1.8964614688794956,4.741153672198739
17.03980341453091,2816060.72950917,1.9066195039116949,4.766548759779237
19.139790855332883,3629036.6371587142,2.008925833239681,5.022314583099202
18.68316577177933,3583879.5345944017,2.029593431516206,5.073983578790514
17.339041713265544,2918211.5889191367,1.9129405875026446,4.7823514687566115
18.08466452941404,3193644.1619390612,1.9476136011341676,4.869034002835419
19.151623996172006,3734389.1520558205,2.0375333386977426,5.093833346744357
13.12687645992896,1178762.1582703665,1.6509897277153707,4.127474319288427
15.988990118549529,2463606.6926521333,1.874327105536953,4.685817763842382
18.79095672392466,3642451.669274887,2.0352434258547962,5.088108564636991
14.845740881149915,1979857.9968479648,1.8060696666872398,4.515174166718099
21.964554811807744,4866467.492293938,2.1898965880153334,5.474741470038334
17.080685799093985,2807653.1142338486,1.8982465987276125,4.745616496819031
17.28967904614016,2867278.826707607,1.9012923115259328,4.753230778814832
14.555739959962644,1724620.4612887418,1.7269221335475196,4.3173053338687986
19.508274347303022,3931847.5555553585,2.0746040475080267,5.186510118770067
18.949429896185887,3704119.0695504267,2.0458952388228213,5.114738097057054
21.512790141964654,4859842.501172473,2.2115133659176403,5.528783414794101
17.99293914033253,3181008.011946719,1.9508609917871873,4.877152479467968
19.2055119994335,3850169.06181332,2.0717262802850156,5.179315700712539
16.442870467554172,2704260.2450825535,1.9198381290606064,4.799595322651515
17.14079124176888,2894028.3690338247,1.9235138968054888,4.808784742013722
18.706668727999464,3548093.911500684,2.013089952661431,5.032724881653578
19.731652576901304,3940991.581983067,2.0623865162815647,5.155966290703911
19.05605397091601,3502157.7918150276,1.9749556123881933,4.937389030970483
17.666568229571645,2924480.3458857564,1.8907942546166152,4.726985636541538
18.51860005965731,3373430.476631026,1.9717840895655097,4.9294602239137735
15.077350445461214,2036490.1836542534,1.8023972522104126,4.505993130526032
17.64216390034299,3005369.3737865277,1.9177827057370924,4.794456764342731
16.7149311446424,2587316.2466297513,1.8504206340066265,4.626051585016566
17.068297319404135,2729321.591881641,1.8713132354315583,4.678283088578896
16.08643373681147,2433225.7390645426,1.8526965179154247,4.6317412947885614
19.974665033613427,4188833.0741312606,2.118499125755385,5.2962478143884635
13.568580705305244,1481647.499446623,1.750324582859936,4.375811457149839
16.3777380045947,2481480.9429505486,1.841538971031059,4.603847427577648
19.082694114357167,3847799.4948674235,2.0778070687292107,5.194517671823027
19.672597045345718,3911965.532643484,2.0562369060107804,5.140592265026951
18.11760024228761,3356761.0989998635,1.9950549198287912,4.987637299571978
16.884552003224407,2784769.6281732954,1.9072430797392872,4.768107699348217
17.131192678524833,2830298.227872275,1.9021968083834544,4.755492020958636
21.76493738207428,5016932.977372949,2.237980887504598,5.594952218761495
14.660334522123431,1860036.77102709,1.7763662175316755,4.440915543829188
15.996013340617953,2390973.6741833743,1.8452227125670797,4.6130567814177
18.19057382644811,3264517.8035987588,1.9609051171609282,4.90226279290232
17.913339741910207,3214281.8758625286,1.967023745768788,4.91755936442197
18.94300743860231,3607872.181181159,2.0152684272613794,5.038171068153448
19.256485995236062,3836329.5588590484,2.062157088676663,5.155392721691657
20.972541289945145,4675349.798412993,2.1937066546502435,5.484266636625609
17.399225618114222,2920991.3283031927,1.910120412598383,4.775301031495958
16.8505405872017,2655249.285780024,1.8623838769095555,4.655959692273888
18.877932623391857,3542767.485194994,1.9988034825135217,4.997008706283804
18.116218900737913,3289225.5651212353,1.9769842584785964,4.942460646196491
18.04715855729755,3169034.9312303932,1.9423244019512313,4.8558110048780785
18.383860414659893,3299541.1356258877,1.9601300964750707,4.900325241187677
17.78210657245387,3153018.9060217515,1.9575541854707614,4.893885463676903
17.84615550566686,3232898.1619504197,1.978621593159353,4.946553982898382
17.199301270991917,2974515.3875986133,1.945114547442394,4.862786368605986
16.90396447269322,2749324.8041867428,1.892865124611265,4.7321628115281635
20.647558809137266,4506690.148053147,2.166044977743289,5.415112444358223
19.99358429585436,3908448.085270891,2.0348491676337424,5.087122919084356
13.805630146951774,1474995.9096682323,1.7059255320857827,4.2648138302144565
19.41970986350143,3666192.4985668836,2.0002992470292598,5.000748117573149
16.61609809732485,2557630.5605214043,1.8508060555527865,4.6270151388819665
19.05243526072946,3708011.5023207488,2.0392473325345093,5.0981183313362735
19.267861695463306,3750345.8811697857,2.037109186345516,5.092772965863791
15.380460952599107,2078984.5010144282,1.786322380839461,4.465805952098653
16.955416973447868,2650487.5028203726,1.8516510703604243,4.629127675901061
15.246137731366694,2116772.253519222,1.814743265980988,4.53685816495247
15.7656240014441,2245032.826795251,1.8140171043342694,4.535042760835673
17.037085177779044,2806127.355512133,1.9023356217469818,4.755839054367455
17.64982017091521,3216501.0746323913,1.9881518670859109,4.970379667714777
19.79756756838176,4201868.300444493,2.1322931066286324,5.330732766571582
16.764555656185887,2689657.973819907,1.8824399516770485,4.706099879192622
19.800538659828515,3934709.832735705,2.0565950823276853,5.1414877058192126
17.34008948939394,3002685.8171863453,1.943264069048189,4.858160172620472
14.638365160666368,1783212.229977402,1.7435152830626368,4.358788207656592
14.932209933674967,2030678.5591833685,1.8161993802125633,4.540498450531408
16.99630439359796,2686373.4024382355,1.864003209130317,4.660008022825792
20.300617743235506,4118984.9003366753,2.0757506610449115,5.189376652612278
16.29203109177455,2603195.675675379,1.8973423264112264,4.743355816028066
17.08286070736129,2823112.291351676,1.903213524131494,4.758033810328735
18.8456197470418,3620668.020612767,2.02510136952484,5.0627534238121
18.453841735393816,3437687.7040298153,1.9971319093944613,4.992829773486153
17.96911281577347,3356964.1866275594,2.011675666556,5.02918916639
18.471079270299562,3421648.8508255472,1.994013377181917,4.9850334429547924
17.324787286806064,2902239.8376820125,1.9115192225099675,4.778798056274919
16.61128612157434,2598364.4548884183,1.864104174147779,4.660260435369448
16.62141257522474,2589264.1662741825,1.8599127024313233,4.649781756078308
20.965882604925177,4810031.677037874,2.233233146269936,5.58308286567484
14.788194680066002,1822149.140998113,1.7435553786717917,4.3588884466794795
14.569849810977775,1743336.3813309893,1.7337872880590133,4.334468220147533
17.78331360613472,3229204.0824200716,1.9830880097595085,4.957720024398771
15.719552102132806,2167553.013770257,1.785917693489936,4.46479423372484
17.816988293531022,3297231.7719655,1.9997761337228184,4.999440334307046
17.32598060818229,2867091.41699942,1.8964351354759186,4.741087838689797
15.43062730555338,2206352.739094276,1.8328278175352324,4.582069543838081
19.891577017303085,4206828.4447524045,2.127152117289776,5.317880293224439
17.438399264990558,3007375.77155995,1.935989901260003,4.839974753150007
19.20348355798971,3624687.609038257,2.0040740888593445,5.010185222148361
18.927057255711468,3677665.5715677086,2.0371860750913853,5.0929651877284625
16.64183526193197,2664362.6789919995,1.8868957781167877,4.717239445291969
16.219785700266943,2485482.988643623,1.8588223220065483,4.647055805016371
17.2593961087292,2988653.856683545,1.9443611683874753,4.860902920968688
17.166848350436382,2761810.357681892,1.8744151944158272,4.686037986039568
18.874241249349446,3713982.8103236556,2.0517471736097805,5.129367934024452
17.77507081259939,2971503.857922362,1.897553825848604,4.74388456462151
15.438212126424865,2197923.6160170464,1.8272191437231686,4.568047859307922
17.599405605997774,3142960.4271353185,1.9699333587933234,4.924833396983309
18.66437012174671,3521502.7595695984,2.008229708844412,5.0205742721110305
17.343990205752146,2896047.551439017,1.9066890137487822,4.766722534371955
20.44561944193186,4338747.115907031,2.1309798474783985,5.327449618695996
17.189075756752416,2885266.612653654,1.9152377290815354,4.788094322703838
19.111930969676095,3569595.558254976,1.9943668539882609,4.985917134970652
13.926613500564567,1509933.519586864,1.7064969363435283,4.266242340858821
19.732075033986042,3939597.1430715695,2.0615247762203666,5.153811940550917
16.347019900430904,2424147.997619994,1.8242018461006544,4.560504615251636
19.84722554911651,3969092.0193235762,2.064357517359419,5.160893793398548
21.19005626537753,4416355.05948901,2.112610675316419,5.281526688291046
13.502886305609385,1383732.82942631,1.7070432374183204,4.267608093545801
16.293001709341514,2551801.5491715763,1.8780340656312362,4.69508516407809
18.337536387804263,3356973.5141999377,1.9806887107099869,4.951721776774967
16.443394663099298,2574201.014643154,1.8706948745651304,4.676737186412827
18.604590687349052,3555276.7542234324,2.0223668376005532,5.055917094001383
19.134234988914002,3728201.474163022,2.0382444840006064,5.0956112100015165
15.658626699148392,2197366.2255114177,1.8045619433386761,4.51140485834669
17.739901154777193,3066097.3141916087,1.9299027937900881,4.82475698447522
17.666363469630177,2991343.098041742,1.9119803703497682,4.77995092587442
19.122762135672634,3791414.562229557,2.0589569166408612,5.147392291602154
17.26895720886059,2771264.675777212,1.8698011128812868,4.674502782203217
21.210685547491636,4641240.443899028,2.1694272788268583,5.423568197067145
18.742761990773936,3750049.287881692,2.0737770088190786,5.184442522047696
19.122810697064562,3554519.4534580857,1.9855394197284997,4.963848549321249
20.0631361668965,4076237.671165772,2.080350132527663,5.200875331319158
17.475210658798247,3052428.831942318,1.9486750802408002,4.871687700602001
18.331265508015182,3399137.855237432,1.9934290845714853,4.983572711428713
19.223503387427733,3818579.56325782,2.0592018139134565,5.148004534783641
20.871738923043726,4275681.976134561,2.089337262469393,5.223343156173482
16.48650851555129,2650192.8347832058,1.8950375238917467,4.737593809729367
15.688139685533775,2174156.833676801,1.7929780692428163,4.482445173107041
15.449183689120316,2169481.252728318,1.8153656413457568,4.538414103364392
17.451926642220794,3083721.5427274387,1.9623391232957363,4.905847808239341
17.719285741189992,2975277.318362619,1.9043753606186344,4.7609384015465865
21.940073924035453,5210122.5377864875,2.279524576500462,5.698811441251155
13.103960222805288,1185687.6038503041,1.6607641769444115,4.151910442361029
14.862557917398721,1832753.5138259996,1.7405768793074101,4.351442198268526
17.54460902497239,3068888.712015599,1.9485304889444388,4.8713262223610965
15.58697535359701,2089613.061704766,1.7681531802022703,4.420382950505676
17.33532587512807,2910518.2886690674,1.9135703323634878,4.78392583090872
18.008601603999196,3301027.0868804865,1.9873583964485366,4.968395991121342
16.272140248043797,2521593.281102773,1.8684005784928854,4.671001446232213
21.084351738333673,4680127.590884253,2.185576996565292,5.4639424914132295
11.723681051215461,679929.675089458,1.6119845303925715,4.029961325981429
17.494238747377633,3050910.0234476253,1.944883053217024,4.86220763304256
17.832727492692424,3078520.1793716364,1.928303393340584,4.82075848335146
15.980553719023739,2424109.600240155,1.8606580557432197,4.65164513935805
12.94413657363489,1095774.344233171,1.6339846608215742,4.084961652053936
19.144707704531427,3653463.9233231544,2.015589043881809,5.0389726097045235
17.408591169386,2996092.452804125,1.9354973114349872,4.838743278587468
18.77908936632018,3626141.011168872,2.031436131714159,5.078590329285397
15.224412970114077,2009964.9787613442,1.773711959104786,4.434279897761965
17.078487526121776,2884869.9864809094,1.9242463974890611,4.810615993722653
17.14892569238231,2970805.5909534227,1.9484944589669049,4.871236147417262
18.82388807734232,3562054.469137802,2.010112876130032,5.02528219032508
18.68483049887899,3415708.3330930453,1.9715723799742042,4.928930949935511
16.2505080537648,2513350.303075511,1.8678323028181116,4.669580757045279
18.773061248370194,3580181.134280416,2.018575717067269,5.046439292668173
14.372705417394837,1657936.1543587083,1.718635933729687,4.296589834324218
17.311683034136284,2855281.7076160656,1.8908770392253436,4.727192598063359
20.415082109035044,4200281.632071504,2.0918538464407903,5.2296346161019756
19.581222657077735,3875362.5132202087,2.052595249802886,5.131488124507215
17.702907680996116,3000807.7124441853,1.9151785621869273,4.787946405467318
15.217974239377053,2024029.4605392348,1.7812760137454144,4.453190034363536
19.89424999411209,4154273.8568644496,2.1131200991876296,5.2828002479690745
18.97368629613654,3641593.1055100476,2.023779808293787,5.059449520734466
20.084211336758486,4152655.923981522,2.101788130670638,5.254470326676595
16.851092196580474,2694720.656808328,1.8788746288645384,4.697186572161346
17.7592682846919,3117478.731867131,1.9488352353321259,4.872088088330314
21.673765704914572,4859402.832460262,2.203388579717855,5.508471449294637
22.221922692056275,5155816.51949125,2.253829240783166,5.634573101957915
18.98172413249226,3661518.8092896417,2.029574027290006,5.073935068225015
16.532098351535176,2658928.6328186886,1.894676582914453,4.736691457286132
19.37717855168375,3784702.0968013443,2.0388332034157446,5.097083008539361
17.885165524765846,3232912.379023048,1.9747865946994003,4.936966486748501
15.323065867020436,2128248.0887334226,1.811796999849893,4.529492499624733
11.66308574628001,650398.7874235623,1.6024266552005275,4.006066638001319
17.513108652940666,2954259.2450944213,1.9113601832776874,4.778400458194219
17.88172389280276,3144014.8466318045,1.94628508755906,4.86571271889765
17.942163083701736,3171180.73028225,1.9479677842396885,4.869919460599221
15.712401250452167,2364403.8328600526,1.8647577913208835,4.661894478302209
15.30014233791075,2169097.143276428,1.8321716836790691,4.580429209197673
18.72126775798908,3503151.515966719,1.9965711943461928,4.9914279858654815
15.195228139179928,2034241.1664468972,1.7870118575679332,4.467529643919833
15.94282800435849,2320763.077753528,1.8251585499190226,4.562896374797557
17.39384025768651,2944332.2134306403,1.9186369817207791,4.796592454301948
19.762700140400003,4209497.594903637,2.1387216701057308,5.346804175264326
14.002062928145943,1483508.820468192,1.6833437449154738,4.208359362288684
18.84090399138274,3601599.8300558003,2.0188261261077276,5.047065315269319
18.7984513191912,3500609.084729083,1.9933590315505523,4.983397578876381
16.28573167868792,2413917.921123611,1.8271453479178794,4.567863369794699
18.592721605978735,3438183.27425351,1.9861027220206424,4.965256805051606
19.296172326942873,3706410.043471004,2.019376879946293,5.0484421998657325
18.63965216227721,3509930.194054192,2.0068502016504133,5.017125504126033
17.63012771477306,3058981.755515801,1.9385174172579835,4.846293543144959
19.390173619151607,3754515.080230129,2.028339866246899,5.0708496656172475
14.000646878835443,1609407.4351947317,1.7472261227452375,4.368065306863094
16.20683283862181,2522289.351970397,1.872882192701637,4.682205481754092
21.30769336611713,4695681.588796815,2.17882139522598,5.447053488064951
16.645595881538465,2581682.925461217,1.856481513951397,4.641203784878493
19.84509742634537,3864188.172314113,2.0329191018759167,5.082297754689792
15.130153128722611,2047324.6561052166,1.8009634055598072,4.5024085138995185
19.02849929905117,3641334.126824787,2.018534654567241,5.046336636418102
14.722728362737314,1796555.693227076,1.7392636315863852,4.3481590789659625
20.044633020861635,4099123.590277967,2.0890356237609238,5.222589059402309
20.379193198954226,4432481.617141917,2.1604841066619276,5.40121026665482
18.443224514120303,3354073.8609477477,1.9728785350369833,4.932196337592458
17.449746935463416,3054476.199118349,1.9511454797792873,4.877863699448219
16.613280106673024,2607877.6373075154,1.8665011522754646,4.666252880688662
17.657991479523293,3026323.129522646,1.9239200670807493,4.809800167701873
17.27441075386387,2873899.7138139876,1.90364244867805,4.759106121695125
19.093528876264145,3715728.7540007336,2.038248239714762,5.095620599286906
21.486480883134252,4823728.021236128,2.20375832919362,5.50939582298405
16.75969479613071,2665070.2579551693,1.875956393102194,4.689890982755485
18.83385910631896,3758714.5943406764,2.0693725457805345,5.173431364451337
16.139283998779376,2419914.8874710007,1.8423252201401836,4.605813050350459
17.816275224311262,3072515.980297059,1.9274173172926843,4.818543293231711
17.879252699426296,3150305.4106763536,1.9490203573030007,4.872550893257501
14.946109341462677,1943975.7019092347,1.7794251952019244,4.448562988004811
15.477241829947008,2194741.3046818553,1.8235958058093593,4.5589895145233985
15.862393271991571,2289205.978649363,1.81763017905228,4.5440754476307
18.657672630558196,3555383.393970969,2.0198099229091877,5.049524807272969
18.794260399673355,3503006.2195579875,1.995240935159038,4.988102337897595
19.81914178042401,3998611.338951545,2.0735652818488264,5.1839132046220655
16.755508747095107,2697563.1644603666,1.888738888164001,4.721847220410003
16.09805977712824,2421842.8214805964,1.8464385519309912,4.616096379827478
15.963905542272538,2438112.9797007972,1.866000344726371,4.665000861815928
18.34323389585222,3125472.1799982553,1.9075671189512338,4.7689177973780845
19.8883706058798,3929722.1377505194,2.0501222519305253,5.125305629826314
17.2431366277795,2835991.7171445023,1.8933513734183829,4.733378433545957
13.109210436009032,1220028.2049187506,1.68161320089394,4.2040330022348495
19.03395144585234,3710141.9689344857,2.0394796107462225,5.098699026865557
20.018132836817614,4282145.307961697,2.1433528965906157,5.358382241476539
16.701541237091845,2634251.5858170027,1.8688035813482295,4.672008953370574
18.80120416062614,3503674.197184464,1.9934938589690618,4.983734647422654
17.29459353415155,2995988.5170423007,1.944476517600667,4.861191294001668
17.285540616101237,2870394.9931671424,1.903516420103246,4.7587910502581146
16.717504520561953,2678397.9752445957,1.8840327758714595,4.710081939678648
14.943014018173173,1956437.5225642407,1.785070326025477,4.462675815063693
15.05312774219476,1930585.8000002876,1.7592309499253906,4.398077374813476
18.292064036867806,3515533.207167158,2.0325716904222557,5.08142922605564
16.789391461528268,2768776.989970144,1.9096720285078965,4.7741800712697415
17.074935701634764,2883532.8801059388,1.923684363414149,4.8092109085353725
14.77495536712443,1812534.9459401416,1.740309213747783,4.350773034369458
20.12945199813341,4312622.810127777,2.1437665655387894,5.359416413846973
19.669562487729152,3711382.6659721574,1.9974061897218085,4.993515474304521
18.358864484475745,3397932.626099039,1.9918108591440051,4.979527147860013
18.201815026669976,3236264.3655872038,1.952107143138954,4.880267857847385
18.51710689857704,3478337.5129529526,2.0074593132362692,5.018648283090673
18.277923916005136,3460235.2511662645,2.0172211102781645,5.043052775695411
19.03230243392362,3794782.194696458,2.065810817737496,5.16452704434374
16.503708282906103,2611539.280217395,1.8799521647864477,4.699880411966119
18.261864391146897,3208562.5140176443,1.9384668756771877,4.846167189192969
19.48168622691664,3939163.6123154284,2.077920313642822,5.194800784107056
19.39904985891383,4030334.1625540704,2.111370143546134,5.278425358865335
19.13701907482539,3767341.0741283167,2.0496222078204682,5.124055519551171
18.462630659465272,3281453.8369419454,1.946842065775276,4.86710516443819
14.954440578912642,2034745.8268937496,1.8161630685659678,4.540407671414919
17.265683601238834,2891765.36336133,1.9127138572247944,4.781784643061987
18.119497086475178,3484335.183156212,2.0379560719104015,5.094890179776003
18.610636204901088,3442394.571553696,1.9881467129647319,4.970366782411829
16.048307703982534,2312409.0293735564,1.812027024729892,4.53006756182473
19.39950634667975,3906855.7016498614,2.073645714648282,5.184114286620704
17.416510607947934,3070532.925233014,1.9603069372311124,4.9007673430777805
17.970631749016363,3139772.915421251,1.9370113838869945,4.842528459717486
19.075463866438213,3866501.5627587056,2.0841568823858627,5.210392205964657
22.41257141616262,5241206.926689575,2.261760262658658,5.654400656646646
16.727973252263695,2714427.4129500724,1.8953921887319036,4.738480471829759
19.57217590971585,4063452.9817059617,2.1092779890298097,5.273194972574524
16.771935632192815,2663662.3583238786,1.8748709045723124,4.687177261430781
18.025203689833358,3254353.8028280754,1.971522540434919,4.928806351087297
18.22585374960144,3305537.248014915,1.9715546865364921,4.92888671634123
18.750611518280703,3590671.686525845,2.025829401371481,5.0645735034287025
16.93924121042045,2787697.278626932,1.903864065511761,4.759660163779402
17.102358014721997,2814965.7266959865,1.8982856062421405,4.74571401560535
20.06822801621171,4268639.954942383,2.135424633307433,5.338561583268583
16.044538007552433,2317878.6898311926,1.8131249017374944,4.532812254343736
19.088315779691435,3684453.5916173346,2.0301853682114297,5.075463420528574
18.196607261224408,3347620.194517728,1.9879691978263176,4.969922994565795
18.694796247600287,3489838.5336328344,1.9956688944830552,4.989172236207638
13.578201736054506,1347910.7787289396,1.6733488201216324,4.183372050304081
17.71926119246663,3175454.6237191185,1.9689124650607697,4.922281162651925
15.240723893001906,2052081.7976572597,1.7915347010551639,4.47883675263791
17.899395810693065,3161541.3070226246,1.9521239788093492,4.880309947023373
17.200343609067215,2877505.3648893684,1.915207351272603,4.7880183781815076
17.19971108605276,2936478.455001167,1.9309639405160974,4.827409851290244
15.40012250444418,2178834.765698539,1.8241056132502842,4.56026403312571
21.443290920944126,4625352.782706007,2.1519477049424114,5.379869262356028
16.506140516077505,2563438.40725079,1.862578815997204,4.656447039993011
14.36977394140908,1722114.878699664,1.7491039285207874,4.372759821301969
14.460562241517172,1698151.6422757981,1.726166566125439,4.315416415313598
17.382770045953656,2999395.820379067,1.9375849636527054,4.8439624091317635
20.28891892108371,4323798.861960169,2.1359065396505548,5.3397663491263865
20.96502083549634,4523495.447249323,2.1516928286938275,5.379232071734569
16.60790139046817,2753734.377677654,1.921245952286268,4.80311488071567
18.362127298167152,3490901.8573687905,2.01970955538387,5.049273888459675
15.641302013306868,2240492.1890838537,1.8253213254980594,4.563303313745148
16.718436436597315,2612795.858398065,1.8603708807364265,4.650927201841067
17.3320775761717,2998812.5589529723,1.9419819559862714,4.854954889965678
18.07550661811699,3328723.6941986233,1.9914648030017827,4.9786620075044565
19.487741886318453,3819160.236965785,2.0411589949021147,5.102897487255286
19.74546350535773,4175894.4395579277,2.12941155722456,5.3235288930614
18.949932972922625,3608395.0082719214,2.013825544071771,5.034563860179427
17.02312453657029,2835273.8272578428,1.913353721292609,4.783384303231522
19.480655619297526,3845158.2654414186,2.0519215821834362,5.12980395545859
20.381089470012668,4299756.41350179,2.122516016621245,5.306290041553112
17.407430952500658,3083298.4549340624,1.9651241525068819,4.912810381267205
17.03722387666864,2902238.40225506,1.935262191630388,4.83815547907597
18.328779365956716,3230828.3503204724,1.941191140964161,4.852977852410402
16.413982564010034,2508596.2268452523,1.850129977151655,4.625324942879137
19.486299609221547,3930877.394960895,2.0758387825089466,5.189596956272366
12.338464139109817,854163.6300354581,1.5920333046844481,3.980083261711121
16.991290214492018,2797454.807005304,1.9018317352060732,4.754579338015183
19.912694836125922,4172639.5794972153,2.11811042551383,5.295276063784575
21.284702600255745,4656235.881848298,2.172501789880736,5.43125447470184
20.216547997361943,4069941.7631113324,2.069567235563235,5.173918088908088
17.63703739084694,2979559.857117812,1.9097420759523456,4.774355189880864
16.36201479399333,2598878.55634505,1.8888625027979538,4.722156256994884
16.577830307957655,2565377.457740966,1.8560673586499286,4.640168396624821
19.48626959825852,3719576.56141454,2.013460828446388,5.033652071115971
18.197443041911864,3249915.456543465,1.9586802331339102,4.896700582834775
13.347783295170256,1265197.367891593,1.6646310685039427,4.161577671259857
18.83860242027233,3641207.612028146,2.0324705719501623,5.081176429875406
18.39702837783632,3546379.329884436,2.0363711886301292,5.090927971575324
19.74350345683429,3921382.6067185896,2.0564998345130445,5.141249586282611
16.766845716796475,2719091.737721093,1.8948098267380624,4.7370245668451565
17.58119886384142,2951056.1574641718,1.9085366469010476,4.771341617252619
19.28968301792424,3810603.616592289,2.0502421695018587,5.125605423754647
20.001179404554637,3987343.8670790354,2.05759032450496,5.1439758112624
15.748909819493907,2235014.246942063,1.8100427994798147,4.5251069986995365
13.018941270919315,1206009.0729008168,1.6889535477466118,4.22238386936653
19.345249739806867,3837867.2251067664,2.0550028908659703,5.137507227164926
20.08100861930253,4174413.0215209574,2.1079910591531807,5.269977647882952
16.51714494550136,2625601.0788186816,1.884968219315315,4.7124205482882875
14.49240904667166,1731937.7166829659,1.7381717424287588,4.345429356071897
16.03914980160741,2411743.372137827,1.8504443703453652,4.626110925863413
15.68839569228846,2287036.054330889,1.8369478928090277,4.592369732022569
16.90300567495706,2878441.1694815727,1.938401322197219,4.846003305493047
19.75749192795422,3920504.6648129383,2.0535435033867824,5.133858758466956
22.640351621012655,5139064.266157489,2.227211579640539,5.568028949101349
17.177601228753247,2980979.205154283,1.9492983953846141,4.873245988461536
16.94063118716027,2700188.4495243803,1.8716606752163145,4.679151688040786
15.622378226326505,2158348.8404208785,1.792231183012364,4.48057795753091
15.249736047251927,2023476.0577070424,1.775524280347342,4.4388107008683555
16.127978910777173,2420115.6139829215,1.8437494741353146,4.609373685338286
17.325940665377694,3050045.2144220825,1.9611543259256747,4.902885814814187
15.482959572156641,2205775.1621695925,1.8247047295592054,4.5617618238980135
19.95425406807765,4130634.2089545224,2.102989752569925,5.257474381424813
19.27553515245579,3562587.014720099,1.979493440400918,4.948733601002295
16.58900360233031,2713905.568221449,1.9073746727177665,4.768436681794416
18.791348168029675,3695019.9602869647,2.05231384865074,5.13078462162685
16.74450256056477,2735688.836422907,1.9016846038184048,4.754211509546012
20.488323258370777,4372579.482717936,2.138467166965695,5.346167917414237
16.407535684199036,2465666.3670657584,1.8333077939425584,4.5832694848563955
15.844084872962828,2387548.1062504146,1.8578086698579221,4.644521674644806
17.206251661758575,2975783.842802996,1.9455141826591837,4.8637854566479595
21.5835407217023,4887189.957175434,2.2147633210700235,5.53690830267506
16.259902596783384,2518073.3204491744,1.868697399498435,4.671743498746088
17.86118217568675,3247629.905497914,1.980563564507239,4.951408911268097
20.95399717478823,4638309.272678265,2.184549796733653,5.461374491834132
17.372748522751213,3022746.1071077464,1.9471636109251387,4.867909027312847
19.322854098567042,3804570.8382384423,2.0477875211349716,5.119468802837429
20.509956037361032,4399749.016717968,2.1437650707901583,5.359412676975396
12.604435701048988,980710.4542759713,1.6250556313664435,4.062639078416108
15.500881896140296,2173467.0417254707,1.8113507114399996,4.528376778599998
15.468690264452679,2117432.078645263,1.7908052384893431,4.4770130962233585
19.255896606508394,3692717.842947432,2.018653981848887,5.046634954622217
19.086140479822156,3594667.8894228805,2.001797076952936,5.004492692382339
18.283079380656233,3258558.031416421,1.9528448913490224,4.882112228372557
19.043412896224176,3680110.3014776763,2.0284091942715965,5.071022985678992
18.229757335227603,3381377.423205969,1.9976309918942348,4.994077479735586
19.952440801986903,3844098.288925686,2.01770155008843,5.0442538752210755
20.394985464780202,4176925.2148454227,2.087279917882354,5.2181997947058845
16.22903026021063,2413158.063725165,1.8338925429279596,4.584731357319899
21.044343068458616,4671789.443634035,2.1875575566153356,5.468893891538339
12.671810081371348,1007357.1551212603,1.6295958896373064,4.073989724093265
18.807082469319525,3643918.0990480827,2.0350517187236306,5.087629296809077
20.691155616575973,4621636.859628398,2.1931676799356556,5.482919199839139
17.34422495912198,2922029.8709034687,1.9144651266359753,4.786162816589939
16.719472657815416,2609622.478730403,1.8604501119217864,4.651125279804466
17.005938438000044,2776090.682093829,1.8919905478201755,4.729976369550439
17.63545391242911,2910828.2789565073,1.8898017123078905,4.724504280769726
19.19790162115047,3648711.6236007484,2.0126199130773204,5.0315497826933
19.67471456256615,3984949.6251493013,2.077135763355892,5.19283940838973
15.927510589139725,2316566.4062765297,1.82319056352072,4.5579764088017996
17.651542682610266,3142883.8574136635,1.9646575828373145,4.911643957093286
19.73484389896807,4049285.89339354,2.092113723670343,5.230284309175858
17.70458944565434,3063042.2208800763,1.9348870662337299,4.837217665584324
18.414085083493447,3324005.786534422,1.9646726291620646,4.911681572905161
19.343606463365283,3691416.064960812,2.0134662920610413,5.033665730152603
17.870940166112593,3189653.7574789897,1.9618782632490568,4.904695658122642
18.492336887192206,3478453.4797997344,2.006101607891226,5.015254019728064
12.500946732122319,924866.5074058454,1.608973466499791,4.022433666249477
19.232839519120336,3950852.781464141,2.0974532393262164,5.243633098315541
19.758717841514283,4019990.7711709784,2.0824002214042494,5.2060005535106235
22.275837297058953,5161680.676247446,2.251571354407571,5.628928386018927
21.12370401985355,4587041.236293654,2.158174365292511,5.395435913231277
13.895448757262784,1530442.5036884956,1.722762246382811,4.306905615957027
19.2332404139796,3619252.176935492,1.9980819089248172,4.995204772312043
17.819569593043383,3067315.8515944555,1.924937070851238,4.812342677128095
21.895013674829976,5101285.534993946,2.2550027720098615,5.637506930024654
12.821628898902393,1073353.2593323542,1.6444266443023243,4.111066610755811
15.87439074592143,2334094.42305776,1.8349137903805577,4.587284475951394
17.25625947166536,2977486.3342314893,1.9425787839189839,4.856446959797459
16.46759687288093,2503956.637071724,1.8438034540849724,4.609508635212431
17.710343197990586,2965536.2463571215,1.9003891252987597,4.750972813246899
15.762322175563837,2181044.1346327905,1.787486066056656,4.46871516514164
16.6992578091649,2573887.091587563,1.8497145926440102,4.624286481610025
18.24093537515832,3127370.7791154413,1.9158660447295695,4.789665111823924
19.26337506623654,3835042.518013698,2.060365858635273,5.150914646588183
15.680344436082105,2233667.8804788943,1.8159009539255555,4.539752384813889
19.535017141215416,3669892.490035044,1.9956837438627801,4.989209359656951
17.028951214452427,2946216.3143503573,1.9520888359047048,4.880222089761762
15.09878367094113,1953039.800640788,1.7623358991350797,4.4058397478377
16.014206818229916,2370925.616375993,1.8372057152138974,4.593014288034744
19.04191897925085,3628529.5965448115,2.015198533394962,5.0379963334874045
17.450049359724318,3026845.91873068,1.941869634623979,4.854674086559948
16.818644684027184,2633238.0643810323,1.8587069224728539,4.646767306182134
19.063563606432112,3702627.319317635,2.0356877341520594,5.0892193353801485
17.168935243471005,2840812.5068322197,1.9002999493858266,4.750749873464566
17.895314519885087,3092183.053447604,1.9275598250011732,4.818899562502933
20.701867041127684,4345750.655718173,2.1208482729975957,5.30212068249399
15.958741127549715,2385169.6318362076,1.84780868374343,4.619521709358574
18.816568260902677,3599517.8283906067,2.0198389213019667,5.049597303254917
17.53486658686758,3082100.2763694255,1.9522657328682382,4.880664332170595
16.130535503880196,2391382.4248821987,1.8341132260997772,4.585283065249443
19.88204681100516,3951450.137730255,2.057994399654269,5.144985999135673
19.540506090632313,3924129.886482509,2.06833454811428,5.1708363702857
17.16572053948946,2976948.1500275144,1.9477702450615169,4.869425612653792
18.067603089111973,3327796.747962566,1.9908676686406492,4.9771691716016235
20.022349395398685,4171428.938100474,2.108591507292598,5.271478768231494
20.10960849762393,4243901.653011068,2.1269420719429153,5.317355179857288
11.300750592338016,527059.1213586684,1.6075803819944545,4.018950954986137
14.902894165875825,1996018.6901971865,1.80635846515901,4.515896162897525
18.10042126085436,3228786.3032321436,1.9563111909344904,4.890777977336226
17.495444134916262,2862174.035151096,1.8806005409805582,4.7015013524513956
18.0302957959529,3393229.5915486505,2.0159821415699137,5.0399553539247846
14.507415891314768,1804258.7448419333,1.7700998597138737,4.425249649284684
15.320654931832633,2078230.3053591372,1.792025885584265,4.480064713960663
19.602707140046128,3849171.216496124,2.0439450208192955,5.109862552048239
16.751612595486918,2557456.8625774067,1.8370817667930912,4.592704416982729
19.51509667207587,3867729.1352978554,2.0537581875624182,5.134395468906046
16.742902555407557,2612940.9717908157,1.8580676837977066,4.6451692094942665
19.128459853552847,3745767.90314716,2.0442667182145957,5.110666795536489
16.16704169597383,2332466.985565897,1.8061267060463264,4.515316765115816
19.92931856289557,4047624.1520986557,2.081384480255821,5.203461200639553
14.55956618246239,1752986.4568025349,1.7386685269993685,4.346671317498421
15.845808719020615,2276124.3273441046,1.8143682504499905,4.535920626124976
16.37466494880002,2453800.7562695695,1.8321655129103467,4.580413782275867
19.96951694450031,4046794.438333218,2.0760839088136187,5.190209772034047
18.59033655474409,3528670.064690453,2.0154869055143902,5.038717263785976
19.571867284645506,3906527.3250423158,2.0606399157715423,5.151599789428856
15.841752182962644,2366134.3482130496,1.8522501449703208,4.6306253624258025
13.838992767327873,1467488.0259720953,1.6988076597803894,4.247019149450973
19.307783577414472,3729795.418160162,2.0294962493122273,5.0737406232805675
16.396223822150514,2547854.8875925597,1.866710612975157,4.6667765324378925
17.327420949511186,2856359.991222945,1.8934182315236368,4.733545578809092
14.220034935645408,1657806.785278962,1.7389645745665432,4.347411436416357
18.295880594153502,3265953.3094419865,1.9551976182048232,4.887994045512058
18.633851951294567,3522776.6410478847,2.009645618402074,5.0241140460051845
19.52409894343854,3837318.9343159795,2.046078152142791,5.115195380356978
19.31380319707776,3910235.6391118206,2.080444529513745,5.201111323784363
19.18401699769796,3802732.080106549,2.0577190945927843,5.144297736481961
17.140808643414495,2890709.074057659,1.9234543649202895,4.808635912300724
19.510621632397964,3919436.916054491,2.0679197019215128,5.169799254803782
15.942026527839491,2329041.4965157975,1.8283269939473539,4.5708174848683845
13.1124712217761,1140808.9980009897,1.6322819053263515,4.080704763315879
16.98262833383366,2764268.230892039,1.8918805157048502,4.729701289262126
16.69596267161746,2734718.3299400806,1.906975098791349,4.767437746978373
18.506260442954048,3454437.776770062,1.9970114594204713,4.992528648551178
16.402516432195146,2545435.281964913,1.8658995375788494,4.664748843947124
17.62644463071532,3039577.596472959,1.9322583895881384,4.830645973970347
18.791151223455692,3708841.9420860847,2.056025915633934,5.140064789084835
17.426571517812107,2992684.4830102045,1.9336589170387362,4.834147292596841
17.277476722280284,2952938.778113655,1.9298454040478776,4.824613510119694
17.221479845034573,2899572.286029754,1.9170626804294628,4.792656701073657
14.106308882509055,1631235.5095134769,1.7418232276805312,4.354558069201328
18.103959259985935,3354655.2176148808,1.996935833883376,4.99233958470844
12.754057181410229,1043591.5186326886,1.6366932287850164,4.09173307196254
15.680197090518488,2209079.746378687,1.8061361543216248,4.515340385804062
15.364293795502082,2090222.55566243,1.792370338375336,4.48092584593834
19.331295502535184,3682193.8904796178,2.011643524422097,5.029108811055243
16.91500713240761,2693502.3505872795,1.8721656515196092,4.680414128799023
13.834086490921283,1516195.236843247,1.7236304629432215,4.309076157358054
17.597696573363365,2997889.9635337293,1.9180395149531655,4.795098787382914
19.06361341541931,3750215.9516306883,2.0512756166185184,5.128189041546296
18.91485439700167,3471732.2787130848,1.9735209185102667,4.933802296275667
14.778977192941745,1831201.2926117266,1.7478995333517386,4.369748833379346
19.22972891139567,3633473.495311059,2.0025668495947637,5.0064171239869095
18.489496771028556,3321024.1375669967,1.9596922518471107,4.899230629617777
20.135578898675277,4202765.437369488,2.111504616590255,5.278761541475637
19.392140201915396,3660957.817605051,2.000382411881666,5.000956029704166
15.301753017763243,2050258.6991319982,1.7833234508173044,4.4583086270432615
16.796762984599468,2767684.6567591084,1.906198973622628,4.76549743405657
16.159137860008265,2465653.6567829307,1.8581717427636317,4.645429356909079
20.098122912145232,4231907.817478935,2.122393274749479,5.305983186873698
15.141715917221198,2004078.7855246933,1.7799728259946839,4.44993206498671
18.491768946172993,3467471.3965555513,2.003551176536789,5.008877941341973
19.114557906184928,3797763.3093811646,2.0625373407501733,5.156343351875433
15.414204264803644,2226565.665922681,1.8438849274507254,4.609712318626813
15.625457126051433,2288630.933605754,1.8433118322100335,4.608279580525084
17.14513733250529,2841881.9631610448,1.9043420254739825,4.760855063684956
18.48634913579903,3194367.6196715217,1.918806971460706,4.797017428651765
20.72879838439583,4506144.80896815,2.160772969059773,5.401932422649432
19.673453096860595,3871825.306863738,2.0452395982072606,5.113098995518151
16.551347429057216,2661691.4481659224,1.8960081553437707,4.740020388359426
17.088237455645718,2770640.95752516,1.8827546081567779,4.7068865203919446
18.93480308845494,3516695.4962167228,1.985304938273836,4.96326234568459
20.378154017615845,4156121.8901987514,2.083989086293589,5.209972715733972
17.997174800515726,3231555.8514834,1.9654608633308404,4.913652158327101
20.387914423273457,4242033.674627582,2.1074731927582118,5.268682981895529
10.382215251970095,143262.58879812807,1.512315107621696,3.7807877690542404
14.021724392078628,1636714.5396541767,1.7579806558682434,4.394951639670609
17.07507592155475,2879290.6839031894,1.9235060231064751,4.808765057766188
16.335801067398958,2535214.7335791634,1.8670935924990981,4.667733981247745
18.974805381675132,3793963.8151465477,2.0724999750302304,5.181249937575576
17.36487285585653,3064148.1369100045,1.9632855069922763,4.9082137674806905
15.7124441766207,2310542.9726662906,1.8436839713059332,4.609209928264833
18.356625357120727,3504291.599591582,2.0264907810717174,5.066226952679293
18.68080861740433,3470812.222191415,1.9913730186671206,4.978432546667801
18.122631964332303,3299147.672238363,1.97709790910658,4.942744772766449
15.278562389047124,2130682.474164689,1.8189349732519928,4.547337433129982
19.50999181149191,3894335.136457389,2.062137220492213,5.155343051230532
18.76888794080964,3441210.7264019353,1.9744279391157784,4.936069847789446
20.557109321727985,4305922.064371433,2.1151810603134624,5.287952650783656
20.665918167502895,4504084.525176764,2.164476842002345,5.411192105005862
16.713359198471057,2791103.057256127,1.9252495612185343,4.8131239030463355
18.933315729484555,3727061.7204091335,2.0515944322127635,5.1289860805319085
18.894693541168106,3699346.4754071794,2.048461500850297,5.121153752125742
17.410805196197977,2958033.4107827833,1.9208748456176177,4.802187114044044
15.238698985439814,2042978.1439675977,1.784974040380191,4.4624351009504775
15.467155638270613,2120347.7989751427,1.7944406794460743,4.486101698615186
16.079688701153927,2449938.436690622,1.8594265715033607,4.648566428758401
13.444432095040337,1373688.7669762997,1.7105520459010999,4.27638011475275
18.709543590079658,3357702.2644815976,1.9564147838356514,4.891036959589129
17.22377566002542,2778560.400898058,1.875197323045209,4.687993307613023
20.21977566965454,4135696.503393244,2.0880399857075953,5.2200999642689885
16.686100816494086,2576453.3931926684,1.8500065104437196,4.6250162761092986
15.4831735473282,2165199.7833523536,1.8089085104784675,4.522271276196169
18.42747399377027,3349841.87464952,1.9708799520509448,4.927199880127362
19.953727480859328,4112514.23565914,2.098017418099137,5.245043545247842
17.691321906358247,3143077.572858122,1.9628687173404575,4.907171793351144
16.220501300835856,2443221.9556761505,1.844068982143522,4.610172455358805
18.71241483817161,3545102.611743618,2.0138434662557936,5.034608665639484
22.013393540873217,5258410.716000749,2.2897101416328245,5.72427535408206
18.960449827068725,3412993.3664777465,1.9562621335026418,4.890655333756604
15.556654329639773,2249407.8942266703,1.836141495269803,4.590353738174507
18.152052111551242,3293303.9009137303,1.9764132508503753,4.941033127125938
16.0566182156505,2388074.2656262647,1.8380489944002696,4.595122486000674
19.449502550770426,3728389.326512886,2.0171869158543436,5.042967289635859
18.041491226594108,3184012.8029371314,1.946077003994209,4.865192509985523
21.37137147710273,4537450.723594005,2.1330738009968138,5.332684502492033
18.021825326787024,3240651.8863487365,1.9665276865188903,4.916319216297226
15.40595102488731,2060758.3881114293,1.7757674612474836,4.439418653118709
18.066189069149587,3147960.517892928,1.9358987178194746,4.839746794548686
18.969244414075682,3657581.2775596622,2.0290092173623075,5.072523043405769
17.022678899858445,2867972.815449046,1.9236919696280383,4.809229924070096
14.59641761406898,1777491.9467019932,1.7469978165416447,4.3674945413541115
19.34860608554352,3851223.801448034,2.0593279297293594,5.1483198243234
17.881093318526318,3199253.918696562,1.9648722932593699,4.912180733148425
20.4249687644535,4339809.384950879,2.1329078868415743,5.3322697171039355
19.844665760505386,3936016.7920907196,2.052540698893114,5.131351747232785
19.195449892584637,3713378.6334615145,2.0292875989119294,5.073218997279824
15.428789537278732,2183504.1070572883,1.8241167289470566,4.560291822367641
15.97714796269516,2436918.457905898,1.8664267761638367,4.666066940409591
14.241673896446638,1647571.8606412765,1.7307699021650889,4.326924755412722
19.668412397458535,3923409.6389503013,2.059239611930017,5.148099029825043
15.885368048770188,2345603.633063755,1.8407791408675442,4.601947852168861
19.340095339139964,3715530.907018682,2.0210656075617353,5.052664018904338
16.896594087052776,2708681.7379312795,1.8784198295013559,4.696049573753389
19.659628147210494,4002160.399715664,2.0830151352159545,5.207537838039886
17.188545815360158,2777390.641484348,1.8784188263700123,4.696047065925031
18.33975929443192,3371344.9139664182,1.9833222395317887,4.9583055988294715
18.98921586525737,3493356.5599138876,1.9771106278146025,4.942776569536506
18.648235461185656,3567311.3018267155,2.0224762871290154,5.056190717822538
18.914750783341148,3442367.579826166,1.9658393518368236,4.914598379592059
16.4125670484649,2562406.64246653,1.8708271833048038,4.677067958262009
18.64281109767616,3572802.7445992026,2.0258322413406336,5.064580603351584
17.023491314049743,2843020.6978697255,1.9134611446234226,4.783652861558556
16.601743811700253,2583479.876601342,1.8593101509592544,4.648275377398136
18.57298438122912,3425463.496702484,1.9834035913310033,4.958508978327508
19.950990674841364,4130752.9286056105,2.1024476715885942,5.256119178971486
16.52477247588009,2685927.6156739118,1.9036990869679946,4.759247717419987
18.99436409082609,3441160.3813701347,1.9609038259803817,4.9022595649509535
19.303492757304852,3705758.3105379203,2.021382107663908,5.0534552691597705
17.62713570986243,2949077.9774557305,1.9026474357440226,4.756618589360056
17.827520413021468,3207404.340479969,1.970425675480237,4.926064188700592
17.116652260718944,3073282.6895661764,1.9865283376536875,4.966320844134219
16.887683177019298,2702222.4962761803,1.8770140263583002,4.6925350658957505
18.731554046251595,3385838.8135666344,1.9610242964250564,4.902560741062641
19.069841776250417,3638690.634147018,2.01409860817132,5.0352465204283
16.15748752972841,2367520.943848897,1.8218976117719947,4.554744029429987
18.596258338800055,3494099.237407244,2.0035124411204412,5.008781102801104
19.71713622588873,3958530.331372007,2.06865039049882,5.17162597624705
18.240275229187187,3442811.005000297,2.015459561920817,5.0386489048020415
18.383008134105204,3408831.1510711666,1.99126195447584,4.9781548861896
18.30019924146027,3321516.0256578717,1.9738257592802237,4.93456439820056
17.42775128397307,2994457.9514704607,1.9325538030029412,4.831384507507353
20.36022508840738,4148770.2605338003,2.083898466243304,5.2097461656082595
18.278135583187915,3316788.2395958845,1.9724944172235195,4.9312360430587985
18.078800067885226,3356309.6720792605,2.001570314725494,5.003925786813737
17.727164046386545,3153405.595404165,1.9610132553024087,4.902533138256022
16.54296622710738,2627662.33838646,1.881904469680053,4.704761174200132
13.957960880997632,1482745.1780909598,1.6895202907238842,4.22380072680971
18.04388484023636,3238750.3260046216,1.9650105514833585,4.912526378708396
17.072451033742087,2832456.7762028966,1.908529468356701,4.771323670891753
18.018282060125234,3146160.5720452378,1.936843930608162,4.842109826520405
15.945182255352353,2316978.05162994,1.8212524479086085,4.553131119771522
19.68998235921262,4004616.7118069995,2.083036177115132,5.207590442787829
18.29599878612158,3511305.9529265827,2.0335127437840885,5.083781859460221
14.081425859333763,1620227.142523516,1.7412186088794888,4.353046522198722
20.70040284043173,4132020.850737494,2.0588350717174775,5.147087679293694
18.521321193247033,3522084.4261510307,2.0198624414014636,5.04965610350366
18.70629861491615,3506492.1712277606,2.0031818064522695,5.007954516130674
16.852131530942515,2787375.0149728563,1.9106549551425955,4.776637387856489
21.963613858974163,4845561.885617118,2.185339262267191,5.463348155667977
20.536736346518314,4364162.713141985,2.132428610680504,5.331071526701261
17.840755426738177,3092223.23521771,1.9326462677825131,4.831615669456283
16.95646876250767,2781406.8842043495,1.8986615090694088,4.746653772673522
15.580806570727312,2171270.8815697413,1.8019120000601925,4.504780000150482
19.677156672552343,3960471.0991125423,2.0735375485600187,5.183843871400048
15.445894659139213,2175329.9470572835,1.8174504942256309,4.543626235564077
22.048945961513656,5090726.22037295,2.2441325572136774,5.610331393034194
19.062900860343746,3601339.47455242,2.005328902266252,5.0133222556656305
17.203458636285383,2933952.366865093,1.9326277926880535,4.831569481720134
18.763306838383432,3698510.918349066,2.057952398115469,5.144880995288672
16.456310141251485,2560361.8931894293,1.86502611787985,4.662565294699625
13.253196910665622,1254103.4688688535,1.6738223245471964,4.184555811367991
16.85687675409442,2655570.264484534,1.8641702027491343,4.660425506872835
16.46934431889102,2679812.9175215047,1.9065643842775046,4.7664109606937615
17.305647958947578,2876296.4164290903,1.9035882478851822,4.758970619712955
16.947207605546332,2813815.480893459,1.9104431297130187,4.776107824282547
17.783140165216295,3060061.192979956,1.9263604517533024,4.815901129383255
16.960628236046492,2687821.9239299092,1.8660875359107711,4.665218839776927
17.236637807132382,2910863.263807974,1.9204350999925568,4.801087749981392
17.613143411275225,3218736.6795192566,1.992384048208306,4.980960120520765
20.4926165980867,4208345.991195573,2.0936624728157014,5.2341561820392535
19.080037990342944,3813445.2556549907,2.065814421055904,5.16453605263976
17.11336043614129,2776850.583362826,1.884580373880737,4.711450934701842
16.853207488669455,2659430.1994452504,1.8650610635196034,4.662652658799009
18.96089839853108,3645741.250361949,2.0258365768137425,5.064591442034357
18.801572889524643,3650783.600685344,2.038092659342973,5.095231648357433
16.14624594400784,2473980.441955071,1.862048061043106,4.655120152607765
17.363370400066437,2943725.0537029803,1.9211168503788694,4.802792125947174
11.85323715498885,711389.2416234743,1.6011369577057883,4.002842394264471
17.7923025200702,3071791.1236717002,1.9302369308154244,4.825592327038561
21.258406060493982,4680280.59701027,2.177056886826925,5.442642217067313
17.484947403372054,3131776.4489282183,1.975032912088009,4.937582280220023
15.435758146936852,2277370.327248631,1.8605234218245357,4.651308554561339
16.055796982973547,2349658.284159189,1.8256395042141735,4.564098760535434
13.760760892881496,1485038.667868399,1.7193454432932023,4.2983636082330055
18.84765689644925,3637879.362896933,2.0326244381313328,5.0815610953283326
18.692926531406794,3457911.204251984,1.9849889883000835,4.9624724707502095
19.361946640630734,3772569.993893546,2.0383155069294974,5.095788767323744
20.59753016298935,4224279.834099078,2.09068425354727,5.226710633868175
21.22167198116869,4666387.435598089,2.177916186190915,5.444790465477287
11.880504624740528,731830.4965401925,1.610686385571667,4.026715963929168
15.058627473294695,1961328.507382458,1.7720728518622824,4.430182129655706
17.894983025910214,3376297.7855963977,2.019930689772189,5.049826724430472
19.37479289925168,3906990.606354977,2.0755163312657134,5.188790828164283
21.472390883240465,4666020.7959512025,2.1631228059342518,5.40780701483563
20.198293131474898,4131076.2651698077,2.0859433701340078,5.21485842533502
15.098173063286978,1982743.4673007885,1.7765969645401292,4.441492411350323
17.75840321354909,3117647.3675050335,1.945054759354633,4.862636898386582
19.805622265226486,3960918.6085340083,2.0604042333111248,5.151010583277812
17.455833735340164,3035662.360156633,1.9458531445556226,4.864632861389056
20.443200442806987,4392453.341726318,2.1452998929799003,5.363249732449751
17.230300126600184,3006505.9563249694,1.9541573237648056,4.885393309412014
16.503462580173746,2392697.095803735,1.7994740141632826,4.498685035408206
21.202511508766754,4494354.793570395,2.1333920169180494,5.333480042295123
17.211541206537028,2863811.793027195,1.9066340432250288,4.766585108062572
20.336139717878243,4139413.5446168743,2.0820104928754537,5.205026232188635
19.595308989656978,3894616.2329940423,2.0559510158788186,5.139877539697046
14.39191615235429,1723680.784732094,1.7490592600976351,4.372648150244088
18.889731585261636,3680615.9901808407,2.043425450381889,5.108563625954723
13.707258907419417,1425961.8263326008,1.6967771277585193,4.241942819396298
19.96511104085883,4139012.8052530205,2.103835460179304,5.25958865044826
15.141335743074258,1909049.4494152414,1.740987670488578,4.352469176221445
16.442713581389,2613809.1173444893,1.887978306499205,4.719945766248013
20.11720103501964,4273322.46170453,2.135023179352544,5.3375579483813596
17.96384798613724,3302644.683015515,1.9923524137129336,4.980881034282334
14.812551328959911,1832203.0033893464,1.742303622750575,4.355759056876438
20.157956927688847,4168305.393002685,2.09918337585006,5.24795843962515
19.966729868820288,4145912.2374653295,2.105042750696313,5.262606876740784
17.056441498337804,2762991.290650137,1.8852885053497146,4.713221263374287
20.258590933937604,4140265.3155922126,2.0869306126147182,5.217326531536795
17.91252206993228,3334368.024627492,2.005344240789975,5.013360601974938
18.340399994912215,3408577.4276153985,1.99629750299217,4.990743757480425
15.804701497287233,2233105.0012110146,1.8049195638965725,4.512298909741432
14.27863020307527,1665154.1754956879,1.7334023210786265,4.333505802696566
19.152394208746927,3776053.904310871,2.0504903424339487,5.126225856084872
13.839643383852618,1423806.0473853378,1.6754240663231925,4.1885601658079805
17.07186110555037,2886050.8369306885,1.9238762175792203,4.809690543948051
17.960468288993713,3240262.943312114,1.9723845224287209,4.930961306071802
18.21042251190925,3317171.650162328,1.976402628195632,4.94100657048908
17.22898943198532,2715823.0598234255,1.8515813571996826,4.628953392999207
16.482049056515137,2645026.1165536307,1.8931201785109073,4.732800446277269
15.175330504755369,2060411.4010002427,1.8019535456057627,4.504883864014406
19.23778406184322,3692842.2910629297,2.0227066985337236,5.056766746334309
14.397481105246857,1678927.632348042,1.7242427049870686,4.310606762467671
17.10000212033538,2876657.9110441953,1.9195871865601555,4.798967966400388
20.763531098560062,4355776.209245682,2.1164041715700517,5.291010428925128
20.362504186877572,4388953.094918702,2.1498154052649303,5.374538513162326
19.284872669519416,3755897.874298468,2.0379979327760505,5.0949948319401255
16.41419499950183,2530552.8027677275,1.857437609711139,4.6435940242778475
13.037019146893659,1216803.9610736389,1.6929871194353945,4.232467798588487
17.056030894791906,2840809.3511936776,1.9117133609446137,4.779283402361535
17.847092992545832,3173682.5429350557,1.9581018900897176,4.8952547252242935
19.25318127757716,3708671.8077038657,2.0252121397239855,5.063030349309964
18.818729208928154,3529106.8876100844,1.9987026671425245,4.996756667856311
16.35535602731295,2616361.1302343262,1.8966149749826324,4.74153743745658
19.80197051829289,3988937.0974400667,2.0702756246232403,5.1756890615581
18.51718636964115,3437912.347556714,1.9919469588469065,4.979867397117267
17.78905428662736,2977090.262816987,1.900138016884683,4.750345042211708
17.98532240751065,3303175.7388905436,1.9897532401609828,4.974383100402457
18.348055284145424,3345563.1384494808,1.9772227515600782,4.943056878900196
18.373125536534786,3386966.5779773276,1.9867826414868757,4.96695660371719
17.34314739427587,2890993.698698328,1.9056367497576208,4.764091874394052
20.122235336034144,4160532.739681226,2.1016830976342824,5.254207744085706
15.726406571813412,2288388.44589933,1.833999122267016,4.58499780566754
16.855725469515125,2870852.308701207,1.9392595446308427,4.848148861577107
17.19405175750839,2815594.420606491,1.891894672020338,4.729736680050845
16.32189277286178,2597379.508746744,1.8925961547495302,4.731490386873825
20.462093538186622,4326559.309908306,2.1262119657773106,5.315529914443276
17.72990422164442,3127619.967133413,1.9515754964384258,4.878938741096064
18.658950154763776,3488990.4133076807,1.9983273392918788,4.9958183482296965
15.329367311910636,2097190.0673911916,1.8009696355699312,4.502424088924828
16.578074303321966,2518629.915747963,1.8379641308234955,4.594910327058739
16.963829550001506,2711238.770431352,1.8743338251063377,4.685834562765844
15.582074287856184,2233034.492511837,1.827277793863149,4.568194484657872
16.387552694024897,2585591.9119858956,1.8807147372565187,4.701786843141297
17.793701724410038,3118842.7009222545,1.945122457923162,4.862806144807905
18.131534970416464,3343268.879004189,1.990789929958059,4.976974824895147
18.395876509983356,3423444.1443416066,1.9970647458283528,4.9926618645708825
19.12040786039264,3744589.9934920464,2.044530844806639,5.111327112016597
19.814662616351963,4050314.896599318,2.085707574805684,5.21426893701421
17.11670543647972,2880158.8694633152,1.9214385205930882,4.80359630148272
17.97171997138467,3161586.2367134616,1.94526762495986,4.86316906239965
16.337773200300298,2451423.9560073065,1.8365270718841555,4.591317679710389
16.588758494199762,2613012.606143931,1.869718697072032,4.67429674268008
17.81402219958985,3210748.5855272347,1.9741093509522878,4.935273377380719
13.355670724048775,1312846.6257105712,1.6907960998124565,4.226990249531141
21.519563109968875,4894411.541267037,2.2232422816258257,5.558105704064565
17.70850501948562,3053248.657464755,1.9306501949169033,4.826625487292258
16.778625215090813,2757616.7654041983,1.9084308699658912,4.771077174914728
17.930662044458057,3264993.486369428,1.979984428254941,4.949961070637353
19.484218848422685,3884666.6438071635,2.061255738754156,5.153139346885391
18.33828617357376,3519819.320957898,2.0323177791543694,5.080794447885923
18.117263291059828,3284855.548611681,1.9731187046297076,4.932796761574269
18.400123421895653,3365735.629912246,1.977848025735879,4.944620064339697
15.445111016798663,2147650.3880971,1.805320350508117,4.513300876270292
18.450474116286152,3318542.6421473045,1.9597227160380009,4.899306790095003
15.823561817570631,2222135.80839652,1.7963021785501152,4.490755446375288
16.18361740039358,2424965.2423588624,1.8402355509210304,4.600588877302576
23.425278020677176,5555477.307474545,2.290698022706535,5.726745056766338
19.973147073367947,4025901.1794483736,2.072524034994923,5.181310087487308
20.494343895440025,4516451.220053478,2.1803725430250966,5.450931357562741
18.45306462884777,3464027.603666406,2.0049147795088342,5.012286948772085
21.42587332390491,4771003.952330307,2.192041313306193,5.480103283265482
13.902899738523455,1570984.4862115076,1.7426281048789378,4.356570262197344
15.856825878834723,2289025.6425267532,1.8209872546162615,4.5524681365406545
19.49263886134802,3808288.5105852103,2.0369757796983228,5.0924394492458065
18.8438472214723,3520650.762901135,1.9937197155303628,4.984299288825906
15.791492139890906,2315590.0995498747,1.836545273806452,4.59136318451613
16.4448115796366,2557549.3012171546,1.8642789535139508,4.660697383784877
15.63565696714322,2151871.3312321985,1.7884582024016462,4.471145506004116
16.60900205973672,2608789.1216802644,1.8689630842694056,4.672407710673514
18.061474044340176,3204527.6757042175,1.9506360352165728,4.876590088041432
17.51675053739261,3119481.4094457356,1.9679173244700268,4.919793311175067
19.753464756515584,4111634.886484516,2.1108998164338644,5.277249541084662
17.602073890106574,3015299.717797323,1.9247221349365562,4.811805337341391
18.33655419590654,3400164.249581471,1.9938440940247002,4.9846102350617505
19.149976957667604,3743514.3560442217,2.0426656434828385,5.106664108707096
17.741357969783888,3098792.6743430113,1.9420763287440386,4.855190821860096
17.989995748415932,3274920.3629081557,1.9802948965449934,4.950737241362483
18.916856500598268,3630200.258430071,2.022210204459964,5.055525511149909
21.61869044354996,4677446.512290414,2.1582601951587232,5.395650487896808
18.296700713302315,3315912.464011468,1.9709669711732325,4.927417427933081
20.190084494367476,4412806.383966202,2.1683733416183104,5.420933354045776
15.629524460982736,2083934.5393361533,1.763178514197659,4.407946285494148
17.366962081455096,2916641.761653278,1.9130979675640465,4.782744918910116
15.652708691926719,2286423.9322557813,1.839807512734966,4.599518781837415
18.76485851461178,3528930.13814074,2.0038979649555264,5.0097449123888165
17.731122296446046,3011256.979474481,1.9136698818260458,4.784174704565114
20.32633741188028,4273584.0550708,2.121163146994603,5.302907867486507
20.62013318602127,4476531.519850444,2.16124168005282,5.4031042001320495
16.351851550830034,2475673.103945151,1.8426836767563253,4.606709191890814
17.39635207848318,3090451.0448629884,1.9670395950549469,4.917598987637367
18.60245021652269,3369868.9837887,1.9661198030051783,4.9152995075129455
17.146075110676495,2854221.6669054944,1.906810100600041,4.767025251500103
14.200816013348216,1664730.7606837153,1.7455988740518875,4.363997185129719
18.15610128691947,3432236.308349576,2.018236490235429,5.0455912255885735
17.770498056097072,2995400.0884519005,1.905281642915821,4.763204107289553
17.340116622500503,3094003.4805456577,1.972764285484283,4.931910713710708
20.584102775824896,4482140.442497032,2.1618739150521074,5.404684787630269
20.548480441897212,4349894.214950488,2.1272537387164885,5.31813434679122
19.391140089601542,3716635.2308640145,2.018060678409856,5.045151696024639
17.21310729854888,2752315.0008712346,1.8687414433477574,4.671853608369393
17.31717616860866,2879977.382929068,1.9018281108278305,4.754570277069576
16.948732980023507,2723002.6153140524,1.879017119200578,4.697542798001445
19.014074239509604,3598350.957996131,2.0059695316657966,5.014923829164492
20.045485992785885,3979814.260874887,2.0516189651377927,5.129047412844482
18.96917093539725,3731503.6628694367,2.0520764691031834,5.130191172757958
18.436606358553973,3498552.995013031,2.015546333729935,5.038865834324838
15.497496543173849,2131134.956571023,1.7942506124069735,4.4856265310174335
16.4827824014548,2429846.4698907677,1.8141795139039327,4.535448784759832
19.71953368490791,4027999.3182369918,2.087934371771791,5.219835929429477
17.884315189393753,3296794.8758775275,1.9965570492811464,4.991392623202866
18.559618479782646,3605238.5399603723,2.0413664586784006,5.103416146696001
18.47638992751044,3394639.1859776564,1.983935481617115,4.959838704042787
18.763621194008273,3673499.623588342,2.0466724229877262,5.116681057469315
18.51001950414084,3566727.3457599636,2.0342656391998313,5.085664097999579
19.265915879183048,3708716.4821415003,2.0242212877513803,5.060553219378451
16.87303965148166,2677492.947531889,1.8696971683562877,4.67424292089072
19.284485300030816,3797582.520087148,2.0501581240551157,5.12539531013779
15.724099422141835,2322480.3050028672,1.8466410905317412,4.6166027263293525
19.498201694502026,3674836.8915059175,2.00052540131791,5.001313503294775
18.052221598521268,3307784.6977372933,1.9861525867027163,4.96538146675679
16.87489579896284,2727100.1752220215,1.8861414569834545,4.715353642458636
19.445910849141534,3670530.6079576267,2.000676955651891,5.001692389129728
17.629274399004924,3103677.8251275243,1.9519189312293046,4.879797328073261
16.311189503805345,2599392.3771089707,1.8931789326070818,4.732947331517705
13.871203663675558,1530997.5286693787,1.7260328108799614,4.315082027199903
14.463011005596481,1741674.4310681848,1.745719650424651,4.364299126061628
16.803128709058733,2639843.319849382,1.8625452148445294,4.656363037111324
17.563070112341904,3080640.0846321136,1.9511623333365902,4.877905833341476
20.706186996571297,4277901.613694061,2.10004716987472,5.2501179246867995
19.839747844691267,4003711.268009441,2.072806147108562,5.182015367771406
20.2656858767591,4011353.9436377296,2.0495090977282056,5.123772744320513
15.963863752644624,2409491.1890801834,1.8560729820063613,4.640182455015903
16.022274648565492,2378052.4660943234,1.8383111312791929,4.595777828197982
17.936006729526554,3279299.9397519873,1.9868309452589135,4.9670773631472835
17.82140214438264,3066393.955059653,1.9268291084877252,4.817072771219313
18.834825978360392,3689102.3887728956,2.048394722684784,5.12098680671196
17.074961313864968,2758296.2701715576,1.8800803956393286,4.700200989098322
17.00256182834703,2677643.011913051,1.8582747087958813,4.645686771989704
16.708283660122202,2681253.924867641,1.8872670661808093,4.718167665452023
20.51460993864145,4446175.387791498,2.1559458424319944,5.389864606079986
17.324708940677414,2894427.570928797,1.9085511770003785,4.771377942500946
17.638840431905535,3154320.345455368,1.968862310101896,4.9221557752547405
19.375527591508934,3906662.018616678,2.073638721098602,5.184096802746506
19.207680617908984,3817356.7888480118,2.0590508140980215,5.147627035245054
15.288025304104934,2083497.9495711792,1.7978086787472833,4.494521696868208
19.11869642809416,3660890.200502854,2.0188924983110557,5.047231245777638
23.463614028764688,5828019.647177077,2.358445686320895,5.896114215802237
13.345221192911772,1263406.1570882024,1.6661681443880654,4.165420360970163
17.28177834007665,2959894.7218857035,1.9343566675571222,4.835891668892805
17.572636492721493,3016273.915549746,1.9267857202476633,4.816964300619158
15.648954981967922,2109723.0304092085,1.7716686489701219,4.429171622425305
18.754732323866374,3495936.2043329347,1.9938230875223346,4.984557718805837
13.573953826486317,1324394.7712216638,1.6625668066740913,4.156417016685229
17.92645487044682,3159748.844693369,1.948742504595055,4.871856261487638
18.12270855171816,3137970.576525771,1.9288537528237737,4.822134382059434
13.844518649608627,1544468.809998002,1.737542586832216,4.34385646708054
16.95791203664241,2669791.4261704106,1.8604169106069512,4.651042276517378
17.671670648733095,3031374.9745134553,1.9242823485509641,4.810705871377411
17.689239490725896,3142222.478876803,1.959776457082035,4.899441142705087
19.51712048338068,3937296.814233344,2.0778307697012695,5.194576924253173
14.905950151988478,1909778.813579454,1.7670119816066805,4.417529954016701
16.958154782763657,2617645.644530572,1.840632788135338,4.601581970338344
16.80043219846903,2806797.924028758,1.923181197798957,4.807952994497392
19.751190046104373,4020001.815565913,2.083796219153972,5.20949054788493
19.67830371910089,3967317.302309192,2.072097942889183,5.180244857222958
15.903671766112026,2282163.029208049,1.8143659695091106,4.5359149237727765
19.092521024429022,3767204.4190188395,2.0541094927450625,5.135273731862656
17.831482446054814,3093347.3875498744,1.9319096935845226,4.829774233961307
19.803491086424962,3956374.8380948156,2.0629413796250073,5.157353449062518
17.541000348173185,3012162.2226648685,1.9300537478730262,4.825134369682566
15.799917374876248,2340471.6296807053,1.845394426878649,4.6134860671966225
16.328191240898104,2502500.660138021,1.8560744148644228,4.640186037161057
16.723198772207425,2671491.158713231,1.8812152570981246,4.703038142745312
18.785938845159578,3672944.445587715,2.046294475726328,5.11573618931582
18.364614187493356,3306974.8078629617,1.962610370690509,4.906525926726273
15.41143086886736,2194355.695226511,1.829349229734061,4.573373074335152
19.868157235288763,4066720.0304831006,2.0902025722542854,5.225506430635714
17.70181463213889,3046102.71279981,1.9290581663540802,4.822645415885201
16.72056040047496,2794245.404374279,1.925107771308984,4.81276942827246
18.986911109102667,3634155.0238937987,2.018926208940564,5.04731552235141
17.83031987321644,3160474.5452359477,1.9554618852236285,4.888654713059071
18.932375939460222,3780609.504672559,2.069843159005942,5.174607897514854
20.494424316623693,4553226.459189376,2.1894816645906516,5.473704161476629
17.100272305940333,2848815.2161968397,1.9086766221606948,4.771691555401737
16.546110612488075,2585650.630019091,1.8668943847469266,4.667235961867316
20.608877403918726,4263884.192342888,2.1038346963510275,5.259586740877569
17.380880651001473,2885391.88861493,1.899491126091909,4.748727815229773
16.09642290678279,2368701.4493033485,1.827440484637782,4.568601211594455
14.956807760855352,1900827.5418999037,1.758469250517771,4.3961731262944275
16.122826986402593,2313796.777842229,1.8019882103545644,4.504970525886411
16.022229859360348,2336242.5498582292,1.8213665931127734,4.553416482781934
15.907662808571743,2348504.327219681,1.8386253815335565,4.596563453833891
18.28902901221634,3288534.229433477,1.9640971184591711,4.910242796147928
18.390977169469668,3408630.9407399865,1.9929430680955,4.98235767023875
16.116886396380735,2415036.0457214247,1.8434874548772133,4.608718637193033
20.56741130838915,4488281.940691737,2.1666537683207676,5.416634420801919
16.92824217590754,2887421.6941971853,1.9390870415969044,4.847717603992261
19.427150602373278,3767462.3848702908,2.0311165033881173,5.077791258470294
17.653836414961255,3057393.571131685,1.9355848453935243,4.83896211348381
15.732213286249808,2225982.598845926,1.8074709620652103,4.518677405163025
16.40568259149411,2774095.9329821747,1.947873363313587,4.869683408283968
16.759615501396507,2671660.01575582,1.8787758035653281,4.696939508913321
18.30926836315083,3413872.5392590687,1.9999206307206578,4.999801576801644
17.94987241230075,3113181.8866018103,1.9299961371656886,4.824990342914222
18.95472876117601,3643182.224130597,2.025176710974656,5.06294177743664
19.681476033974054,3844650.7186602913,2.039407640911545,5.098519102278862
19.75690061908586,3864041.7873358866,2.037269397438661,5.093173493596653
15.768775283608317,2301415.3604226597,1.8340417887796625,4.5851044719491565
19.939478606041263,4083293.3882214967,2.091459787518596,5.22864946879649
19.810498395674504,4218361.731270342,2.1344458665904487,5.336114666476122
18.160101847035715,3332697.428324621,1.9848930919334569,4.962232729833642
19.0234230824575,3479047.4556917856,1.97062540311957,4.926563507798925
17.545982517849513,2847444.2111610956,1.8744545292760397,4.6861363231901
18.599024481143054,3491100.245362159,2.0031071600016466,5.007767900004116
18.985908339519032,3685119.524746877,2.0366804077200547,5.091701019300137
16.169210933250234,2512183.6926269373,1.8754330041917477,4.688582510479369
16.731194930647032,2597507.3318936946,1.8543105815404364,4.635776453851091
17.28151916507872,2893980.05301549,1.9134202143749677,4.783550535937419
18.94694876814316,3761028.3424392473,2.061859464031026,5.154648660077566
16.01542273671024,2279293.466910518,1.8014904520234816,4.503726130058704
18.19664639740708,3363289.6468208954,1.9908094618407577,4.977023654601894
15.546334226490256,2253288.01025947,1.8378971694048087,4.5947429235120225
15.674309711914681,2241378.087912334,1.8213071292378962,4.553267823094741
17.950221372221996,3063414.19354033,1.9157374523025121,4.789343630756281
18.444233352334294,3612418.265061003,2.051739533897387,5.129348834743468
20.501363482480663,4558942.630102018,2.188616764108639,5.471541910271598
14.96434454318476,1987243.0795117393,1.7930773788310967,4.482693447077741
19.458867783883306,3873639.927799778,2.059499368963505,5.1487484224087625
20.05653775204239,4267274.8792253,2.1354044014328353,5.338511003582089
17.908100100366653,3182831.0962273134,1.9558505011782166,4.889626252945542
19.421757874264213,3852300.6573684392,2.0571965325966164,5.142991331491541
17.570771971512244,3148410.0882163467,1.9717717296215977,4.929429324053994
18.431046621352245,3471132.040279826,2.007257943440682,5.018144858601705
14.971062683887904,1978670.688359024,1.7909591027693066,4.477397756923266
18.060841011496187,3255349.8437264645,1.9684045396989047,4.921011349247262
18.72305945435837,3723714.0728773978,2.066722977502698,5.166807443756744
20.316758060195394,4126825.2173174657,2.0778565070555324,5.194641267638832
14.99548456201838,1923966.4604101311,1.7651373671848387,4.412843417962097
17.3181825083339,2839139.9944997216,1.8890691910522348,4.722672977630587
17.086140484110967,2881675.919525599,1.9246111737577334,4.811527934394333
18.95755464500919,3568997.7868103916,2.0022024286830993,5.005506071707748
19.047552225410257,3786382.336300359,2.061182743310834,5.152956858277085
18.29334751116811,3309033.8638833137,1.9685681790029026,4.9214204475072565
17.91347946908777,3010742.8104134435,1.899845796174672,4.74961449043668
19.25107877379748,3907101.0991364606,2.083737922714707,5.209344806786768
18.500094078681762,3405634.851713171,1.983930610007004,4.95982652501751
19.10417326148348,3555371.3451151336,1.9890876309310421,4.972719077327605
17.96081604031292,3226363.3708507065,1.9672457936022396,4.918114484005599
19.695906951271525,4000676.4202750577,2.0816891682734013,5.204222920683503
16.27089745319732,2567409.185832275,1.884960932581965,4.712402331454912
15.820777080723358,2272212.6919470737,1.8164814838854202,4.5412037097135505
19.28904334686883,3822184.175189891,2.056444285123583,5.141110712808957
16.830593459435427,2549752.7587134084,1.8281996298333816,4.570499074583454
21.382806374727647,4808926.763005718,2.2052790330143117,5.513197582535779
18.94626097411325,3540152.706706455,1.9943938110668953,4.985984527667238
21.00027969918916,4526710.980921985,2.149569208686886,5.373923021717215
17.500952355493272,2842765.9589633252,1.8740959242065318,4.68523981051633
17.620817987776014,2934090.8830336407,1.896224932383686,4.740562330959214
17.569372146763705,2853746.343424257,1.873108730063489,4.682771825158723
20.41232921792013,4294314.776479375,2.1196029338941003,5.2990073347352515
19.075688993206754,3556416.793024159,1.9905209222803972,4.976302305700993
17.342151315385877,2974411.0425192714,1.9340139687751234,4.835034921937808
15.97152745410828,2186559.6785011105,1.7692630686404687,4.423157671601172
18.667636288533252,3589386.6854601437,2.0275521288439533,5.068880322109883
15.43847078342726,2210347.4699239805,1.8346418216313876,4.586604554078469
20.45479245406032,4124992.9507226497,2.071029877107679,5.1775746927691975
18.994179568782975,3623353.3037003567,2.013974343257205,5.034935858143013
22.941917647326804,5313990.276823444,2.25621956724429,5.640548918110725
18.005714779144654,3114777.4061716953,1.9277782962534695,4.8194457406336735
19.631742416956932,3810149.614574382,2.0305612510412363,5.07640312760309
16.818622517127622,2702529.3988973005,1.8843036541369058,4.710759135342265
17.226013888141534,3023860.45872387,1.9603226716177762,4.9008066790444405
20.036499392708574,4029203.592954737,2.069700332712813,5.174250831782032
15.39746161672262,2174861.7350263,1.8236761315961372,4.5591903289903435
13.565279346283177,1428668.3300039694,1.722081703549952,4.3052042588748805
19.652040267298787,4024060.949803709,2.0922609036661517,5.230652259165379
15.698114679903451,2393150.736836643,1.8775936447915689,4.6939841119789225
14.859538111320392,1947296.6514657643,1.78870872900997,4.471771822524925
18.61129486846924,3591673.575323318,2.0342489673728448,5.085622418432112
19.464103560964308,3878600.130636731,2.0632834031685734,5.158208507921434
19.855023393651994,3877964.7627507225,2.035675621953557,5.089189054883892
15.705338344492748,2207444.658175217,1.805558677887708,4.51389669471927
18.722667476976575,3609962.108474653,2.0300874196464336,5.075218549116085
20.510019742154938,4335931.234526151,2.1242421001036016,5.3106052502590035
18.15754007878332,3221487.35248873,1.9499959521880295,4.874989880470074
19.067295044069787,3728329.978505658,2.0440955454191188,5.110238863547797
16.30527723605337,2567827.8190215733,1.8811962033931375,4.702990508482844
13.118169166762383,1202956.3351232996,1.6682236099312464,4.170559024828116
15.977080966498548,2321277.232202124,1.8214234134705085,4.553558533676271
19.607689627620207,3852322.648243678,2.0471125754167003,5.117781438541751
19.762622088072,4067878.333922566,2.096254915436736,5.24063728859184
18.15808818694118,3277245.454550771,1.9671450702750086,4.9178626756875214
14.872620118731717,1965185.6320247632,1.7956804121672099,4.489201030418024
14.593831160212932,1801123.4749007039,1.7564635496978425,4.391158874244606
14.691635818517334,1791826.3496305682,1.7400401699448895,4.350100424862223
18.665766482235636,3645535.1992879584,2.0465188690209133,5.116297172552283
18.52369575327777,3471958.133511644,2.004432614302484,5.01108153575621
16.480795525927228,2488984.139117713,1.835263079390063,4.5881576984751575
15.81419193105653,2256868.868904218,1.8105491876861353,4.5263729692153385
17.60879149142205,3077972.3558611926,1.9480636804450124,4.870159201112531
17.986093297524896,3355333.3244470265,2.007443432729254,5.018608581823135
14.39376893586104,1663051.0043005636,1.7199010298567259,4.299752574641815
16.90853619226931,2606603.0873516407,1.8415355606631958,4.60383890165799
17.084741768663527,2859073.2006833674,1.9156127698945824,4.789031924736456
18.36782918825508,3263798.4165955493,1.9470648692997858,4.867662173249464
12.610103485977508,999508.1799706919,1.637128137817729,4.092820344544322
18.056350617780303,3229832.638529867,1.9604694439685584,4.901173609921395
15.736272945927897,2276819.309292091,1.8278587095919911,4.5696467739799775
19.796487578044996,3952546.3905428164,2.0617600924311095,5.154400231077774
18.680011433516363,3371334.4993945817,1.9606892268580787,4.901723067145197
16.18794690527792,2377564.9518428333,1.8224005513558608,4.556001378389651
19.528100487389356,4047666.918253705,2.1087689649325907,5.2719224123314765
15.736467572700308,2280753.1533740778,1.8305338342179391,4.576334585544847
19.315117883072652,3848926.950237114,2.060920494378498,5.152301235946244
18.637290174142528,3556586.9755202243,2.0224939678921046,5.056234919730262
16.410296957164626,2529165.9560759505,1.8585157904084384,4.646289476021097
16.34432536072108,2633109.839796162,1.9013669719975232,4.753417429993808
17.028230838777404,2784777.517487671,1.8928043510109063,4.732010877527266
16.99299016404716,2835947.8338459823,1.91680837672114,4.79202094180285
18.395970843639663,3481623.7021112647,2.014620126166787,5.036550315416967
18.101026102765804,3085115.4505836098,1.9116449278178216,4.779112319544554
20.056974801100868,4069085.178662656,2.0786322322129465,5.196580580532366
17.108345968392413,2864020.650657149,1.9153261601093508,4.788315400273377
18.841138571186143,3471594.098431153,1.9808081879823163,4.952020469955791
19.469388535993936,3917025.6137754507,2.0715954010284214,5.178988502571054
18.356901827746007,3316190.9771628,1.9654740169882685,4.9136850424706715
17.383142857178548,3011101.805259672,1.93989777756982,4.84974444392455
12.839864983811644,1086534.9395827046,1.6481728679091567,4.120432169772892
18.310338839858066,3409089.9079594053,1.9995459574901775,4.998864893725443
19.543151080742028,3963728.7202280667,2.082808371706382,5.207020929265956
17.050486740598792,2906969.616437142,1.936046532871721,4.840116332179302
18.225910556678127,3407467.2236158457,2.0045076909600494,5.011269227400124
15.4390477362093,2096105.165385291,1.7856452467961275,4.464113116990318
18.44975048140465,3491071.328062596,2.0124711133858275,5.031177783464568
20.878463199023113,4390278.395150359,2.1209921688283258,5.302480422070815
17.46648923023382,2877707.1715268353,1.8912499656513833,4.728124914128458
16.451091113392337,2591687.221988797,1.8770268049121093,4.692567012280273
17.563172894319656,2943597.356879344,1.904948480320073,4.762371200800183
19.49559171883488,3953006.1826850614,2.0800606801741397,5.200151700435349
17.61219350341856,3087849.149831841,1.9476475976074257,4.869118994018564
18.204069283301894,3435281.2421895694,2.0156710977942303,5.039177744485576
15.707495843560594,2345213.9496881003,1.8571705834211536,4.642926458552884
17.778181014621698,3155008.930941201,1.9568608941678867,4.892152235419717
17.088116310097725,2900609.534232648,1.9303232635378882,4.825808158844721
16.354218379930586,2464652.5661704186,1.8399000007810868,4.599750001952716
17.571760138682023,2880136.9629443185,1.8844247943291814,4.711061985822953
18.383060034680465,3468944.1560736224,2.0109082101888016,5.027270525472004
16.214303070277225,2409250.611073182,1.8307855399228647,4.576963849807162
19.653602668106117,3884538.3407962555,2.0515974071489746,5.128993517872437
17.445816634859334,3183545.609032848,1.9960758693126783,4.990189673281695
18.446528263944995,3481828.561444953,2.0103878086929283,5.025969521732321
18.053247868434607,3277026.183751573,1.9748798277897965,4.937199569474491
16.23276817462478,2423345.4545202227,1.8365639022543043,4.591409755635761
19.526259807786662,3984899.281669463,2.0887613070112496,5.221903267528124
18.04428421702575,3203245.401260169,1.9539279176291757,4.884819794072939
16.394063118742764,2602384.955770772,1.8850346631568222,4.712586657892055
16.49865184929351,2667371.368125703,1.900037923866139,4.750094809665348
18.33346058087495,3397337.4685771354,1.992522421762779,4.981306054406947
17.007589976395863,2810872.0523033338,1.905585803946379,4.763964509865947
18.234662892352027,3427949.4797627693,2.010756461918371,5.026891154795927
18.523717198296374,3416215.3093009274,1.9850888054149285,4.962722013537322
18.372896459095635,3375528.97194261,1.9840705052027243,4.960176263006811
17.066463690365687,2873475.265456941,1.9219974221442022,4.804993555360505
16.58410267746031,2567265.291571579,1.8578527098203712,4.644631774550928
19.229181798492867,3741781.5490198517,2.0373588027578533,5.093397006894633
16.817621563361552,2841191.972092621,1.9328101115679972,4.832025278919993
19.41059028327212,3794916.807146595,2.042587025637958,5.1064675640948956
18.893805198324507,3512590.0336875347,1.989356794578721,4.973391986446803
17.8005738255695,3208678.5889008325,1.9738325192833543,4.934581298208386
19.466666811483524,3945132.950729646,2.0807341235006995,5.2018353087517495
20.57849873406463,4326872.63579505,2.1187974824648474,5.296993706162118
15.115358454698713,1947833.9701638743,1.7606355641730056,4.401588910432514
16.412427319869604,2504801.0305138165,1.8478904797317948,4.619726199329487
17.374383182215027,2879084.9370320635,1.897291019939768,4.743227549849419
18.20298975494761,3369525.9578579618,1.9953506311996252,4.9883765779990625
19.12092816952997,3760031.9359090095,2.049120580793128,5.12280145198282
19.240869467829548,3773254.866046467,2.045301357377238,5.113253393443094
18.059330729053414,3373151.649693693,2.007302506605772,5.018256266514429
20.731837844587965,4379662.613016141,2.1277910501342645,5.319477625335662
19.14941867623938,3807254.819261064,2.0611316443171157,5.15282911079279
15.891826004630193,2213782.9084494086,1.7893015865795292,4.473253966448823
16.62979395114308,2563925.117963733,1.8494629692449107,4.623657423112277
15.865868770140956,2376067.716817338,1.8529297527210604,4.632324381802651
19.316609178447287,3801219.1328802695,2.0470272170682655,5.117568042670664
13.974714098479657,1566395.3316842914,1.7279139764359766,4.319784941089941
18.25344818050678,3115283.9615776334,1.9086038388109132,4.771509597027283
17.60807376781164,3033468.242637068,1.9314456778586466,4.828614194646616
17.302081966400618,3027534.407603408,1.9545835266501483,4.88645881662537
19.502354448468108,3965408.9087309996,2.0835977860494697,5.208994465123674
19.738944977379003,3914590.830484677,2.0557274613289125,5.139318653322281
17.35955530729043,2907006.1097464366,1.9096207690505789,4.774051922626447
15.608828403924612,2226621.040143689,1.8218098896692756,4.554524724173189
19.513322661892097,3803257.9284234373,2.036343257652752,5.0908581441318805
18.509023501347755,3608196.2056632005,2.049125052563476,5.1228126314086895
15.644924946293237,2198382.4575390154,1.8059805095405892,4.514951273851473
21.59033230169538,4778779.265708677,2.188761159071319,5.471902897678298
16.773557138969576,2640206.6195718814,1.8660712513521545,4.665178128380386
19.823070896754345,3984456.464728075,2.067908103615946,5.169770259039866
18.075584125153156,3213485.8189011626,1.9539862004617914,4.884965501154478
18.06321072367418,3222335.8006613245,1.9582727036121215,4.895681759030304
15.783318966703952,2379470.3953332407,1.8621454286243893,4.655363571560973
18.696669468856374,3616490.131106099,2.035343188462691,5.088357971156728
21.45833542388207,4770176.21611379,2.19046558817304,5.476163970432601
15.288406578794289,2076156.4152932074,1.793869100226728,4.484672750566819
14.667005167057724,1789014.2524673203,1.7412693114557833,4.353173278639458
17.861697441700407,3228728.505092033,1.974802286730475,4.937005716826188
15.265438570179303,2050902.0391195556,1.7861351067406062,4.4653377668515155
17.119547755458786,2929020.448525671,1.937732194834002,4.8443304870850055
17.859410185781766,3075940.4078564467,1.9261612609904024,4.815403152476006
16.261802542557913,2573257.3148393696,1.8881609562883788,4.720402390720947
16.401665766416663,2640460.97149738,1.8992617868985824,4.748154467246456
16.422157446555797,2573728.6746660955,1.8732084169203929,4.683021042300982
20.19804203913056,4228497.97966939,2.1142743358532687,5.285685839633171
18.13552886516774,3246545.905751479,1.9605983461513203,4.9014958653783
18.44622907025495,3267682.7378670024,1.9455059539936512,4.863764884984128
18.93017244102515,3740264.22857658,2.0561456565564526,5.140364141391131
19.877170126657482,4139514.991220303,2.1094609318824715,5.273652329706179
22.108983234992085,5090665.791640635,2.2430836338307962,5.60770908457699
17.709087032639403,3081914.2470799666,1.9408215248069778,4.852053812017444
15.748413508455283,2292729.9671554724,1.8329364556261878,4.58234113906547
17.52132285828205,3158444.3277062485,1.9801166362501836,4.95029159062546
16.10029884399571,2322515.9461854035,1.8099058278084286,4.524764569521071
17.517879964196894,2925016.904584594,1.9016863800790806,4.754215950197701
20.590577977246284,4472468.409586567,2.16051794788889,5.401294869722225
16.81911965115046,2717211.139405041,1.888474208899438,4.721185522248595
17.52728484065735,3076995.080011135,1.9529232756190569,4.882308189047642
16.187276370177074,2461666.8289534673,1.8550368142515674,4.637592035628919
16.42553094590817,2479688.753004561,1.8381877451676727,4.595469362919181
19.83873026470595,3961377.0990714515,2.0620055790440097,5.1550139476100245
15.02075797987854,1908299.7508622175,1.7528508257795117,4.382127064448779
19.68755058087377,3893660.100711407,2.050576274789384,5.12644068697346
18.993187901249907,3562126.1928206095,1.9980927021225852,4.995231755306463
20.87821329818493,4537071.528529015,2.162292297635804,5.40573074408951
17.025587258295726,2822948.165911196,1.9071595633069978,4.767898908267495
20.308630146910602,4352873.403356755,2.145222853367481,5.363057133418702
16.7017790188996,2764163.318725829,1.9148868987766303,4.787217246941576
15.169659307924777,2061434.6147586396,1.8009726466906362,4.50243161672659
17.264026933450705,2832219.6567652132,1.892250502069995,4.730626255174987
16.36209730504914,2542712.301684716,1.8671372993392445,4.667843248348111
17.40546652652901,2867178.0763234105,1.8909352133162305,4.727338033290576
23.27906515883924,5517672.861674273,2.2891288862635264,5.722822215658815
16.567251098311118,2596419.9809862804,1.8664571250296016,4.666142812574004
14.99367129680027,2005582.41904529,1.7986187979161892,4.4965469947904735
13.333293055402141,1246509.3745552255,1.6572543932604316,4.14313598315108
20.155683107429635,4247402.765137046,2.1222002924437215,5.305500731109304
16.126154018462714,2489043.467264247,1.8710475042872718,4.67761876071818
20.75978668593137,4237990.250827006,2.0845367268939636,5.211341817234909
16.920086661526888,2722390.373336845,1.881627970872359,4.704069927180897
17.200557058759024,2914544.617328912,1.9239958716298748,4.809989679074687
14.654287440309165,1780580.4308728008,1.7414042842446715,4.353510710611679
17.0821363447738,2915900.9506631177,1.9350198712501776,4.837549678125444
18.17941665272327,3409407.4879945815,2.0069745682368234,5.017436420592059
15.642861423530574,2253070.011459818,1.8289781973613963,4.572445493403491
20.377560781097493,4223191.446893232,2.1031763401307346,5.257940850326837
15.006312678435506,1978348.1792296953,1.7836313304423153,4.4590783261057885
17.580568723085644,3090532.802803618,1.9522888447899993,4.880722111974999
17.248938623267374,3065072.4890501425,1.970990708505544,4.92747677126386
18.87710198348227,3488462.6857331432,1.9822522484942675,4.955630621235668
19.036804903743754,3569633.138448448,1.997422170340901,4.993555425852252
18.037360377145916,3098476.110874948,1.920879395907006,4.802198489767515
19.09865150320458,3574504.9237016086,1.9946180741797053,4.9865451854492635
20.401816259144525,4339030.5347893555,2.1349886434770857,5.337471608692714
16.071925065048177,2407011.695366081,1.844690280322814,4.6117257008070345
19.928278367719333,4016859.969968226,2.0717128288035624,5.179282072008906
17.486546756405865,2927023.414688942,1.906175512588469,4.765438781471172
20.668221908187178,4347787.368268028,2.118681685603819,5.296704214009547
16.009287280334462,2407900.137483619,1.850788791159109,4.626971977897773
21.494495202975727,4697091.283295371,2.169145488331432,5.422863720828581
16.40120769355784,2668919.5160489865,1.9097967085251797,4.774491771312949
17.73123724074297,3116094.753907524,1.9475076174016572,4.868769043504143
20.19448454371662,3975443.457097128,2.0422920131975215,5.105730032993804
19.11177519245497,3674736.594572071,2.022254955981956,5.0556373899548905
15.997486969702802,2315112.7030903567,1.816372162053688,4.54093040513422
20.85058380977587,4493916.8749678,2.1498091140100404,5.374522785025102
19.581667140324612,3904386.1997690266,2.064043564197137,5.160108910492842
18.377398332536888,3505603.6464210646,2.0263943923481547,5.065985980870387
14.181245107666696,1622043.6647053566,1.728817639241381,4.3220440981034525
16.07398629935275,2458512.4790715864,1.8639414128426322,4.65985353210658
15.974201402026434,2392221.7881226605,1.8497088998577713,4.624272249644428
15.731306643880473,2262382.2440889813,1.8231204107890078,4.55780102697252
15.60473584083657,2166526.072624255,1.798889482529095,4.497223706322738
18.771776495320893,3486041.541049544,1.9915860759966322,4.97896518999158
18.60504909149354,3297274.031862393,1.9424778905110858,4.856194726277715
19.661480606327043,4016954.9650869295,2.0881462895254006,5.220365723813501
22.73135850790762,5352718.9706439115,2.275472436275673,5.688681090689183
15.027901316838378,1974256.0955376076,1.7809154730085939,4.452288682521485
17.753491124313214,3118046.816478906,1.9466819588344686,4.866704897086172
20.697267652972418,4166744.851313782,2.0683395737768615,5.170848934442154
20.343118894494296,4352353.185226532,2.1418584176140385,5.354646044035096
19.185371243752968,3787986.338483881,2.0510288483238153,5.127572120809538
18.21480734803953,3249852.6724959407,1.956784773317987,4.891961933294968
19.96112611643326,4029051.0593513055,2.0739460961398812,5.184865240349703
18.32090934582242,3350117.733550054,1.978169701995261,4.945424254988152
16.398613728334,2594744.5561360326,1.8838973969678472,4.709743492419618
18.817397874477958,3580553.1888607647,2.017662804465261,5.044157011163152
18.59908723512751,3535270.406407972,2.015244662472999,5.038111656182498
15.125072617125612,2043278.6592126237,1.7983800744165697,4.495950186041425
16.913215432067584,2787563.966444552,1.9036869272608767,4.759217318152192
18.672872988317412,3602054.5773245124,2.030819234624488,5.07704808656122
17.127065573952272,2911904.680470893,1.9324621950747192,4.8311554876867975
19.951631049543206,4006340.661975925,2.064999492047714,5.162498730119285
19.36953674224351,3789761.1289923918,2.0416348884465783,5.104087221116446
17.769078414407467,3205137.4393633595,1.9761081902435078,4.94027047560877
18.91376019470328,3424431.3059581686,1.9597444435871594,4.899361108967899
20.535288351161963,4287506.206688402,2.1116404409935723,5.279101102483931
15.0074672476056,2060156.7038831785,1.8197455458174832,4.549363864543708
17.903712878795574,3311366.5606297506,1.9984884700471128,4.996221175117783
16.333664288274917,2469316.1773626413,1.8414614640209153,4.603653660052288
18.661314116520188,3503402.593781544,2.003101548873615,5.007753872184037
20.327264569551893,4242461.180951687,2.1123527919186733,5.280881979796684
17.49941533870625,3100524.7810115702,1.9630432506819129,4.907608126704782
16.041197071158763,2447164.264097512,1.8621651673143853,4.655412918285963
18.923259247246847,3785118.898366579,2.070905826674232,5.177264566685579
16.017464460888565,2351652.4101163046,1.828959788718411,4.572399471796028
19.962839356860652,4184503.1251657195,2.1172027187813534,5.293006796953383
15.180478726631774,2110230.2822313206,1.8215549772262287,4.553887443065571
20.427634810404662,4316752.24625793,2.1250881255447363,5.31272031386184
18.885466989280797,3630851.1779495506,2.0266675768810956,5.06666894220274
15.995321082372026,2413581.5873915665,1.855827889497719,4.639569723744297
16.888716424261887,2870271.3172585526,1.9373928509182274,4.843482127295569
19.570337831663576,3886613.9568285644,2.0565380764488257,5.141345191122064
16.862696389548958,2696101.994417335,1.8770449431419831,4.692612357854958
20.11637148882375,3995841.1644551344,2.0547205426451267,5.136801356612817
19.08786915486047,3763329.6234139353,2.053390580857556,5.133476452143891
17.33334975250149,3024275.390509364,1.9507074984697863,4.8767687461744655
20.03290040846677,4099917.024861606,2.0867714426368513,5.216928606592128
19.012742803054692,3754654.113097326,2.055732378870029,5.139330947175073
16.839288144422436,2692473.924884418,1.878691327281766,4.696728318204415
15.16796163497931,2018937.5703570778,1.7842023083777472,4.460505770944368
18.589845811674376,3372388.9207106074,1.9655687176277359,4.913921794069339
20.912072290488283,4594116.510590181,2.1744113057704175,5.436028264426044
17.146954239849023,2870007.462444771,1.9135465147535686,4.783866286883921
17.628173697874438,3142292.472910082,1.9659009636363993,4.914752409090998
15.473024474337361,2112901.8284113193,1.7915100334442033,4.4787750836105085
17.157306516201288,2890767.6408895925,1.9198589324534374,4.799647331133594
14.333075383431538,1655548.1134900292,1.7222150214051262,4.305537553512815
15.523569712590168,2154371.2142661903,1.8007159408336204,4.501789852084051
19.20737697587729,3856334.5060839467,2.072741870525237,5.181854676313093
18.237288343522607,3279464.421999233,1.9632410695692268,4.908102673923067
16.000888681151725,2420393.5606761873,1.85507435716656,4.6376858929164
17.10829659062416,2816206.8057265524,1.8971946935131037,4.742986733782759
18.509282054488807,3550774.4164916696,2.028360216579408,5.07090054144852
16.63384109327406,2648288.0917225424,1.8812132455589299,4.703033113897325
20.820944982253643,4419874.6960804975,2.1324968081259907,5.331242020314976
17.68622504821873,3123148.379977515,1.9564538398344122,4.89113459958603
16.54808961015739,2550616.63807908,1.8522529581892475,4.6306323954731194
19.15555455566629,3641549.0077042514,2.0124268934505416,5.031067233626355
17.412340224987275,3043493.146695262,1.9513911579525505,4.878477894881375
17.713835661755972,3146910.3993263682,1.960073352307187,4.9001833807679676
18.388163590569317,3275713.535149254,1.950433105467885,4.876082763669713
13.113227714095444,1146484.0903879507,1.6365741311492044,4.091435327873011
17.52648234643295,3123205.780055958,1.968361873420656,4.92090468355164
20.76767227331151,4309031.193930089,2.104576062399068,5.26144015599767
19.19788150849058,3829334.6422353666,2.0662505700786165,5.165626425196542
17.95224714168928,3074223.9462443087,1.9207682399142563,4.801920599785641
16.49516794862176,2553402.2605624218,1.8582589113150545,4.645647278287636
21.632941502971903,4617829.674518752,2.1395019421043457,5.348754855260865
18.054275740229997,3289496.962289164,1.979801924247532,4.94950481061883
20.619242055497764,4235651.139602397,2.091423623181644,5.228559057954111
16.135549354812852,2394803.052675658,1.8346012359701342,4.586503089925336
20.000382702999598,4136872.5207921853,2.100916208303652,5.2522905207591295
17.519557418772223,2999012.723772496,1.9256078337110394,4.814019584277598
20.68749666423355,4254464.269364691,2.0930029704220208,5.232507426055053
18.21770562073628,3379402.524711894,1.9984637505834595,4.996159376458649
19.29227831266147,3747428.6578380913,2.0336800972589453,5.084200243147363
17.789798704208405,3003148.7105245925,1.9081331028939552,4.770332757234888
17.92762056643027,3164089.0511307633,1.9507898660588332,4.876974665147083
18.116941953119703,3221473.250187806,1.95301511501409,4.882537787535225
16.657964472356923,2580051.9228069624,1.8556198082084168,4.639049520521041
13.676120967284234,1414774.0497931866,1.6943313375168876,4.235828343792219
16.486065694195908,2581095.9892344316,1.8685057955493272,4.671264488873318
15.082397352448673,1978093.7923415694,1.776518111150036,4.44129527787509
15.420074357802104,2168371.0430670995,1.8190608405631303,4.5476521014078255
17.532762799174996,3035345.1400074456,1.9379624371355175,4.844906092838794
20.711479974050874,4387505.091829328,2.1291543863137,5.32288596578425
17.598657649477655,2898989.869725859,1.8867149755636141,4.716787438909035
17.423149003792894,2918284.891080289,1.9069656197609945,4.767414049402486
18.599141102031847,3559296.599455924,2.0238967222012496,5.0597418055031245
16.263958349799147,2502521.3874055054,1.8619026902898062,4.654756725724515
15.294413691280528,2117919.279626943,1.8122805433348461,4.530701358337115
20.082374016742378,4315949.070021725,2.1474826771302604,5.3687066928256515
18.92282682347084,3753791.8644281197,2.0602134129917724,5.1505335324794315
18.73625403957837,3614891.9007118326,2.033899939423333,5.084749848558332
15.811439909952218,2248992.216867922,1.8107485176740934,4.526871294185233
16.56521039611698,2648909.0738451993,1.8881617168925546,4.720404292231387
17.173559967614736,2859394.9760836633,1.9080464260156553,4.770116065039138
19.64303990932532,4162739.782464521,2.132695991516723,5.331739978791807
15.959783792052452,2361010.1086852737,1.8371476343250215,4.592869085812554
20.269686960834534,3924356.355364789,2.022094293380051,5.055235733450128
15.346144053818467,2113287.9601268396,1.8037546080476283,4.509386520119071
20.54598422294496,4328017.543293732,2.1237099536487536,5.3092748841218835
20.145853963259007,4142987.898892587,2.0946601219850995,5.236650304962748
15.862124899156903,2287501.8177847136,1.8191639199736969,4.547909799934242
17.36367849897411,2920168.1030515004,1.9115741732128766,4.778935433032191
17.25661122713875,2878865.2298374185,1.9072049934784032,4.768012483696008
17.077470909223557,2923627.8204322886,1.9365690767109256,4.841422691777314
18.13558319071864,3288849.2621348808,1.972972074828465,4.932430187071162
16.238605192158317,2450236.185286184,1.8454364234301075,4.613591058575269
21.611735747161266,4736191.5554661425,2.1719877429702703,5.4299693574256755
16.520108260863896,2658885.0044743298,1.8954287434123658,4.738571858530914
16.567362120268037,2709875.873024679,1.9093501801083534,4.773375450270883
17.61453232202308,2933983.3413396887,1.897251457073231,4.743128642683078
18.50590897222395,3502029.568213706,2.013996102178364,5.034990255445911
18.397949105498324,3229602.8404733725,1.9361582112255797,4.840395528063949
18.118503247411645,3257278.177541334,1.968439637376812,4.92109909344203
15.066418930666892,1933994.8330688206,1.758991446053705,4.397478615134262
19.029177335680238,3769404.25613314,2.059727761300336,5.14931940325084
13.94519884936065,1537223.3137849802,1.719055309245664,4.29763827311416
14.393453048497285,1680702.866517257,1.7270529032034478,4.3176322580086195
14.636754111041594,1800377.870545893,1.7520921210719318,4.380230302679829
17.11267893936348,2823535.359536415,1.90123625811302,4.753090645282549
15.596553810040525,2212196.3233412094,1.8162861116636284,4.540715279159071
17.86192564954576,3204537.398236934,1.9661734383935556,4.915433595983889
18.396492635717077,3446241.715821065,2.0038933662382554,5.009733415595639
19.600709227855127,4015345.679906493,2.0907987155445977,5.226996788861494
12.728197098754123,1025702.4764181161,1.6311457551482869,4.077864387870718
17.223944117495016,2887509.4559127865,1.912020420449709,4.780051051124272
19.89281299794343,3965760.3724141214,2.0609503742793205,5.152375935698302
15.110928951991465,1969092.578676832,1.7703820839069164,4.425955209767291
18.752201700624262,3596781.475167076,2.0226329798386105,5.056582449596526
19.50739703921991,3942066.9401843976,2.0754975674694216,5.188743918673555
19.490442383493665,3772381.159220813,2.0262869979800144,5.065717494950036
18.20138025051854,3290552.5605834136,1.9690186692603513,4.922546673150879
14.98048598046613,1975582.6775958193,1.7872042121034168,4.468010530258542
19.794245805259525,4140928.123183351,2.116728043944126,5.291820109860314
15.555683287212506,2265604.402035821,1.842647034021901,4.606617585054752
16.710692944627723,2774667.876007119,1.919010905703021,4.7975272642575515
18.565863521078185,3412674.8106946824,1.9820266449673385,4.955066612418347
13.736801582140812,1396500.6022705436,1.6763343456063635,4.190835864015909
14.637205737699466,1800150.7299462715,1.750598446295302,4.376496115738255
19.49930172040535,3779001.8142949073,2.0320960776258983,5.0802401940647455
21.667083162106305,4987453.696465277,2.239410385382347,5.598525963455867
20.33903635459233,4333872.873819186,2.1362961809332326,5.3407404523330815
17.155642948192007,2976498.5666188253,1.9485930278734844,4.871482569683711
18.303022114988554,3120399.650678735,1.9087403417508249,4.771850854377062
14.944267794267763,1980603.2349438872,1.7955267137878894,4.488816784469724
20.058201756605243,4138753.9345062375,2.1017863861552972,5.254465965388243
15.80995982532043,2261467.0991842905,1.8160805328910277,4.540201332227569
20.804195884872723,4448963.484529432,2.1423417179851865,5.355854294962966
16.62583448540027,2718443.4965601387,1.9063251410617579,4.765812852654395
17.66036300153486,3105361.2549475776,1.9524959852269304,4.881239963067326
16.471818611198618,2655674.688911657,1.8980328043124677,4.745082010781169
19.884977318739505,4074055.2175809126,2.0929752350804116,5.232438087701029
18.57599329292283,3311432.0919786748,1.94937705709434,4.87344264273585
19.793868189019204,4082541.3214607304,2.100831189411026,5.252077973527565
19.591979240348945,4008269.292113089,2.0929047445227624,5.232261861306906
18.684995351570976,3720769.254398047,2.069267349658715,5.173168374146788
18.073788291358085,3210464.119509384,1.9534875639213953,4.883718909803488
21.677421394261366,4804351.338770406,2.1882264143333487,5.470566035833372
14.963787944165507,1918127.9746772898,1.764623896144688,4.41155974036172
21.061637759879925,4395220.051985659,2.11265949678953,5.281648741973825
15.304901805615323,2030933.4041037112,1.7732305823567636,4.433076455891909
16.382697111226953,2549864.468503017,1.8689258616694204,4.672314654173551
16.323707067570247,2504564.6236235127,1.858115187247407,4.6452879681185175
17.0497755291104,2862968.503766873,1.919216809081023,4.798042022702558
17.205754381204528,2860856.1291479263,1.9046570135883334,4.761642533970834
17.599183095462223,3038549.846905385,1.9335989454360563,4.83399736359014
15.540212209161908,2115885.532220776,1.7835246552304909,4.458811638076227
20.359223438379747,4335496.306340262,2.134740123269943,5.336850308174857
19.380331822744235,3808920.024829259,2.0483332963874403,5.120833240968601
20.675973522502545,4372469.023164706,2.1246543672449536,5.311635918112384
18.25329018307178,3296109.515725118,1.9664336512615692,4.916084128153923
20.019197524053723,4134016.541531382,2.102325965735924,5.255814914339811
17.976742938428547,3275928.146211976,1.9826926301449141,4.956731575362285
18.38016436112886,3396577.361267397,1.989514521831484,4.97378630457871
18.37329874424194,3438069.8301884923,2.0034473635844043,5.008618408961011
17.20160808860982,2960631.2998647466,1.9399373450914807,4.849843362728702
17.12433668049782,2917752.315203565,1.9316849409626846,4.829212352406712
18.82210245894833,3516456.4864989556,1.9961908254685772,4.990477063671443
17.3211277368577,2968445.0907721,1.9331723903191589,4.832930975797897
18.827399414010525,3540650.1888426533,2.0007815976117245,5.001953994029312
18.972516193130474,3511416.576792783,1.9850769939222233,4.962692484805558
12.37853779487834,867830.2488604281,1.593611680252997,3.984029200632492
16.08617071378624,2455428.5631812364,1.8614289391564167,4.653572347891042
19.05449658654186,3790168.826771889,2.0639646470806086,5.159911617701521
15.741154168240712,2239551.9963844838,1.811784303119698,4.529460757799245
18.791558113548447,3502706.3739111153,1.994442626224657,4.986106565561642
15.713276322856595,2276576.2638843134,1.8302670954408031,4.575667738602008
19.500818043634126,4033465.063962141,2.103342784560209,5.258356961400522
17.496111138180993,2996770.9026556015,1.9277169240908876,4.819292310227219
19.27175091939317,3702461.365010676,2.0224541982093363,5.056135495523341
18.232103276418243,3353146.85082525,1.9870473628809906,4.967618407202477
18.10265740544381,3179162.7797910655,1.941267653790354,4.853169134475885
17.70647097408018,2985363.3513663327,1.9091877908596502,4.772969477149125
15.254707987326132,2065797.2562453113,1.7941406555371828,4.485351638842958
17.654658064894125,3026874.712848774,1.9268587100132495,4.817146775033123
18.927945749845332,3574926.200994254,2.005802049440797,5.0145051236019915
17.980964281445843,3128095.812959389,1.9336505733644263,4.834126433411066
17.196677993240538,2806696.1933784373,1.8868211461543813,4.717052865385953
15.562099151748377,2163218.1953332312,1.80109919344391,4.502747983609775
16.421674169503685,2466154.809988821,1.8329561470617928,4.582390367654481
20.378478490082408,4336144.9323310675,2.1372556641882627,5.343139160470658
17.81611308978317,3322289.099116668,2.010079482329351,5.025198705823376
14.522784833195225,1824182.1422261437,1.775697901902736,4.43924475475684
15.688288294904185,2268026.2581468327,1.8304405224649853,4.576101306162464
19.352800161996164,3909406.417606218,2.0764140724512172,5.191035181128043
16.47850548576193,2610429.4280650076,1.8815597521556735,4.703899380389184
16.954785864401867,2865945.6210137084,1.9287105028195217,4.821776257048804
16.20290180151722,2646094.605509213,1.9204398933041251,4.801099733260313
19.82674208570088,4130437.962329059,2.1100881975874617,5.2752204939686544
18.35514296625562,3266506.459624352,1.9500078144461057,4.875019536115265
19.81005967168028,4034758.988513832,2.083596421861363,5.208991054653408
17.572328254046198,3081044.537110314,1.948338343431306,4.870845858578265
17.4530532982474,2932054.0604539607,1.910622340197228,4.77655585049307
14.08302556615273,1517304.0930276355,1.6903023264610697,4.225755816152675
19.242540005289133,3620710.1089241393,1.99946198778852,4.9986549694713
17.455833823943912,2915591.8540201997,1.9049178625860226,4.762294656465056
20.273727353037827,4406806.012071353,2.16282391208606,5.40705978021515
16.19590717384223,2478592.0942722755,1.858445666520869,4.646114166302172
17.129983017234963,2782471.252375249,1.885571879963822,4.713929699909555
21.505422070468505,4686676.500933627,2.165752949896864,5.414382374742161
17.02695963714229,2915549.491270799,1.9396363841401414,4.849090960350353
18.220497951190453,3304364.830560107,1.9725698865085184,4.931424716271296
18.561924673939934,3389283.2935614493,1.9731105622800604,4.93277640570015
15.15648202113622,2007919.3035952076,1.7806513756225109,4.451628439056277
17.705961341849562,3055924.482157829,1.9318044346970529,4.829511086742633
17.5675555509198,2932509.960963917,1.900804298423203,4.752010746058008
16.52903562546313,2552573.739224567,1.855027421304387,4.637568553260967
21.917647883623403,5037000.491565428,2.2380187439573103,5.595046859893275
16.695850323306026,2749992.378051201,1.9116253346672505,4.779063336668126
19.126977991678483,3684920.024880778,2.0248999583127953,5.062249895781989
17.961704906063105,3137733.097061457,1.9395691752266762,4.84892293806669
19.9186927060669,3976833.9052906195,2.0618858754596916,5.1547146886492285
16.074794078988354,2458539.0500394525,1.8619643735037708,4.654910933759426
14.597800702996011,1770512.9207520634,1.74423390111202,4.36058475278005
15.554348835875654,2308612.291599145,1.8581747687051267,4.645436921762816
16.64319811567305,2776346.232227979,1.927829571446403,4.819573928616008
15.588195204123645,2124194.486486775,1.782668990597024,4.45667247649256
17.994242865502287,3213898.0735516716,1.9614641652743425,4.9036604131858565
20.916986856077724,4454889.363298116,2.134853969712173,5.337134924280432
13.932918027569974,1504760.7107014256,1.7038192390472908,4.259548097618227
20.637821621191364,4313515.042907525,2.1135186047684913,5.283796511921229
17.95675032733868,3288283.627510486,1.9900783586910062,4.975195896727516
17.727912874023733,3130543.5649718307,1.9548713081848241,4.88717827046206
19.612329393022108,4000035.538111856,2.087014464734195,5.217536161835488
17.533720524573337,2931571.606821445,1.904102374901675,4.760255937254188
16.333320646278416,2540709.071318808,1.870201326761565,4.675503316903912
19.25265178029969,3779796.160448243,2.0462477897235276,5.1156194743088195
16.180516737205686,2518524.79153869,1.8738772194549758,4.684693048637439
18.654087770417817,3296150.9767489983,1.939906377660601,4.849765944151502
17.88667492175866,3186962.0165049806,1.959414216160069,4.8985355404001725
15.112693946161059,1985232.6978731118,1.7755765854073002,4.438941463518251
14.978928841770323,1920148.1875528488,1.7640382867493634,4.410095716873409
19.74904985683874,3826580.127939976,2.028759914055712,5.07189978513928
14.085043425026345,1588392.1700251605,1.7233894749210947,4.308473687302737
14.115772500870772,1667687.8506709011,1.758289876382324,4.39572469095581
18.43929492046921,3256190.510421319,1.9413786280417449,4.853446570104363
18.068445956617275,3224792.8637791015,1.9553854650210507,4.888463662552627
17.94669482468292,3247368.3678080523,1.9764512583478335,4.941128145869584
15.834064846915874,2283645.52626013,1.820614550194471,4.551536375486177
16.956528880520906,2843509.740313545,1.9230596763332053,4.807649190833013
17.529988867377845,2840295.2335162405,1.8736327635806054,4.684081908951513
19.467835071444096,3965925.9256906295,2.087251670671201,5.218129176678003
16.50550827943531,2642039.702061331,1.8904805384433165,4.726201346108291
19.599623106657837,3948143.591843065,2.073787222719243,5.184468056798107
12.271814082703326,850448.2953440016,1.605508159000428,4.0137703975010695
17.209672556039134,2910176.021688875,1.9217780444750114,4.804445111187529
14.867335008577598,2053018.2690698877,1.836726683283647,4.591816708209118
17.080651422269533,2727446.0219318056,1.8716718340430365,4.679179585107591
14.537629089669446,1831044.4076528382,1.7798844630785577,4.449711157696394
18.4545066506413,3366286.8674490396,1.9750301676895696,4.937575419223925
18.96065925734152,3710036.9586128024,2.0441891875346156,5.11047296883654
16.31278876072273,2573778.0034533693,1.884031135196609,4.7100778379915225
18.804044675590916,3476502.9808903625,1.9865012267116782,4.9662530667791955
19.239826649289206,3726655.258931634,2.0325876328280295,5.081469082070074
18.09169256250911,3209247.264088218,1.9523006163578276,4.880751540894569
15.949442468545971,2345997.8100127913,1.8318158000368352,4.579539500092088
15.429011063044129,2151030.039596034,1.80955932678003,4.523898316950075
17.536560930061796,3062709.473481668,1.9458559795582517,4.864639948895629
16.61040423354596,2820953.6971340766,1.9453534639126293,4.863383659781573
21.13938031488758,4704967.807817903,2.1927993613541013,5.481998403385252
16.455549740330788,2583206.2595201796,1.8737737952257925,4.684434488064481
15.888380606810838,2277877.4668252766,1.809922760905067,4.524806902262667
19.855124438425054,4026906.7376766093,2.079058589903146,5.197646474757865
19.411513623794697,3910904.6308175055,2.07422358710301,5.185558967757525
21.638446091477583,4897030.831052474,2.213342086680106,5.533355216700265
16.758673332028494,2723182.7797182435,1.8959894970393405,4.739973742598351
18.822103321975312,3406808.399892659,1.9639830243234866,4.909957560808716
19.673539262392392,3733379.788566878,2.0052493240173366,5.013123310043341
17.667468292761534,3077856.049007614,1.9412001282232192,4.853000320558048
20.392433451348026,4344255.884065257,2.135846290095913,5.339615725239783
17.10092721670371,2890735.035181475,1.925195015447845,4.812987538619613
16.05756046022888,2408930.30682718,1.844938498784352,4.61234624696088
18.69754124863874,3561808.9447398223,2.0176396430940007,5.0440991077350015
14.99986222869374,1930053.0701592946,1.7648088656113163,4.412022164028291
18.95455886765063,3604802.226043908,2.0111707540353967,5.027926885088491
20.694185599298653,4359458.870390128,2.122671562100061,5.306678905250153
17.94404822546001,3245820.6881225267,1.9743073105999538,4.935768276499884
15.871348668346052,2247523.672101385,1.8023218444386937,4.5058046110967345
18.054929822992417,3114845.814280901,1.922588872353705,4.8064721808842625
13.293543248702555,1301722.1806212189,1.695280526253553,4.238201315633883
17.36429356626603,2810308.1908353046,1.875586100792525,4.688965251981312
19.733334313780194,4044916.5239612907,2.091722651459098,5.229306628647745
18.861125003359458,3697187.23596198,2.0499050089495015,5.124762522373754
14.136455277269388,1584476.7974226512,1.715103776116589,4.287759440291473
17.555123478859436,3135692.469000765,1.9690793028666935,4.922698257166734
15.207647214592424,1997961.7991945222,1.7717233835352213,4.429308458838053
17.13371558292622,2647691.709048342,1.8400811845339506,4.600202961334877
15.462046309889965,2141694.8312699627,1.8016115155560353,4.504028788890087
16.036305292560726,2358607.8419810366,1.8290165594217909,4.572541398554477
17.348160061514783,2920778.3495571213,1.9150898216921173,4.7877245542302935
16.41399955863434,2342692.3746312624,1.7880761453472405,4.4701903633681015
17.19524985941763,2901740.2033940107,1.9218864170353749,4.804716042588437
18.81410875822016,3817245.820145406,2.0858705106429896,5.214676276607474
20.463013220709225,4233019.720124352,2.0999956642720083,5.2499891606800215
19.572419897793345,3918567.6061174935,2.0646874403960838,5.16171860099021
17.50586968396286,3082595.0920359837,1.958390425372237,4.895976063430592
17.86845784039024,3155970.837658301,1.9515471945231844,4.878867986307961
19.90228471714275,3991774.377692462,2.0653367490253816,5.1633418725634534
19.977552009646526,4157455.8920650017,2.1114297813492806,5.278574453373201
17.996123798480788,3283896.773041209,1.98508071927935,4.962701798198375
18.34426700897285,3317905.2963080322,1.9675240491593615,4.918810122898404
19.112699895813854,3840387.701659048,2.0743513734215235,5.1858784335538095
23.406515411058603,5699103.041693146,2.3272907253857484,5.8182268134643715
19.163578984663676,3750677.319825317,2.0421619776146605,5.105404944036652
17.69859349542655,3038177.3093174277,1.924087129306388,4.81021782326597
17.613835134125665,2864847.333921357,1.8735821188269808,4.6839552970674525
19.285123191821786,3802806.8549872944,2.0523385944057533,5.1308464860143825
19.276456736437055,3682712.3191472013,2.0156582960064133,5.039145740016034
18.995104195797264,3687239.025557516,2.037636283946836,5.094090709867089
18.238438143553992,3368884.455309296,1.9928344065006725,4.982086016251682
14.888973493869573,1815624.9782196581,1.7276290586987582,4.319072646746895
16.468096917588106,2531751.3266083533,1.851730158476977,4.629325396192443
16.10479323152918,2427300.7479209937,1.8491910287879456,4.622977571969864
17.12330260380326,2813620.16235876,1.8969933084319108,4.742483271079777
17.523549706310405,2980922.2401143927,1.9209917824936733,4.802479456234183
16.64480440725511,2621566.7161625484,1.869289064747309,4.673222661868272
18.02954235281988,3179752.9269595044,1.948695791009118,4.871739477522795
14.66876380097335,1840575.5093015693,1.7660446859732435,4.415111714933109
16.3303035864925,2562345.676607224,1.8766930226419032,4.691732556604758
17.976824680572932,3103951.7231918992,1.9261137402933097,4.8152843507332745
17.42970254487901,2901887.985699487,1.9012073345380724,4.753018336345181
19.979834205419532,4022494.6235595616,2.0681401141155176,5.170350285288794
18.192448259122784,3272631.1216867613,1.9645522910033442,4.9113807275083605
20.50422267950738,4159921.0726588517,2.0770289164459506,5.192572291114876
21.34753873659512,4708739.651515222,2.181212904734128,5.45303226183532
16.584446706469457,2578886.380180628,1.8597204967332002,4.649301241833001
16.938385324940942,2768588.9311363464,1.89591259423109,4.739781485577725
16.088552160454395,2306122.8300253693,1.8036361347075298,4.509090336768825
20.212168024681134,4204172.039086958,2.1084473371599133,5.271118342899784
17.41418508742538,3111611.643882582,1.973435356204395,4.933588390510987
21.665547787164385,4941888.605577106,2.223634651427366,5.559086628568415
18.385010146567083,3328772.9520864394,1.9673704221735544,4.918426055433886
16.31551717146218,2596627.417391303,1.8922603379384615,4.730650844846154
16.28279935111694,2512931.0899564056,1.8620608198794353,4.6551520496985885
20.62180997463465,4400888.091816067,2.137771036706352,5.34442759176588
17.87224998589869,3314630.698597993,2.0033940506349133,5.008485126587283
16.25513129391718,2436845.7490326865,1.837405811041357,4.593514527603393
17.667118766044165,3154948.8698939392,1.9667111410679705,4.916777852669926
18.716106938419163,3536309.742229795,2.0099264196156197,5.024816049039049
20.35543308090093,4185767.3256937787,2.0955560887666604,5.238890221916652
20.016658946098744,4176431.116418723,2.11273988239719,5.2818497059929745
15.93195398390046,2254619.245440825,1.8014091439251703,4.503522859812925
17.987219230575867,3072294.0802228134,1.915109562311735,4.787773905779337
17.272412160345183,2972300.0975501295,1.938740405068667,4.846851012671667
17.301094885404233,2931081.8471245524,1.9220666807907127,4.805166701976781
20.115547179144055,4119634.883413476,2.0893827759730756,5.223456939932689
18.91949324901818,3588121.106768257,2.0097792839337667,5.024448209834417
19.766287478743806,4036369.2438464826,2.086406959344568,5.21601739836142
13.022561807396226,1111441.7256341595,1.6296068055157464,4.074017013789366
15.129003141834275,2004554.5876828851,1.781087396634423,4.452718491586057
18.17287636460929,3124049.4292014698,1.9193277304551326,4.798319326137832
18.87702609483053,3493936.3684459925,1.983470251559595,4.9586756288989875
19.13784830278542,3629831.243340806,2.0093730479558953,5.023432619889738
19.16566671786526,3685075.6550993193,2.023888450498593,5.059721126246483
20.920352308769363,4506355.572763454,2.1505172360178015,5.376293090044505
18.751608796808817,3505626.3812214714,1.9977515172770888,4.9943787931927215
14.119703757242252,1566468.594433141,1.7069214428561588,4.267303607140397
16.498837471823524,2519861.3132341104,1.84590412950794,4.61476032376985
18.114514656601255,3280900.2430530554,1.970769748947145,4.926924372367862
19.758884303799952,4043574.8803608427,2.0908181668269714,5.227045417067429
17.08298954144032,2899166.157992786,1.9286967734377283,4.821741933594321
18.745584072969933,3664871.6090553924,2.0465179386625056,5.116294846656264
18.951711396225246,3583727.484545395,2.0072537417838903,5.018134354459725
17.654530789268996,3025843.2678685645,1.9255237815114592,4.8138094537786476
17.924460985270073,3138639.9473032597,1.9419465787296675,4.854866446824168
18.419477457685574,3341737.159103373,1.9701545618608671,4.925386404652168
17.253292426111464,2958437.907441009,1.9365406362353292,4.841351590588323
15.951015843631101,2403032.4750090735,1.8548825972915344,4.6372064932288355
20.571880542746168,4403947.49520219,2.1436004383139777,5.3590010957849445
16.801617733781814,2707437.139595448,1.88593522995684,4.7148380748921
16.780573541123744,2640371.631487252,1.868313249276042,4.670783123190105
22.024972155683397,5111512.64971386,2.2502102790529652,5.625525697632414
19.629137502348783,4168738.440487423,2.1349019795231894,5.337254948807973
15.277432045220095,1947165.7101319972,1.7430692815223425,4.357673203805856
18.75604759674325,3380314.7640083125,1.9586083969383088,4.8965209923457715
18.908958928514295,3647662.299286347,2.0292484501442614,5.073121125360654
17.389302679031537,2914614.9142522765,1.909083604801391,4.772709012003477
19.43848564556463,3841623.9959706645,2.0510872084562988,5.127718021140747
17.729629353517318,3136532.6088282103,1.9570394967915417,4.892598741978854
17.798606536345375,3229615.9518323364,1.9805535883809633,4.951383970952408
16.541489986794723,2600318.3580801385,1.8706282628013051,4.676570657003263
18.632627381071853,3460452.371791729,1.9902045037640341,4.975511259410085
17.113689766211127,2947617.8008941635,1.94545717765233,4.863642944130825
21.24561018519573,4625172.895238142,2.1624728636039987,5.406182159009997
18.545383892791033,3631756.1391018787,2.0513800563590148,5.128450140897537
17.59907027487937,3006145.0871819574,1.9220483826963313,4.805120956740828
20.742501586466446,4266769.347441434,2.0939026024739293,5.234756506184823
13.758473055875653,1530558.2967960918,1.7424842810034358,4.356210702508589
18.096489706044117,3359806.9947657324,2.001379268550067,5.003448171375167
18.330303538130366,3347885.2472781483,1.977542818574904,4.94385704643726
18.543657919811007,3513104.486794142,2.013958928136971,5.034897320342427
17.325616279640354,2978293.376099311,1.9368606603691463,4.842151650922865
19.465879053041068,3886627.780469844,2.063647727769835,5.159119319424589
20.36668340347059,4301009.458337343,2.1247185043614936,5.3117962609037335
17.73978543598713,2985948.2676155204,1.907093243770767,4.767733109426917
19.86350563915842,3919882.206750755,2.048197899792757,5.120494749481892
21.610648452621064,4846145.748787621,2.203155975366618,5.507889938416545
16.863546652364537,2743201.3249534555,1.894386082701127,4.735965206752817
18.299935035811977,3355714.506432526,1.9823803164738378,4.955950791184595
16.242367642848187,2498079.7088424377,1.862229324969905,4.655573312424762
17.818253844416667,3174387.633703891,1.9608546283530601,4.90213657088265
15.180656517952706,1978863.0725166956,1.7657265660018637,4.414316415004659
17.068658659732705,2747748.8216696847,1.879677232819306,4.699193082048265
19.195758533125918,3806430.826619614,2.058792321950053,5.146980804875132
14.224311248426847,1665301.9683187325,1.7416250127056294,4.354062531764073
13.946784170110927,1536537.6749743838,1.71698022439266,4.29245056098165
20.237418868348335,4259110.047167795,2.122120061843973,5.305300154609932
19.136033768040473,3536862.0304507404,1.978921192757812,4.947302981894531
19.92099569834931,4030724.422823323,2.0738566941047973,5.184641735261994
20.609020837856452,4384650.7332743965,2.1348591073431598,5.337147768357899
17.87674977008138,3016233.619128973,1.9050750596956392,4.762687649239098
17.841274421045348,3135114.7858466953,1.9466586468452944,4.866646617113236
14.23412108903872,1611709.5811043344,1.7154466893112652,4.288616723278163
16.996507371568214,2829436.2059262386,1.9118871834443618,4.779717958610904
18.078221519254022,3286998.4712167755,1.9777574849658013,4.944393712414503
21.639808239999624,4961997.928744515,2.2315013957743184,5.578753489435796
16.560012890405073,2707572.2373521766,1.9088106804901286,4.772026701225322
18.327057372187717,3225546.179561968,1.9380858971495218,4.845214742873805
15.673813558414974,2245998.9860723857,1.820974500935128,4.55243625233782
16.566203249321475,2617063.87389589,1.8753566308660299,4.688391577165074
19.32928492697128,3704492.763841913,2.01734805420577,5.043370135514424
18.290315908416275,3415404.348792296,2.0031086519898222,5.007771629974555
19.11246477559143,3710688.8909764094,2.0378565362799748,5.094641340699938
17.408829922864342,2922068.2686901474,1.9080754375514806,4.770188593878701
17.230679961835982,2889917.197848566,1.914892162225475,4.787230405563688
16.115629945209452,2421736.0854075197,1.8460026682074138,4.615006670518534
21.921248606513544,4817631.556641336,2.180510063667932,5.45127515916983
16.114729921220228,2377967.1440641917,1.8302004339376963,4.575501084844241
13.439562706043207,1337456.015633815,1.6899842466974224,4.224960616743556
20.148848642408357,4171225.077641464,2.1013127470380013,5.253281867595003
19.915727360536195,4005949.1950751906,2.067242332622909,5.168105831557273
20.55790932521717,4355872.861782611,2.128010276834868,5.32002569208717
19.245900439513886,3623133.7027407233,2.0005325005196317,5.00133125129908
16.808719691388106,2703319.544296583,1.8852763124345253,4.713190781086314
13.982107158636392,1517286.3435934745,1.7022471721894454,4.255617930473614
18.30899257092331,3227687.078598529,1.9416263221552532,4.854065805388133
14.494822317266486,1774492.7202258436,1.758224840919618,4.395562102299045
15.784562499246402,2294966.8206435284,1.8289337927324452,4.5723344818311125
17.899315642801227,3110446.054611437,1.933529779813463,4.833824449533657
18.92338635087656,3870852.9884184897,2.097463709352093,5.243659273380232
20.63768575422047,4069898.64948053,2.0475409606795285,5.118852401698821
17.778248684890574,3099208.051731848,1.9388079769467437,4.847019942366859
17.931187283101167,3249047.5604287377,1.9777804527955487,4.944451131988872
17.20640951791974,2901721.370707752,1.917950495516008,4.794876238790021
17.03029194975354,2717066.663722798,1.872119955450993,4.6802998886274825
20.65112622369265,4444538.425173137,2.1502888882465188,5.3757222206162965
18.496178863088875,3395904.093317775,1.9824782591656078,4.9561956479140195
17.062377195140833,2753733.1956242556,1.8807906021000302,4.701976505250076
18.13446424051044,3242210.6723255524,1.9583177371636182,4.895794342909046
19.00736677628343,3602555.2386248764,2.009803905612528,5.024509764031319
17.471771355169796,3014998.0095193097,1.9357498023740045,4.8393745059350115
14.920254261554078,1908076.1068505086,1.7662740062360436,4.415685015590109
16.361522977283837,2507598.8482649727,1.8524000738523003,4.63100018463075
20.095149040507888,4078105.195476358,2.080377518918451,5.200943797296127
13.634875505986233,1481816.4750299966,1.738332222988863,4.345830557472158
20.18505260917145,4278843.445935501,2.1300438624160605,5.325109656040151
19.8503671506391,4062843.4507514834,2.0909612171932856,5.227403042983214
13.452932973429355,1263842.9957068758,1.6478242443659752,4.119560610914938
18.130444183672868,3265929.996274504,1.9666297094291796,4.916574273572949
17.92331032593473,3171679.1314625246,1.9496529830023934,4.874132457505983
16.903820908076604,2862624.4225124503,1.9327830522880614,4.8319576307201535
15.64028205508652,2211174.34125749,1.8120158293032131,4.5300395732580325
18.920732504946614,3523903.4337999374,1.9911762384653338,4.977940596163335
18.153812146483993,3176278.464625097,1.9370584875172894,4.842646218793224
20.754108991773144,4682194.172137979,2.205948683559113,5.5148717088977826
18.12918013215066,3156852.0086444393,1.9328307870916914,4.832076967729229
16.97517799211028,2812668.929284678,1.9078645531111778,4.769661382777944
17.97526728173471,3279818.2180550983,1.982871209266549,4.957178023166373
17.32462350980517,2989802.007640646,1.9387960768014316,4.846990192003579
17.937837003392065,3214687.7940080753,1.964335014461511,4.910837536153777
20.813943328067673,4568361.592032118,2.17369471729052,5.434236793226301
19.302015709722763,3810554.885495537,2.0509724915801293,5.127431228950323
16.59319730436266,2553126.0913796807,1.8495349256539975,4.6238373141349935
16.444437193758677,2474775.1760988496,1.8326123143962283,4.58153078599057
15.439811976086105,2082000.3135095201,1.7791680644852272,4.447920161213068
17.10023617325316,2804959.9963227315,1.89277638828144,4.7319409707036
16.044430227365524,2457839.010163201,1.8658603872226898,4.6646509680567245
16.129375190899275,2353466.112164284,1.8181737521428578,4.545434380357144
17.612686343641258,3033793.1801717244,1.92960023697627,4.824000592440675
17.9717518247428,3237610.80245289,1.9714965096911006,4.928741274227751
15.529583785325363,2192743.9371593855,1.8169640577150732,4.542410144287683
16.07817516903156,2442461.189736413,1.857626625166823,4.644066562917057
19.50786437272074,3849326.239922518,2.0474247014350553,5.118561753587638
16.099223090837043,2485319.6143516013,1.8725761125777345,4.6814402814443365
22.337627248154046,5053353.244189997,2.220156990155888,5.550392475389721
17.43540136407764,2784782.717897794,1.8621430732911721,4.65535768322793
16.73996926935577,2700197.435531497,1.8906364583211348,4.726591145802837
18.889867792556856,3670215.1689857077,2.0383516809538653,5.095879202384663
18.82330940991079,3467308.5123987645,1.9813264463851272,4.953316115962818
14.310926470161856,1731536.8424396105,1.761582793941585,4.403956984853962
20.78504345389105,4417421.707482461,2.1305784605266314,5.326446151316578
17.505134236499266,3088814.4912491534,1.9582245672097944,4.895561418024486
17.189305672427512,2889275.068450614,1.9175410736281753,4.793852684070438
18.2143527711659,3292857.1333319694,1.9679015830834539,4.919753957708634
18.94023025103515,3475282.623016732,1.9744142395956639,4.93603559898916
16.040124443879613,2330808.054373593,1.8181415859110777,4.545353964777695
11.511304401114252,562356.3174317712,1.5642144893256384,3.910536223314096
20.319550212581916,4190709.9378051637,2.0969446652583805,5.242361663145951
18.95043338469218,3580117.7112580603,2.0075158079072044,5.018789519768011
17.83511659083996,3117559.152874738,1.9413568984122638,4.853392246030659
17.99314111480781,3281480.9217656683,1.9855602994473696,4.963900748618424
18.983981874775434,3677981.952866802,2.034074579399433,5.0851864484985825
18.4850747644294,3586248.789440213,2.039521376980364,5.09880344245091
15.211536724803508,2129820.634056964,1.8254199636813577,4.563549909203394
17.854530718496985,3105352.4118970474,1.9347372536236838,4.836843134059209
20.286617761766344,4141140.4640868288,2.0842900855045463,5.210725213761366
17.716855837052957,3062521.059795318,1.9328907604957901,4.832226901239475
18.062391681396118,3264618.821761421,1.9722453166155818,4.930613291538955
17.791480985058538,3250535.567834433,1.9884893455851957,4.97122336396299
14.306619793727515,1781063.0626299912,1.7861804118080962,4.465451029520241
21.620820873795864,4689670.055203471,2.1601510578426937,5.400377644606733
17.256136256298827,2845049.3974312562,1.8958101467326778,4.739525366831695
16.01531838409487,2390498.562260353,1.8434402723750878,4.60860068093772
17.962414289908835,3126997.278017685,1.9344460592508153,4.836115148127038
18.289338686923884,3327483.2261128696,1.9744719031344198,4.936179757836049
17.16135671901138,3036620.428038042,1.9688131509323374,4.922032877330843
17.885454691582204,3128517.305495331,1.942317711731235,4.855794279328087
17.93782502179624,3251106.4766002456,1.9766863523936846,4.941715880984211
15.307424252455526,2102647.411639964,1.8021249585752457,4.505312396438114
18.912716248515004,3561225.617767825,2.0037785221822073,5.009446305455517
17.475825297974758,3122665.3108433075,1.971760515382452,4.92940128845613
18.40981190973372,3397447.5172946686,1.9889014313805453,4.9722535784513635
18.81064459377615,3456306.616763781,1.9770423971509024,4.942605992877256
20.246574484376524,4167695.526214174,2.095683136905451,5.239207842263628
13.536024823165382,1358612.3663074486,1.6863870156158083,4.215967539039521
16.212230523002535,2349806.558104546,1.8088110698228117,4.522027674557029
18.722437759463915,3631762.587225033,2.038054447673837,5.095136119184593
20.707082868563376,4467439.056044982,2.148690044778049,5.371725111945122
17.648948488119707,3052156.844422999,1.9337132348381303,4.834283087095326
15.678156415237442,2376409.8489398584,1.8732513934178583,4.683128483544646
15.342398128821166,2136895.912093075,1.8125040992099668,4.531260248024917
16.1693656075091,2470975.896920666,1.860346961029462,4.650867402573655
18.972694157904392,3702532.3812223487,2.042307707981721,5.105769269954303
15.460194001332784,2092429.5427419255,1.7832733618946086,4.458183404736522
18.91344321609654,3722395.082157247,2.052039005893613,5.130097514734032
18.207001762506735,3326276.4709454067,1.98075924292631,4.951898107315775
17.106812707670315,2939793.238321908,1.941769963943462,4.854424909858655
14.888445249119941,1932492.2475404982,1.7813535473279123,4.45338386831978
15.532345457711227,2192725.264472031,1.8157208746087636,4.539302186521909
16.23532464473978,2429516.3807837153,1.838088913604419,4.595222284011047
20.140285546064042,4102523.2197619993,2.081718490556512,5.204296226391279
18.785689554124406,3463975.8562749634,1.9850031379116237,4.96250784477906
18.675234680286266,3576641.6819758294,2.0246986712578585,5.0617466781446465
17.123952952111267,2926281.3767650994,1.934295390183319,4.835738475458298
20.05987297924068,4215882.854997248,2.1209787177042654,5.302446794260663
19.648911530313583,3912087.909681296,2.0573764933504513,5.1434412333761275
15.249262937046204,2054246.8007358843,1.791092456767909,4.477731141919772
22.222599847193326,5428965.258745572,2.3245296298581755,5.811324074645438
15.528730889500753,2311559.078057849,1.8632417915379251,4.6581044788448125
15.488955201475063,2152981.986568259,1.8023439433984463,4.505859858496116
16.867444314964075,2743706.2805062514,1.8926584461647016,4.731646115411754
17.740554238807317,3101418.421366387,1.9423110912149475,4.855777728037369
15.368455489504317,2149181.0634487113,1.8148374003001488,4.537093500750372
19.210055229621425,3859036.976452903,2.0719630416527526,5.1799076041318814
16.318541254981312,2468755.741882435,1.845077663876856,4.612694159692141
18.714478813110613,3566621.533484838,2.018893149937292,5.04723287484323
18.82482024776644,3510030.1808105437,1.9942232961342956,4.985558240335739
16.51729724794919,2648893.017125656,1.8922603856556206,4.730650964139051
19.40317815007404,3823864.098957504,2.048797319669061,5.121993299172653
18.9000527690673,3557887.085797675,1.9998033029445998,4.9995082573615
15.830495208483498,2244066.943422272,1.8049178735568467,4.512294683892117
16.925680098703232,2703057.6651451224,1.874587264673313,4.686468161683282
19.376423032839043,3886850.5429944815,2.0675196413030736,5.168799103257684
17.953893711303117,3058444.274140238,1.9150935552282191,4.787733888070548
17.55541328216994,3048515.461991938,1.9406775901226108,4.851693975306527
17.71447087592568,3076312.510915476,1.9381580180310596,4.845395045077649
16.430339310067943,2536201.5974371303,1.8572099619507216,4.643024904876804
17.97534051264642,3251435.4972329643,1.9746681982660317,4.936670495665079
16.21294987347499,2543503.9659229163,1.8824890908964873,4.706222727241218
15.165357543359015,2047158.0336416047,1.7975754105268866,4.4939385263172165
19.240002317382654,3845359.253795174,2.0669767009242737,5.167441752310684
18.449664861098203,3466845.470882249,2.007793106568438,5.019482766421095
17.6206322187787,3021951.988582408,1.9256280788662066,4.814070197165517
17.785925401441126,2956620.7010320965,1.8913769591482,4.7284423978704995
20.81178098017795,4167434.7687545335,2.0612807475087234,5.153201868771808
18.563971635625066,3547767.276987778,2.021327369191096,5.05331842297774
17.068069863503908,2688309.7749300674,1.856446989353989,4.6411174733849725
17.4475560291556,2869850.5015389174,1.890178973899068,4.72544743474767
21.728614645377963,4565269.2940438315,2.119441065389234,5.298602663473085
14.6772001362373,1809099.2209523981,1.7506990995994847,4.376747748998712
15.128276267659423,2074248.6620434402,1.812227609346005,4.530569023365012
18.450955262545076,3425853.704230802,1.9944944374175213,4.986236093543804
16.949457442733483,2676103.435811201,1.8614875359416805,4.653718839854201
18.32849928053801,3352170.7219615662,1.9794787857141494,4.948696964285373
15.082732663005615,2004552.6940281494,1.7879587061715037,4.46989676542876
18.840326129445593,3611318.5456756735,2.0237585933182007,5.059396483295502
13.027263708493496,1117701.6517771408,1.632628541337635,4.081571353344088
19.012990615083748,3637972.6236696932,2.0186795918531413,5.046698979632853
19.959716465135322,3932336.8111466886,2.0459745579980932,5.114936394995233
19.08527845329857,3821245.4057394667,2.071437918420653,5.178594796051631
14.86939727676404,1945379.1075503808,1.787373193370217,4.468432983425543
19.653681041793234,3872543.161629499,2.047453573008966,5.118633932522416
21.341424454034218,4594568.772986171,2.1478985519144453,5.369746379786113
20.649033847537446,4405378.241676388,2.139349439747109,5.348373599367773
18.412627952495207,3420281.9041236145,1.9923724669019574,4.9809311672548935
16.84602608039707,2957785.8233346827,1.9722797761581883,4.930699440395471
22.119013306981007,5061477.817933511,2.231163604597024,5.577909011492559
17.251491045333722,2927373.9996700464,1.925417751001674,4.813544377504185
17.605442848208842,3126320.4971916834,1.9617789856085193,4.904447464021298
14.516108130489314,1906686.326237671,1.8162771713230488,4.540692928307622
17.720200653176033,3046138.6222878946,1.9286525593155615,4.821631398288904
14.528430809377957,1822032.6898860754,1.7756075184001654,4.439018796000414
18.827339861011104,3521375.8671956416,1.9964277128771,4.99106928219275
17.156308663457544,2846556.7623449257,1.9048565099472723,4.762141274868181
15.951864196646337,2366085.2717477754,1.8397232984135643,4.59930824603391
17.479288707346274,2929756.85395455,1.9080304215188515,4.770076053797129
18.44565277318486,3441847.916338673,1.9997682859353654,4.999420714838413
19.537217430487264,3917467.7967934515,2.0677532810773163,5.169383202693291
17.832064382634094,3193258.282706838,1.9666188902398114,4.916547225599528
18.65952681981078,3588379.7744593043,2.0296840581057825,5.074210145264456
16.632279717623888,2657671.7086230796,1.8828131384277138,4.707032846069285
21.990701943361103,4752870.875972062,2.1573177092099973,5.393294273024993
16.939527902154538,2826239.658267636,1.9154062596080754,4.788515649020189
16.134096438454026,2427438.4346021432,1.8451119064430996,4.612779766107749
18.169282290626953,3425633.3863008376,2.0160825361501487,5.040206340375372
15.426814855703718,2094103.0326382695,1.7853809310107633,4.463452327526909
16.519202495419094,2667153.8012828054,1.8991942264095139,4.747985566023785
18.468820885651603,3519467.1865685657,2.020727253287303,5.051818133218258
20.284362906982413,4302061.016317213,2.1322440500512454,5.330610125128113
18.58807056050138,3464304.933590401,1.997758290069142,4.994395725172855
17.64528504472549,2981698.0722041614,1.9097971080946572,4.774492770236643
14.709547451201033,1928708.67854515,1.799232204306988,4.49808051076747
16.52801169413438,2557501.783574476,1.8563991107199938,4.640997776799984
17.07275254035285,2656638.2816575086,1.8461224896270365,4.6153062240675915
15.468480420926722,2158838.3612039806,1.8092088080940596,4.523022020235149
15.853552253755797,2224539.4458626574,1.7938874900701105,4.484718725175276
17.52651179583915,3026446.486491558,1.934877778240904,4.837194445602259
19.550639614100174,4031665.23321198,2.1015109945812696,5.253777486453174
15.607332397092733,2272442.8816205217,1.839063272906541,4.597658182266353
23.47481475328501,5815774.892102765,2.354006200121553,5.885015500303883
17.523223538723265,3156467.635397693,1.9775174921516423,4.943793730379106
16.593347731820195,2598981.895309409,1.8653450466864292,4.663362616716073
16.597244604415472,2497185.9284933256,1.830127637151912,4.57531909287978
20.779079701038093,4311438.020804799,2.1027585294897437,5.256896323724359
19.658450406965102,3817580.815652145,2.030185542221564,5.07546385555391
18.711569816734297,3582669.386932751,2.023253862968292,5.05813465742073
16.404237322646242,2485405.5770339966,1.8414979630829424,4.603744907707356
18.353551328440854,3313259.7129155593,1.9644171502523042,4.911042875630761
18.21632293267106,3355107.3770792577,1.9889707949302369,4.972426987325592
19.843185467736248,3954341.8498594416,2.0598237700780757,5.149559425195189
19.122207241670953,3777052.219450135,2.0515378042966628,5.128844510741656
15.90072436039165,2385075.9247041726,1.8525985408956371,4.631496352239092
16.23555472702547,2416657.8205844667,1.831375625819897,4.578439064549742
16.612015406514335,2584151.725444938,1.8585430871060722,4.646357717765181
19.066650969600808,3673902.822402701,2.025051809754912,5.06262952438728
20.955357439928868,4659074.397756432,2.189621236069671,5.474053090174177
17.67117881955338,3006862.4562797975,1.9188564895648763,4.797141223912191
16.90034955453319,2711584.9286041223,1.8801463577101305,4.700365894275326
17.494276584363533,3021919.9060849445,1.9372137234715994,4.843034308678998
17.968971584310367,3218413.1119840136,1.964391118123579,4.9109777953089475
16.925176963810973,2728617.099612424,1.8843266403657768,4.710816600914442
17.43324237230126,3059844.5790387373,1.9526541616625805,4.881635404156451
18.183906542672812,3289282.5272428496,1.9701436267476737,4.925359066869184
17.711797699255637,3100198.3647766663,1.9462745171912768,4.865686292978191
18.82960877026605,3594213.7233701274,2.019267444721418,5.048168611803545
16.968376079615453,2643118.6509404527,1.849674500740602,4.624186251851505
18.906559199989715,3661354.426763612,2.0355695639746547,5.088923909936637
17.70063851419552,3016616.7023258647,1.9169795061229526,4.792448765307382
15.386617767177713,2166152.983125476,1.822819988678956,4.55704997169739
16.929415352542687,2588201.981746709,1.8348471567318867,4.587117891829717
18.815740438234396,3592158.6490967423,2.0179350848817093,5.044837712204273
16.846426435739904,2760158.581553422,1.9017283344124594,4.754320836031148
14.595597032565323,1859797.0409666803,1.7837524457677922,4.459381114419481
18.474742229357098,3511485.5300692543,2.0175441265851126,5.043860316462781
13.998678753560112,1568830.3055928983,1.7278206257894535,4.319551564473634
18.317377431328485,3254113.800752518,1.949652162747788,4.87413040686947
18.371397329834128,3312284.4053996913,1.96330398670755,4.908259966768875
18.49266268798879,3563945.648445457,2.033626860302382,5.084067150755956
15.827310843357578,2225086.5088805566,1.7969346167711944,4.492336541927986
18.22073824891013,3252124.0053206803,1.9559833355499785,4.889958338874946
20.943008561675946,4658912.740921477,2.188691610330946,5.471729025827364
16.795142433595235,2691917.7123691076,1.8813740302244273,4.703435075561067
16.25001862075719,2524737.153307505,1.872674690908467,4.681686727271168
14.555452294578664,1761576.683045947,1.7430604507079677,4.357651126769919
15.470626715845913,2224501.190745637,1.8345890721200868,4.586472680300217
18.182705966281997,3200521.052517334,1.9436479765063324,4.859119941265831
16.898205131660472,2729068.9605551204,1.8863721649358474,4.715930412339619
18.176563546173476,3103609.8846343076,1.9098715102898627,4.774678775724657
20.263420634779862,4399117.9442122225,2.159828802438025,5.399572006095062
14.537101328620071,1905456.1192409564,1.8109057457963758,4.527264364490939
16.66514259296865,2671599.088709524,1.8861714736103576,4.715428684025894
15.508061286238316,2147920.903890512,1.797340311158421,4.493350777896053
16.34869798178031,2453858.662228409,1.8356904805004153,4.589226201251039
20.661978879895628,4335630.285840002,2.115639605512686,5.2890990137817155
16.345458858597706,2584760.799960479,1.885383766660082,4.713459416650204
17.775975963059707,3094441.600387375,1.9397208680879283,4.849302170219821
21.648245940814604,4953376.456211554,2.2305184609041193,5.576296152260298
21.256787848143112,4795598.127129185,2.211668674469192,5.5291716861729805
14.255284275511393,1569378.2002585148,1.691857802396854,4.229644505992135
20.012604693905843,4057291.5145028625,2.077891603695875,5.194729009239686
20.091847089107873,4170624.583313667,2.1078335670064887,5.269583917516222
14.864815530522835,1942594.5681557693,1.7849147762496054,4.462286940624014
20.261842872610124,4372890.280736675,2.152927910650525,5.382319776626312
18.977069916966236,3726321.1993584577,2.047286956567804,5.11821739141951
19.7950351331299,3980272.5896745194,2.0698070204880055,5.174517551220014
19.78035465585817,3970305.8385223784,2.070209587356849,5.175523968392123
15.888653357190963,2361693.946557914,1.844550660565482,4.611376651413705
14.350853778224536,1654289.9030397935,1.7209010380971141,4.302252595242785
18.26969360193338,3435310.297766473,2.01032165206826,5.025804130170649
15.772679057063698,2301214.8401017757,1.8353775454741135,4.588443863685284
16.9503675675988,2668748.4943655087,1.8587301282412805,4.6468253206032015
19.469991541991448,3867879.635219764,2.05544685911037,5.138617147775925
21.160138337982094,4909527.8699575,2.2450448947968247,5.612612236992063
19.18938362636822,3654220.9858774226,2.0108029200476403,5.0270073001191005
16.94628695538698,2900759.3029063027,1.9406958249609843,4.851739562402461
19.721557238039054,3977801.9526851354,2.074934862682038,5.187337156705095
16.92986885488803,2699468.9602360334,1.8723715882819432,4.6809289707048585
17.149094548572563,2857234.890701441,1.9089523276895028,4.772380819223757
17.216679846908956,2811619.0640565483,1.8877744465780382,4.719436116445095
17.59748379767274,2901044.727725288,1.8863623319762095,4.715905829940524
19.30711127696645,3931323.3881601347,2.086581193531839,5.216452983829597
16.015688051345123,2347510.6755731422,1.8270621664207876,4.567655416051969
15.71838955894167,2350638.3270805944,1.859341271797508,4.64835317949377
18.26273296205794,3436755.6001258725,2.012099174826627,5.030247937066568
21.294751499886022,4703223.327934999,2.1816827358351305,5.454206839587826
17.67128761133916,2957743.6897070985,1.9011642490987737,4.752910622746934
14.313640294252972,1620842.8389696674,1.7086824172557122,4.271706043139281
17.485617085721252,3004993.3917518575,1.9330457113556854,4.832614278389213
16.026848593349243,2398062.8898611674,1.8451583204694255,4.612895801173564
19.708012485507265,4037569.8621301614,2.0919072909302185,5.229768227325546
21.269014794212417,4612159.903586237,2.1565341078593376,5.391335269648344
18.46183361293612,3492763.8569346555,2.015738462127617,5.039346155319043
18.940436332961674,3573147.574913403,2.0047970290175123,5.0119925725437815
18.377940762076484,3361353.0324911196,1.9796835964918054,4.949208991229514
15.173460506641568,2101921.7091391645,1.8183802479226745,4.545950619806686
17.325632824293624,2968250.8588033896,1.9317321025648966,4.829330256412241
17.714958642102996,3181326.2017241614,1.9707047799759745,4.926761949939936
17.3152240267318,2933919.8953191154,1.9212689576514137,4.803172394128533
13.727229160382915,1493751.62162707,1.7300981536991462,4.325245384247865
19.338708399380366,3883157.6312319683,2.0711639545459932,5.177909886364984
18.4365004581023,3355503.6328951586,1.9722230838640622,4.930557709660156
18.702114798823068,3443819.5418147836,1.9816987070588399,4.9542467676471
19.051209006239578,3874132.8776439046,2.086893422616721,5.217233556541802
20.682347632084653,4460587.298837172,2.153102972418082,5.382757431045205
19.68828202793167,4073025.290158347,2.1028675050497903,5.257168762624476
17.94097298540265,3301477.487227571,1.9941969311336936,4.985492327834234
18.104485559846985,3328472.1517543066,1.9901808173693512,4.9754520434233775
17.750411045227786,3266865.4982243124,1.9945945364329365,4.986486341082341
19.753986952237156,4126301.641498928,2.1159618197002934,5.289904549250733
18.3187245115384,3109538.4527878063,1.9036785323787686,4.759196330946922
18.54858803980306,3330537.130675409,1.9559217994807403,4.889804498701851
18.11806133744449,3298829.434881836,1.9772915741724089,4.943228935431022
19.082209175830812,3653770.034412984,2.020311214826302,5.050778037065755
17.98379372064458,3365123.634083138,2.0105037564467536,5.026259391116884
18.10936646086525,3323036.6129182465,1.9846886844872407,4.961721711218102
15.610741945009,2206708.8102543494,1.8125426067850254,4.531356516962564
18.202212357035496,3102029.0240933653,1.9093919050512913,4.773479762628229
18.57258277615612,3583878.42431104,2.034254626812521,5.085636567031302
19.280172667448724,3682028.6791724684,2.015495610440035,5.038739026100088
19.072477605642256,3735890.125364406,2.0440635451675004,5.110158862918752
17.37988418451646,2864486.2908974513,1.8923286915927655,4.730821728981914
17.11678956469651,2844313.3829997275,1.9085917342384764,4.771479335596191
16.913433787562738,2656793.786813724,1.8581030462802761,4.64525761570069
19.810495324277746,3956054.157960822,2.0604184391849354,5.151046097962338
21.080106979926903,4608989.6090487335,2.169091591540277,5.422728978850692
17.3695811600761,3003102.306779919,1.942132295761385,4.8553307394034615
19.028901402603694,3560107.5530685103,1.9932777706033635,4.983194426508409
15.24366245989861,2072559.2948470004,1.798736849763269,4.496842124408173
14.698049687488046,1846878.432659803,1.764317972392184,4.41079493098046
18.986733736897875,3484687.138387846,1.9747216029492318,4.9368040073730795
16.090823865205795,2462570.5548291504,1.8640310983247936,4.660077745811984
19.093117589241217,3710406.520359277,2.034091415723371,5.085228539308427
17.834326126226753,3045526.370622321,1.9187760859205798,4.79694021480145
14.637030709804332,1776105.9234600859,1.739753763189536,4.34938440797384
16.32163858830684,2410441.4781180834,1.8228621163639538,4.5571552909098845
17.46655886420281,3142165.521530105,1.977455851508505,4.943639628771263
19.11358019409304,3727720.335385721,2.037160683125386,5.092901707813465
18.81333213944818,3766945.9714115253,2.072412113935194,5.181030284837986
20.969093611334078,4738160.132493476,2.2115246882644346,5.5288117206610865
19.658419274841997,3853971.152525654,2.041482364584408,5.10370591146102
18.513544743955702,3333337.8455161564,1.9597207807194126,4.899301951798531
16.304788532574,2585032.737705622,1.8893088581676871,4.723272145419218
16.28303165953975,2568800.7168324264,1.885650594532317,4.714126486330793
15.469026821139442,2164618.527236223,1.8121894666327982,4.530473666581996
14.526913951699205,1785267.630723902,1.7578434253921364,4.394608563480341
20.612501966167596,4342480.573971195,2.120035685844004,5.30008921461001
16.66744131616604,2717193.0333216507,1.9032387347635589,4.758096836908897
16.189398406449417,2474540.661430056,1.8585871354497951,4.6464678386244875
20.324287086811598,4240333.872996048,2.111627061259585,5.279067653148962
15.904776191087722,2432007.54980384,1.8709089888910186,4.677272472227546
21.456661348309837,4933644.790280629,2.231820852278308,5.57955213069577
19.82387017409877,4075187.849042575,2.097238153814649,5.2430953845366215
14.446579684402439,1721129.7588406168,1.7404180442100388,4.351045110525097
16.475738012109286,2614263.72085882,1.8843858034339942,4.710964508584985
20.30388874575251,4369582.438799729,2.150046497910693,5.375116244776732
14.239075080996578,1661735.2185844649,1.7393005349339965,4.348251337334991
17.65347691152912,3018032.2992584202,1.9217424767861302,4.804356191965326
19.26320192472413,3850703.6992045427,2.0665598202211326,5.166399550552832
15.8282710549976,2322089.833575418,1.8355322681649475,4.588830670412369
17.072769045739733,2782532.5256249765,1.8904894245903454,4.726223561475864
16.612064029081353,2555094.268512834,1.8476470981604438,4.61911774540111
18.252814471098166,3172386.6963784117,1.9295024669531289,4.823756167382823
17.455167465086816,2958225.620547968,1.9201828673965027,4.800457168491256
17.343974391996397,2970638.2308966713,1.9304892401776292,4.826223100444072
20.190110810001794,4200872.468859582,2.106735921043743,5.266839802609359
16.942304397688403,2818684.031588751,1.9124301193860345,4.781075298465086
18.899233806465944,3591290.4452966806,2.011401085126565,5.028502712816413
15.980652891153646,2428438.3315199465,1.861412952127427,4.653532380318567
21.176218702065384,4782715.785732263,2.209880197849068,5.524700494622669
18.41553748325495,3502746.453626468,2.0211673972569,5.052918493142251
18.393215844319432,3395976.2831741255,1.9889567073112375,4.9723917682780945
16.732263621426302,2699802.448178201,1.8902888108045877,4.725722027011469
16.62185808011314,2549967.828874613,1.8463483627579462,4.615870906894865
18.629787495336636,3401661.451770176,1.9718345574707083,4.929586393676771
15.727639552733041,2228867.1307396553,1.8099399958156184,4.524849989539046
16.245757810804974,2229797.3306368543,1.7628394899401143,4.407098724850286
18.71780283447011,3598614.6735828863,2.025860875340292,5.064652188350729
16.57790367622869,2653736.354547702,1.8882868874479637,4.720717218619909
16.579006427807496,2557962.878655864,1.8542845205409535,4.635711301352384
14.315238722851632,1711626.5934878476,1.752231695400484,4.38057923850121
17.53134087575954,2945282.8348318683,1.908719472420381,4.771798681050952
16.852703984898465,2738358.912257864,1.8934162588282768,4.733540647070692
16.80305584411046,2712065.6279827245,1.8893680321877233,4.7234200804693085
13.750633644101207,1547852.8046499696,1.7544358432710663,4.386089608177666
14.67853877660672,1866459.5411093486,1.7757380266229494,4.439345066557374
17.002230519851345,2955234.523613139,1.9546271561088562,4.886567890272141
16.24470252634309,2426888.817678473,1.835797919151495,4.5894947978787375
17.63012756802411,3127253.0815119036,1.9614017972912812,4.903504493228203
19.903938933599076,4130282.9804887185,2.1054126998566276,5.26353174964157
16.720690749489364,2669242.0909756897,1.8782422304712,4.695605576178
21.412559740838198,4752299.855751418,2.189661730768036,5.474154326920089
18.753261500738837,3453026.1363560995,1.9795724040726117,4.948931010181529
18.45401605950274,3551225.442092033,2.033028313536699,5.0825707838417475
18.294843008521845,3361581.2448585164,1.9865828437485642,4.966457109371411
17.76385742973432,3121766.6070505297,1.9491191242705002,4.87279781067625
21.086206659347305,4374759.186007888,2.104611949992579,5.261529874981448
16.79054658026111,2805414.600096047,1.9232381803920389,4.808095450980097
16.719888309106977,2539650.8387636757,1.8354239582855962,4.58855989571399
16.84691684502251,2625679.6517582294,1.853125374234457,4.632813435586143
18.56614824217997,3534012.7157305796,2.018583927181831,5.046459817954577
17.862174770211215,3195620.2588235447,1.962241542682078,4.905603856705196
15.521044163776686,2112571.3687804844,1.7861436147233598,4.465359036808399
16.673924181811106,2729099.359471502,1.9063054343946777,4.7657635859866945
17.476820266467797,3075578.595807273,1.9572922919374236,4.893230729843559
15.877590012698972,2374190.2977409204,1.8501640095067884,4.625410023766971
15.81450096332906,2350911.2832875215,1.8477589899882025,4.619397474970507
20.633220672041208,4453189.8653140655,2.1531155614355346,5.382788903588836
19.231405319220496,3917339.087202781,2.088545963456598,5.221364908641495
17.4057905955457,2860695.227068753,1.8898608964052015,4.724652241013003
15.144726407019672,2066579.3865633355,1.8062630740757077,4.515657685189269
14.876972897231667,1893971.2591195358,1.7637898000543206,4.4094745001358016
18.535468234976804,3501967.617060165,2.0115342376328225,5.0288355940820555
16.79792215995839,2582300.6293685874,1.8422650363022253,4.605662590755563
16.832345735481002,2727665.857713177,1.8901933640912603,4.725483410228151
17.454085061841162,2859701.1534848576,1.8854928695462856,4.713732173865714
17.873067264305952,3128103.3372684056,1.9428614261492618,4.857153565373154
17.865230599059622,3227449.61258642,1.9750881130351192,4.937720282587798
15.310897091558772,2001228.4903105544,1.7614801571411571,4.403700392852893
18.75042195246237,3777303.2009923197,2.080234769193455,5.2005869229836375
18.49163109163836,3524548.30451821,2.0220781744690837,5.055195436172709
18.153502018406353,3365464.695154817,1.9982000095072758,4.995500023768189
12.35500874679174,843712.320531847,1.581327352787113,3.9533183819677826
20.54581191466449,4564790.006143638,2.1872018281040164,5.468004570260041
18.615393516313805,3382896.518839713,1.9676317558996825,4.919079389749206
15.489131418028634,2187857.5001093233,1.8182775604370576,4.545693901092644
18.747340113005183,3719158.2704193853,2.0640144227626753,5.160036056906688
20.03911987790299,4299704.931948122,2.14611529802714,5.36528824506785
16.677391620239668,2659070.7323753415,1.8801159541564785,4.700289885391196
19.543244297372663,3681258.052300956,1.9983625948487058,4.995906487121765
17.715731899027688,3147483.650343473,1.960978027719611,4.902445069299027
19.180799527942384,3700554.696764102,2.0274624041441904,5.068656010360477
18.315684241507068,3321041.157620983,1.9694130114946924,4.923532528736731
19.75946936625712,4171013.379877677,2.1256212511711166,5.314053127927791
19.214948396438558,3831673.858378767,2.063431227783442,5.158578069458605
17.45348540409042,2901088.2682768023,1.9002033936313205,4.750508484078301
14.769867756042675,1854412.829937988,1.7616113391898938,4.404028347974735
18.444763096576832,3218203.0507471375,1.9290014923543808,4.822503730885952
20.355529647647728,4408016.7564751245,2.157038737526819,5.3925968438170475
19.893778273458974,4001662.2435021233,2.069224794437644,5.173061986094109
19.34513167631855,3793584.2579143923,2.0433719427740797,5.108429856935199
18.588239958328924,3479134.008263794,2.000925992457753,5.002314981144383
16.08430485338821,2336391.6586503405,1.8169679747782708,4.542419936945677
17.92539191344702,3098593.7170774555,1.929165782801464,4.82291445700366
19.158339639613263,3769675.729936205,2.049682532788406,5.124206331971015
14.533375784434721,1790612.8170341337,1.760683173119932,4.40170793279983
19.48352189599174,3843646.2281487854,2.0492504146575032,5.123126036643758
18.285003141721123,3303198.1885735663,1.967687888762606,4.919219721906515
16.846027172578903,2664282.7509058034,1.8686854143873226,4.671713535968307
18.31483278567072,3510725.1741179815,2.0300903622810282,5.07522590570257
15.807219691115627,2303882.76073068,1.8319641534933995,4.579910383733499
19.736795802279183,3926151.95772638,2.0586385127358198,5.14659628183955
15.180599337599322,2030496.90555315,1.7877386401316822,4.469346600329206
16.87448928849713,2704922.186886402,1.8797754604872898,4.699438651218225
15.806147813161786,2302056.4131622054,1.8320815551925391,4.580203887981347
16.86331219096435,2718621.687772844,1.8853849955403865,4.713462488850967
18.095856056696945,3334870.12065865,1.9915129476884417,4.978782369221104
17.20055396817324,2957459.5167620135,1.9396875019628572,4.8492187549071435
19.593619285288977,3804477.559940475,2.0311675607207342,5.077918901801835
18.163159869229606,3129084.0577876875,1.9196716050024532,4.799179012506133
15.04973586716325,1934589.4479011176,1.760804972961215,4.402012432403037
18.730860684916163,3585558.81339336,2.0216819769883085,5.054204942470771
18.017024938445523,3334496.776675067,1.9970709825561341,4.992677456390335
12.947430572235351,1166348.2167310873,1.6784567576935305,4.196141894233826
18.156542756085248,3328343.4501845166,1.984918184412616,4.96229546103154
19.806139376508302,3869730.070530027,2.0377252464672395,5.094313116168099
19.327765588212785,3726359.661590268,2.026047515327753,5.065118788319382
20.781175501847883,4650313.700481236,2.194713940366384,5.48678485091596
16.381586063271,2591105.7490991987,1.8834476018939503,4.708619004734875
17.44956584763171,2866458.169570782,1.8850849148133424,4.712712287033356
20.023045841883636,4146957.8091292987,2.1019101173673342,5.254775293418335
17.676655494643434,3060354.803046722,1.9341895204149164,4.835473801037291
17.935933994768206,3296100.637463212,1.9915831825199344,4.978957956299836
16.576121483096706,2645333.879998481,1.8846450729616262,4.711612682404065
14.150063998248076,1576881.1724717962,1.7081429578532688,4.270357394633172
18.942257765359074,3576516.3856153963,2.0045735338256594,5.011433834564149
18.092336532280285,3164934.473348554,1.9386209174030966,4.846552293507742
17.794697630970123,3164609.5968611175,1.9591408348782546,4.897852087195637
13.679414737202112,1382205.821567256,1.6789837532112188,4.197459383028047
17.898902687777586,3111891.0832089325,1.9357962777262878,4.839490694315719
14.15895185931928,1568584.9613211574,1.7047110501900278,4.261777625475069
16.54297879363069,2561798.391338705,1.8559193990043719,4.639798497510929
15.162584234929666,1960412.1097811712,1.7595453742170843,4.398863435542711
14.398320708974355,1686028.7066326877,1.7291843506668874,4.322960876667218
18.475572303992926,3263463.2866456406,1.9407289483155892,4.851822370788973
18.774374263209026,3485271.0997416098,1.9879399074212398,4.969849768553099
20.669824567284255,4443941.364533052,2.147857979299594,5.369644948248985
18.884065986073328,3630714.9696493614,2.024866822582311,5.062167056455778
13.455302249362887,1321804.7636108827,1.6809665566598677,4.202416391649669
17.19892436879842,2800428.4123225985,1.886141257812222,4.715353144530555
14.045076047815863,1630738.3398836032,1.750256098245866,4.375640245614664
17.885137480767543,3165437.468511055,1.9510099887050527,4.877524971762632
16.287186751310823,2505297.1434749654,1.8621407618382781,4.655351904595696
19.74893850049679,4008866.7266333867,2.079649793919564,5.19912448479891
15.59744138011916,2212572.3936457895,1.8146551159303814,4.536637789825954
18.096105767659786,3290928.167325476,1.9775699438832528,4.943924859708132
14.752450335900559,1843726.7124759946,1.7562656233219185,4.390664058304796
18.893502651030314,3509875.4364426127,1.9884851217547934,4.971212804386983
17.97738346628077,3252732.2996701263,1.9744436423362375,4.936109105840593
20.900236434391672,4200029.946624093,2.0673317830333158,5.168329457583289
18.143844054166223,3275984.3035706673,1.9691241693211015,4.922810423302754
19.03619461259605,3652119.239505505,2.024535182926322,5.061337957315804
16.569098315089214,2726498.3729674406,1.9136166217893067,4.7840415544732675
18.041864370095475,3310942.0350678302,1.988643638345731,4.971609095864327
16.921803838120077,2792943.4464236107,1.9075593089786138,4.768898272446535
15.390276464160667,2168535.2327561164,1.8204030121683061,4.551007530420765
13.025456563205019,1135595.7655899087,1.6433204187840753,4.108301046960189
14.621181280056717,1759297.3485552948,1.7335097473877437,4.333774368469359
17.952651710595124,3192703.763263628,1.9575585799062647,4.893896449765662
18.123854395822335,3266101.1864983113,1.9679545280922615,4.9198863202306535
20.14181183901549,4062159.720016475,2.0720761552219713,5.180190388054928
15.408743969879147,2108721.326076635,1.7949476869084264,4.487369217271066
20.345027696360617,4165972.108281592,2.088234759604373,5.220586899010933
18.803410738257153,3652491.0346926656,2.038826226802983,5.097065567007457
15.631181193244913,2239614.970607464,1.8237572938336075,4.559393234584018
19.09660632661181,3732624.101632218,2.0417839435183396,5.104459858795849
20.13807477265861,4136735.1084752204,2.09158050470436,5.228951261760901
18.44919791920816,3438759.2975321747,1.9984673537530586,4.9961683843826465
16.41010249196708,2572813.3659820287,1.87244072267543,4.6811018066885755
19.07027718418337,3703835.2552548097,2.0358904937462388,5.089726234365598
15.682442564497912,2176253.5212697918,1.7937464416677344,4.484366104169336
17.90941857882775,3149230.4692340456,1.9472975750206538,4.868243937551634
16.570546568108348,2527412.423551119,1.8428320515070282,4.607080128767571
18.0709427584943,3127792.8410748336,1.9271022034494802,4.8177555086237005
17.16459238208179,2753096.521921238,1.8712920772382542,4.678230193095636
15.03148948217714,1978752.9665693669,1.7836743560487736,4.459185890121934
16.310019575090173,2565960.902771529,1.8821070635722383,4.705267658930596
19.435181174146486,3861372.6722895093,2.057144037561145,5.142860093902863
18.045936237892434,3263777.28155692,1.973236740510273,4.933091851275683
19.12464605753876,3683671.2633171063,2.0266108907586924,5.066527226896731
17.044708484654137,2746532.781719597,1.8809899268693038,4.702474817173259
16.313847924401557,2497468.4310882697,1.8567513416288675,4.641878354072168
17.106552571882162,2876840.2885193164,1.9183134883679636,4.795783720919909
15.041733238097255,2011377.6792642288,1.794220362571846,4.485550906429615
19.15306737110436,3780092.417136633,2.054503288213654,5.136258220534135
19.942322860922634,4055934.7008645153,2.082446051752904,5.20611512938226
18.644013786522006,3357541.6541812792,1.960428708684151,4.901071771710377
15.67624022874703,2310128.1688350486,1.8479763956087991,4.619940989021997
16.99866678794839,2747823.190837783,1.8857688177567973,4.714422044391994
23.464005788928844,5736033.147278806,2.3375385738894967,5.8438464347237415
18.08907258771746,3121907.950769632,1.922309128222116,4.80577282055529
18.704592420604627,3370273.373909045,1.958458627385275,4.8961465684631875
19.053120991970317,3490472.998249607,1.9727121495762092,4.931780373940523
20.672399743903867,4175262.9046451915,2.073942410358528,5.1848560258963206
15.036249894779697,2019162.1642407216,1.7984022895839509,4.496005723959877
15.77824487060484,2390114.0262457374,1.867092382277396,4.66773095569349
15.051600845684199,1939891.704392192,1.7636286977076419,4.409071744269105
19.254178475857398,3744364.185038912,2.0364323336430994,5.091080834107748
17.380821712336036,3044859.9720944995,1.9547115975719138,4.886778993929784
18.447025357896663,3367903.0158767905,1.9751323472842943,4.937830868210735
16.294430586601607,2492695.9893348096,1.8554302604730069,4.638575651182517
17.824246697458946,2849963.487590745,1.856050871674192,4.6401271791854795
18.507655327988015,3388791.300719373,1.9781248197196417,4.945312049299104
18.195459722505024,3196303.303123885,1.9403921690641672,4.850980422660418
16.665605846814245,2728622.1756733432,1.9058521604956813,4.764630401239203
19.84608358689661,4312824.203988069,2.161987297302061,5.404968243255152
17.77880769990816,3159643.268760152,1.9603014867963835,4.900753716990959
20.8365342412145,4528477.99604715,2.1634983619488946,5.4087459048722355
16.92547805318425,2742438.4452033043,1.8888545028544195,4.722136257136048
15.170896841382797,2040400.9219185384,1.7927464205527384,4.4818660513818465
16.64654811708923,2566703.4832066046,1.848944922571446,4.622362306428615
18.11091065377577,3298847.3474752996,1.9786315858618662,4.946578964654665
20.898669033727145,4403645.013792045,2.1228527640488024,5.307131910122006
20.951603688766653,4541080.628680803,2.158649800388437,5.396624500971092
16.675891057605675,2650423.5461015897,1.8779495542696736,4.694873885674184
18.73609568784873,3562179.0110239545,2.015867311591148,5.03966827897787
16.30302154844525,2563968.98384466,1.8812262896488037,4.703065724122009
16.14059553370495,2395117.6231440566,1.832452429282532,4.58113107320633
16.774951924729997,2713886.5000965614,1.8911399722297422,4.727849930574355
18.575798722501634,3396459.807056074,1.9764194096083418,4.941048524020855
18.229710431167256,3357795.4373343345,1.990419412359875,4.976048530899688
16.372597838166513,2554330.902820155,1.8714960128167757,4.678740032041939
17.226562015681356,2828731.712945319,1.8957682402697753,4.739420600674438
17.39972161856671,3029088.8349963017,1.946476993814448,4.8661924845361195
17.3418255953832,2754021.1177174356,1.857654076092354,4.644135190230885
16.946416115860295,2724995.8438991774,1.8814260067961868,4.703565016990467
17.00974611095567,2827075.606556884,1.9108691281255676,4.777172820313919
14.052630147903344,1556835.2305642497,1.712251985553433,4.280629963883582
17.756918803924716,3028778.1577295978,1.9192098222809288,4.798024555702322
19.48731830820105,3849727.6742211888,2.050925722672821,5.127314306682053
18.701716585010274,3600550.8306559,2.0308442052244167,5.077110513061042
20.003230666990767,4135065.3892114777,2.101816241641205,5.254540604103013
20.043764433287436,4310211.784141279,2.1477784020265593,5.369446005066398
17.10795660831956,2894738.885171706,1.9237817114184805,4.809454278546201
16.859385561393413,2741796.0980512192,1.8932645726407185,4.733161431601796
20.785043109245006,4373059.772625508,2.121287430042115,5.303218575105287
17.680530962186314,3255195.640625664,1.998638188085071,4.996595470212678
17.770878048064453,3040352.280430964,1.9218543588206194,4.804635897051549
20.661249075801535,4509465.861065959,2.1672157640572838,5.4180394101432094
21.168517628024986,4700997.805780925,2.189426052143566,5.473565130358915
20.460856250062996,4212380.492000122,2.0943355645412667,5.2358389113531665
17.93616663708699,3182608.105193452,1.955602511082799,4.889006277706997
18.98763872397091,3558183.466190748,1.995663472293911,4.989158680734778
17.89071965159994,3112149.912146556,1.9359311121354281,4.83982778033857
17.09369832169616,2829155.826187453,1.9044441386575959,4.7611103466439895
23.200061977049536,5629908.680603607,2.3214592384166943,5.803648096041736
21.014470955032728,4686343.026474845,2.193149532122912,5.4828738303072795
16.31998703788351,2419239.301902567,1.8254525206532188,4.5636313016330465
17.204960156906356,2966927.664497409,1.941613398764974,4.854033496912435
14.924832826004831,1907427.2434482183,1.7644145764187076,4.411036441046769
15.800053426126958,2334492.8641266543,1.8418116538655873,4.604529134663968
17.323896613022537,3012778.017186257,1.948163112372347,4.870407780930868
17.714973571804006,3084059.55632357,1.9387051505291135,4.846762876322783
15.43353345819467,2205755.3770767497,1.8324118510411096,4.581029627602774
21.26517750892527,4684294.226007055,2.1794420386442006,5.4486050966105015
18.91567231735265,3466471.4240975846,1.9742827274356298,4.9357068185890745
20.347790804747,4262375.015116192,2.1172203167223507,5.293050791805877
19.868462937859334,4093456.8207818912,2.0971258890603233,5.242814722650809
17.648990353328877,2924555.6216680957,1.8925751352035631,4.731437838008908
17.05479437477624,2927291.0355716273,1.9409571483621142,4.852392870905286
15.981790511216843,2400274.0039329296,1.8491800819396562,4.622950204849141
17.343177320884507,2828589.900749678,1.885085061861264,4.71271265465316
17.52294122599607,3091678.434393716,1.9556919281626834,4.889229820406709
17.731690512833364,3096982.3253163025,1.941688990323291,4.8542224758082275
18.34380483442013,3320400.2932801805,1.9683031513565883,4.920757878391471
16.184737204391418,2472467.3746454297,1.859001925927216,4.647504814818039
15.92739555357403,2369591.7209540596,1.8427813285463963,4.606953321365991
18.694127085373303,3456061.600171214,1.9870203525853716,4.967550881463429
18.359055646246027,3480680.5663229106,2.018394759297332,5.04598689824333
21.776658260363835,4801105.055312432,2.179241827199363,5.448104567998408
18.68454530242374,3447456.123746884,1.9834269000993534,4.958567250248383
17.779755116031936,3002377.2692778856,1.9076727227978003,4.769181806994501
14.256336669181469,1655778.2796446895,1.7336106997448664,4.334026749362166
19.260952075859805,3782897.9690111503,2.0463763611755064,5.115940902938766
18.51956783097428,3378480.149037889,1.9759725362903289,4.939931340725822
21.965224753361223,5107410.668533299,2.2524324008124053,5.631081002031013
19.197649697596496,3553891.143807989,1.980337458032512,4.95084364508128
16.84970586570167,2704989.3188634347,1.8816672392076894,4.704168098019224
17.224006956897988,2917963.7086814437,1.9238839021016956,4.8097097552542385
16.529929750084026,2568777.7699320735,1.8602379198912766,4.650594799728192
16.96792947661909,2616251.4398017917,1.8400757134989072,4.600189283747268
18.294779840673115,3440259.439919078,2.0086065535823594,5.021516383955899
18.64909701894335,3589238.9368118886,2.0303885764244765,5.075971441061191
17.17514780840965,2884208.4768660134,1.9181082335013118,4.79527058375328
16.0676346119363,2298186.2600715784,1.8019361135139897,4.504840283784975
17.708504494862186,3173865.1849751677,1.9705157112399123,4.926289278099781
17.65109575131152,3070144.2158177793,1.9405127786454268,4.851281946613567
17.795475790041237,3265574.9676677976,1.9918597287885749,4.979649321971436
18.355283581042613,3274834.295119988,1.9542630990718857,4.885657747679714
16.674634037617086,2649268.5883028572,1.8796075178788267,4.699018794697067
18.10224400207192,3367906.94167546,2.0003837605993464,5.000959401498366
17.112954349516272,2929130.1897323243,1.93640559558932,4.8410139889733
19.497828976227872,3510270.9149335586,1.9531535117270376,4.882883779317594
16.276984102715453,2457364.805171186,1.8427824706403662,4.6069561766009155
20.385825583112215,4275927.020432086,2.115160220066881,5.287900550167203
16.013021480682553,2328679.428718526,1.8215006259959556,4.553751564989889
20.27131871568013,4269035.335009364,2.1240412394270405,5.310103098567601
17.148427980291302,2842257.809377902,1.9051684945895755,4.762921236473939
17.879161805746,3102931.992957961,1.9331341160462059,4.832835290115515
19.573689136369122,3834104.627674111,2.041118130380507,5.102795325951267
17.222295349443595,2962165.1286722496,1.9382126663544248,4.845531665886062
15.899866350646462,2344632.400334263,1.8376408298285014,4.5941020745712535
21.273411927289267,4560050.081065359,2.1440794089390547,5.360198522347637
16.158413757103762,2318499.8718259074,1.8041041651062228,4.510260412765557
17.42224697753363,3003710.6906687217,1.9390134505192331,4.847533626298083
17.73107346830529,3176726.677472555,1.967469952359344,4.918674880898361
17.637615487418913,3086659.5212410446,1.9479918396401064,4.869979599100266
16.294707246873298,2572898.573236553,1.8856569280554965,4.714142320138741
15.868915488659718,2276161.4593164353,1.8133617157494002,4.5334042893735
16.301131642928812,2468729.9946702356,1.8447888603010212,4.611972150752552
18.714836098395683,3485751.8243562793,1.9945981150222079,4.9864952875555195
18.455512566723687,3386714.5360600883,1.9804034625014093,4.951008656253523
18.023239077761865,3065722.1655548345,1.9115568501853757,4.7788921254634396
15.003742085023685,1997107.440818035,1.7942347518869757,4.485586879717439
16.538972499183924,2625190.3485909533,1.880447330874319,4.701118327185798
17.56637268471566,2887276.238518524,1.8861484297472044,4.7153710743680115
18.176875721288212,3426947.655361375,2.015291688354066,5.038229220885166
16.117697566924317,2469510.430040735,1.8621530926556147,4.655382731639037
19.39364122395295,3762014.9258866347,2.0302872627678847,5.075718156919712
18.224160585009198,3378616.8278432777,1.996948557820395,4.992371394550988
18.85455120146087,3602650.6835623356,2.0214510458190573,5.053627614547644
17.9668920358409,3152258.8354656724,1.9430913599550106,4.8577283998875265
19.771714543455985,4103151.936246194,2.1070397512205994,5.267599378051498
19.57440549551357,4030100.3183220644,2.09985130399695,5.249628259992375
17.23548993961557,2897133.4252177356,1.9168322613679636,4.792080653419909
18.98522891705636,3800553.3137763673,2.071502323565939,5.178755808914848
18.760866066602922,3456592.241432676,1.9816247752215155,4.954061938053789
17.91371514185711,3127510.998309387,1.9399246994555785,4.849811748638946
16.319513466828983,2441898.645439946,1.8335581819160718,4.58389545479018
19.687001178526266,3974909.6752643865,2.0750249451563025,5.187562362890757
19.517417208710654,3792717.711731747,2.031109536950292,5.077773842375731
19.040970573461834,3766061.153110223,2.056660943710328,5.141652359275819
19.167325883529607,3785314.621842537,2.0519189479845736,5.129797369961434
17.411063330863506,3009936.628593945,1.9414886949187204,4.853721737296802
16.52319128824624,2559317.269920408,1.8598878230106213,4.649719557526553
17.69247576895343,3105024.613926422,1.9499790421273686,4.874947605318421
16.17602341380735,2451383.4978163103,1.8514952549555574,4.628738137388893
16.518936187945,2685937.307329286,1.9037138018477477,4.7592845046193695
22.27337965907923,5038275.021827143,2.2185543660791573,5.546385915197893
17.605135679436778,3029321.915599472,1.9321448319691605,4.830362079922901
15.101539206588477,1867852.9622086836,1.727572013566359,4.318930033915898
15.609231555986414,2205453.2579777827,1.8125005453142833,4.531251363285708
18.00763539532251,3263862.913954038,1.9770506065731905,4.942626516432976
17.532503702045688,3056603.8578678714,1.9450126819248408,4.862531704812103
16.439509549275066,2657511.4725279966,1.9024225410166151,4.756056352541538
17.620685063179554,3147693.790338602,1.9682536114889846,4.9206340287224615
15.185425515294959,1878861.359769972,1.7230592754073486,4.307648188518371
17.031190172580057,2839953.593161503,1.9140835094937696,4.785208773734424
17.708573672896577,3200481.5238684323,1.9786044140168753,4.946511035042188
15.953303000402052,2395170.0672212904,1.8493114574503378,4.623278643625844
17.65095688089049,2993760.396433726,1.913874208486034,4.784685521215085
16.179382715037804,2418704.9526034323,1.8388914534629832,4.597228633657458
14.718316585006598,1857111.588645569,1.7668653420465894,4.4171633551164735
17.628859664239616,3168061.3231558055,1.9737815466767252,4.934453866691813
17.011925163821108,2799264.75142021,1.9005155827523486,4.751288956880871
17.61619454444885,3032310.318140504,1.929961849955062,4.824904624887655
14.61514119982914,1798371.7044439036,1.7527299774022036,4.381824943505508
19.188265733208066,3755363.4048078097,2.042648805527702,5.106622013819255
16.41452008122193,2696731.4933344023,1.917644410803496,4.79411102700874
16.04462147669894,2439565.7449749596,1.85763661469305,4.644091536732625
17.74299403783708,3096355.6344513576,1.942102585774935,4.855256464437337
19.775638290363197,3967799.982344265,2.0668983405294403,5.167245851323601
20.915469072776194,4411440.796644035,2.123312621539151,5.308281553847878
18.50768510945171,3401528.0441965787,1.983950429764158,4.959876074410395
19.938286472500067,3963890.331951271,2.055583284646932,5.1389582116173305
19.138710968452344,3659956.201867502,2.019666924004687,5.049167310011717
17.613847313965692,3000952.6497091483,1.9188400936196004,4.797100234049001
20.005399469716778,4338730.17179788,2.159475493026563,5.3986887325664075
16.029218161001268,2308284.7869684445,1.8117557363949535,4.529389340987383
19.13907448086909,3908963.791086524,2.0904390709242073,5.226097677310518
14.660636430274398,1805470.103879624,1.751455705142625,4.378639262856563
16.096495894757943,2560627.197438379,1.900247509838462,4.750618774596155
18.47355531988304,3392173.8098590644,1.9800006631711207,4.9500016579278014
21.16712853434961,4627718.895387916,2.1701423412040812,5.425355853010203
19.490206488173612,3945531.768619692,2.076457705291822,5.191144263229555
18.133881056887468,3206298.522868459,1.9477358917232812,4.869339729308203
17.90851196255312,3054117.1555023,1.916580141853097,4.791450354632743
17.905234623709166,3268134.385797702,1.985434004394865,4.963585010987162
18.859020431679063,3519995.9526105784,1.9934418961828109,4.983604740457027
17.93031103816145,3213867.9531869814,1.9662268458979362,4.91556711474484
19.490519834718945,3774510.993147906,2.026005393364985,5.0650134834124625
18.533521193805736,3411092.830359442,1.982149394457248,4.955373486143119
18.760306242507664,3520693.082582281,2.001685647025655,5.004214117564138
19.209693773881376,3745303.2070654714,2.040227387634972,5.100568469087429
15.373311521029208,2169362.8788500745,1.8242193256300292,4.560548314075073
17.802290508660622,3043182.9702197015,1.9197374918654468,4.799343729663617
19.396229025652232,3786096.828284664,2.0364448139371056,5.091112034842764
18.555845578505426,3483563.530933013,2.001576928181642,5.003942320454105
18.712774030717362,3529385.83814785,2.005336148881737,5.013340372204343
20.314212670446462,4217645.674298463,2.107805180314373,5.269512950785933
20.766791145839193,4464409.982955251,2.1459096759744414,5.364774189936103
16.006534875611212,2359211.2522563264,1.8318295038918733,4.5795737597296835
17.62147794167459,3204687.014083121,1.9872863877904088,4.968215969476022
16.78762606112476,2859269.3730107155,1.9425500213023286,4.856375053255822
17.704893790549892,3151329.6848020703,1.9615573426578328,4.903893356644582
16.721354567038006,2603426.420536925,1.8556630856503933,4.639157714125983
20.30662973200066,4269605.592257635,2.1215472932690314,5.3038682331725795
14.757395240705208,1844358.7764466787,1.756028812715754,4.390072031789384
19.140091513092685,3657736.9547043378,2.0168665466755793,5.042166366688948
16.860075696322152,2772497.8715259284,1.9032705158915826,4.758176289728956
16.25956547176921,2501563.414931993,1.8623051989496364,4.655762997374091
18.458901055731314,3251061.471957735,1.9397940143243302,4.849485035810826
19.769712397577454,4018055.032687839,2.0823637442314995,5.205909360578748
16.35044899208249,2478516.8209375227,1.8464589016714226,4.616147254178556
16.299427577931258,2574344.141642548,1.8842190735184274,4.710547683796069
16.769621583979056,2657115.2104653902,1.8706117114701373,4.676529278675343
17.658915783051054,3064888.40831439,1.9367788143165663,4.841947035791416
15.679833814461608,2253279.6681582984,1.8251922982722841,4.5629807456807105
17.487822805242658,2897362.2562978826,1.894794861978378,4.736987154945945
17.27883499937648,2789864.483342465,1.8748451615551531,4.687112903887883
16.77040755689163,2516002.819212432,1.8233334775595373,4.5583336938988435
16.397903129172576,2413592.1617575567,1.8155452056669057,4.538863014167264
20.32625633411158,4120351.020347763,2.0760386951214693,5.190096737803674
19.2395776537462,3791627.923033977,2.050491474962018,5.126228687405044
15.294196307919506,2101183.0787474914,1.8046648929445606,4.5116622323614015
14.937732308045693,1980355.2377413362,1.7946873655650777,4.486718413912694
18.108899437351923,3308722.4083131533,1.9813698977349312,4.953424744337328
17.88459966467386,3314937.385879254,2.003245775831434,5.008114439578584
15.039194150660062,1947862.4566394472,1.770198188941323,4.425495472353307
15.312322052344784,2098212.1364367995,1.7995887466660616,4.498971866665154
17.797182937834854,3271302.921948161,1.9963407808894555,4.99085195222364
16.98458827672109,2813325.55789926,1.9078456733529199,4.7696141833823
15.362291807009964,2049422.6469571916,1.7758346348191678,4.43958658704792
17.02644085171341,2818570.735960954,1.9047299579305728,4.761824894826432
18.51080445965603,3600801.640504757,2.044761217057584,5.111903042643961
19.158370088326105,3675490.6979045477,2.021288318058423,5.053220795146058
19.105304776773856,3714328.21430583,2.0361369498772843,5.090342374693211
15.818054137250591,2384037.9074384533,1.860502895776409,4.651257239441023
16.57186139633591,2667826.8387243524,1.892377479122531,4.730943697806328
19.993291800444535,4019855.4600520236,2.0687543200943868,5.171885800235967
18.05985658975404,3253052.3202607483,1.9678622578221039,4.9196556445552595
19.3199085639135,3706246.532213361,2.018421274778428,5.04605318694607
18.050996361358163,3135711.3510231012,1.9315229891344878,4.82880747283622
14.843719166197022,1898905.6896064747,1.770861103678442,4.4271527591961055
16.835758783396205,2726651.4844840625,1.889382204104767,4.723455510261918
18.279567049713275,3327728.734085935,1.9756737416498422,4.939184354124606
19.149687616299826,3687300.9266270297,2.026240866158666,5.065602165396665
15.745315197895703,2276475.686144774,1.8262218730048057,4.565554682512015
17.97724061767909,3274928.3908658456,1.9836192570740607,4.959048142685152
21.462669366337227,4726018.320202304,2.1814087265446425,5.453521816361606
19.53339390678428,3770899.6917228727,2.025910744977712,5.06477686244428
18.1891894566365,3299041.087746584,1.9711224231576077,4.927806057894019
17.828597681152925,2898701.3416873803,1.8693064950822986,4.673266237705747
18.24634439076773,3390868.3195496313,1.9977391704048217,4.994347926012054
21.420390365532715,4716184.96213562,2.177573968166186,5.443934920415465
17.139085447303582,2838418.201659305,1.9037195901207171,4.759298975301793
20.203299060442426,4241042.42372158,2.119174968749739,5.297937421874348
19.179332842773288,3675854.5313179325,2.0196530262079078,5.04913256551977
19.991192030742532,4105357.3269351795,2.0947985801237934,5.2369964503094835
17.664133949304617,3239756.0281479005,1.9952950875573099,4.9882377188932745
16.9898170545264,2773689.6836775616,1.895602744907748,4.7390068622693695
18.782041127548823,3509771.0074378736,1.9973728476639137,4.993432119159784
16.6080215183263,2582285.2793872124,1.8607294318042413,4.651823579510602
18.61013861593048,3609354.6645402154,2.0402750060084305,5.100687515021076
19.848555943243152,3995951.3445494696,2.068232202603377,5.170580506508442
17.52289596998442,3085174.9484418184,1.9542850937272565,4.885712734318141
20.9167231563681,4753717.934509437,2.2169907540296787,5.542476885074198
18.94628932018754,3724163.87399,2.0508915143990856,5.127228785997715
15.874410162632735,2278123.0843738047,1.8148101859018706,4.537025464754676
22.312884595071438,4860315.03755337,2.168692098073271,5.421730245183178
20.42690185788254,4481036.194692328,2.171513821885062,5.428784554712654
15.117430302514268,2089590.8852363024,1.8209674542531793,4.552418635632948
18.408036196847632,3480469.957682628,2.015602397982304,5.039005994955759
18.95719608388231,3729963.0226186216,2.0507068474225876,5.126767118556469
18.208831280063386,3413292.8978029527,2.0078946031931566,5.019736507982892
15.76184969640304,2385824.912733732,1.8677780637618326,4.669445159404582
17.516174638727566,3105760.912808857,1.9616051936103989,4.904012984025997
19.383997175611146,3740432.9546853015,2.02600551866448,5.0650137966612
15.967887748796961,2356084.4651884707,1.8352059624470651,4.588014906117663
18.05189454566598,3316782.6633812767,1.9900151183464334,4.975037795866084
20.8096359326575,4663187.592423913,2.1994720093105853,5.498680023276464
14.440225221086589,1773231.4332220918,1.7627116563585983,4.406779140896496
19.516541907317485,3765734.935446347,2.0258539211496522,5.0646348028741315
18.546914154041062,3492214.443802541,2.0070780400319213,5.017695100079803
18.37904560477184,3488268.7772816103,2.0188621684694277,5.047155421173569
18.99920960851238,3788262.1962911664,2.0664266744675976,5.166066686168994
17.27855200439712,2902640.3719032938,1.914636956601142,4.786592391502856
16.953698151642516,2826305.2280990435,1.9166539115409966,4.791634778852492
19.031013247703022,3632483.37683128,2.015157516111798,5.037893790279495
20.733483446356015,4281881.723229953,2.098118891191481,5.2452972279787025
16.940187827085353,2760723.0410698196,1.8958690098675925,4.739672524668981
18.276602570415722,3301143.115361727,1.9681428729140091,4.920357182285023
15.368527709497503,2160277.1180599965,1.8199598602060933,4.549899650515233
16.87742803616128,2723195.9605050283,1.8846803528673064,4.711700882168266
18.24367317154143,3313005.9783245036,1.9740253847985223,4.935063461996306
18.427235775611027,3440760.9401191315,2.000903235321494,5.002258088303734
15.73537715440041,2157691.5609540707,1.7805777149974256,4.4514442874935645
19.3926769768642,3848166.4966298547,2.056991043971475,5.142477609928687
15.120773774001051,2084263.4864480328,1.8171836032228603,4.542959008057151
16.44535564947811,2590021.15220188,1.8766078342202588,4.6915195855506475
17.0638970707091,2844774.3468084177,1.9125082073869086,4.781270518467271
16.580956009680037,2571328.744359307,1.8579434113325122,4.644858528331281
14.434332353959366,1775644.6380387256,1.7642086506394223,4.410521626598555
18.255626395531866,3511710.803681586,2.036617496986012,5.0915437424650305
16.39644930139472,2498303.086688795,1.8481443037054393,4.6203607592635985
18.41224799534613,3352096.538217917,1.974528238256091,4.936320595640227
18.358645211782942,3190557.898569108,1.9270647593476449,4.817661898369112
19.97485862478341,4121668.65468143,2.0991365603409693,5.2478414008524235
14.136929141182964,1578620.6973715546,1.7116290418404496,4.279072604601124
14.72699788861589,1833482.7395460447,1.7546583229187775,4.386645807296944
17.192518809502367,2938099.1891544685,1.9334014429655657,4.833503607413914
17.996836894038925,3263725.0164571228,1.9777269230735763,4.94431730768394
20.99971743028317,4261917.541756077,2.0780294199372906,5.195073549843227
21.663777932865536,4793957.415511683,2.1864129980465283,5.466032495116321
15.880173495330286,2265198.861248849,1.8069744368470722,4.517436092117681
14.781149647977653,1813114.7441728339,1.7392994065202392,4.348248516300599
20.512574414061866,4465862.417165054,2.16623729819987,5.415593245499675
21.266949182020213,4405010.409692189,2.1047148025948657,5.261787006487165
20.139777666420144,4109667.7273370614,2.0853250364271294,5.213312591067824
15.749588703357166,2214231.3885849947,1.8024720034301855,4.5061800085754635
16.515246110382996,2459742.158125967,1.8213347808947027,4.553336952236757
18.759529434384504,3484092.0863316776,1.9903250211241506,4.9758125528103765
17.690810661598235,3158826.537957303,1.9669643907025418,4.917410976756355
16.345023569883963,2394415.157178102,1.814729930805187,4.536824827012968
17.95406579518197,3253604.121842228,1.976098288469036,4.94024572117259
19.144405952174882,3589993.54452472,1.995130344475025,4.987825861187562
20.923618645327082,4615245.63287971,2.1791183921072284,5.44779598026807
19.334064006614327,3720252.1141075175,2.023301955022724,5.05825488755681
13.567310869062442,1390609.0585539844,1.6976578696507323,4.24414467412683
15.031577121799344,1967735.1800340721,1.7780488006639101,4.445122001659775
19.84751116550982,3909684.6707414016,2.0453295098377233,5.113323774594309
19.557085049954036,3792616.234590087,2.028974606094748,5.07243651523687
19.955185036193555,4267696.360917567,2.142843278199075,5.3571081954976885
18.96592388604659,3611371.932087482,2.0162359938041865,5.040589984510467
17.481907833055054,3049326.639143967,1.9467514032273914,4.866878508068479
19.201730171708185,3648278.7432146557,2.009742512377852,5.024356280944629
17.424174383612613,2953516.6389371036,1.9193029072972496,4.798257268243123
17.045046556123378,2777358.1484748954,1.8899170094273008,4.724792523568253
18.947161425582415,3764867.0396813164,2.0634054045816286,5.158513511454072
18.594744637004435,3488684.4731111536,2.0032194494538045,5.008048623634512
21.44556213261111,4678346.92185862,2.1679952213605707,5.419988053401427
15.279144504336939,2116126.4405262917,1.8121179799364044,4.530294949841012
18.489898693826333,3404324.871138391,1.983150651100307,4.9578766277507675
18.579582969119702,3335054.0196221657,1.9564049024604577,4.891012256151145
19.826363198472063,3800591.5169452494,2.0143293851271347,5.035823462817836
19.949241961862917,4157828.842259391,2.112579941481856,5.281449853704639
19.025713767172082,3857834.8682299647,2.0847234226227016,5.211808556556754
17.626438398619904,3095591.6426202813,1.9509613987349346,4.877403496837337
19.192252632855443,3779877.867339395,2.0499147988948363,5.1247869972370905
16.042113551058,2349143.977758364,1.825426221284455,4.563565553211138
17.3500673046733,2823889.6190381283,1.8820117960356895,4.705029490089224
14.78779738486049,1916241.5168926595,1.7847724355805474,4.461931088951369
16.352330829088334,2467302.837311508,1.840889016266808,4.60222254066702
18.304091688436543,3269391.667384046,1.954682443916136,4.88670610979034
21.665094555559893,4762827.009949946,2.1789922647373476,5.447480661843369
14.306580246753686,1692399.3019402958,1.7437508091532599,4.35937702288315
19.911295354318213,4123365.74364697,2.103973622563634,5.259934056409085
15.21582734575675,2097313.0358424867,1.8125640124571871,4.5314100311429675
19.852397491777694,3992850.3189983023,2.0692122115615947,5.173030528903987
15.499721757367935,2164259.208028963,1.8068571986945723,4.517142996736431
17.183485994202673,2981184.664086342,1.9487127230676,4.871781807669
19.499534621881608,3960582.0386043116,2.0830475597945055,5.207618899486263
21.761439383723257,4972592.988236795,2.2266243610023104,5.566560902505776
19.777979793697153,3849050.4814773267,2.0306851503267502,5.076712875816875
20.017220894377164,4001096.2463900195,2.0593096680022978,5.148274170005744
16.886176542604893,2697630.7896879213,1.8748558035267089,4.687139508816772
16.57692497828418,2684725.499260015,1.898149742198172,4.7453743554954295
19.71917555765197,4037056.215749737,2.092275475006015,5.230688687515037
17.849151425219524,3109751.104840492,1.9390314804452282,4.84757870111307
21.85635014313272,4836425.713222853,2.184575134875508,5.461437837188769
16.76513277986298,2753249.0194212664,1.9074018028660804,4.768504507165201
17.103081010424837,2909387.63921656,1.930451788322512,4.82612947080628
16.45926474284738,2559433.253647521,1.8643287132792437,4.6608217831981085
16.63839360839159,2608454.5190117555,1.8635507924775683,4.65887698119392
17.347255992994736,3001614.164591387,1.9421932094517604,4.855483023629401
21.781822740046564,4635641.188688571,2.1384244016407656,5.346061004101915
17.202611201982343,2963522.483420671,1.9427814592330754,4.856953648082689
16.24904189014029,2505344.3739548093,1.866656815049439,4.666642037623597
20.008529496264483,4118553.0079031875,2.096209087012268,5.24052271753067
19.749590789706218,4098583.8258015597,2.1057255000350343,5.264313750087585
20.8169623827261,4384175.262652729,2.1226374577160345,5.306593644290086
19.068874519533164,3798813.6806380153,2.065312115153873,5.163280287884682
14.891729201232407,1871727.1636869889,1.7520986587687735,4.380246646921933
15.67492763437517,2300958.7332122074,1.843781348354623,4.609453370886558
16.29118038065387,2364920.2540330477,1.8078677749711294,4.519669437427823
16.782820525722443,2694963.4101674017,1.8827417156230688,4.706854289057672
17.78381596459686,3233457.592685016,1.9831467367692135,4.957866841923034
17.20423175447592,2826413.2476922926,1.8932468698004234,4.733117174501059
19.391203039701942,3980599.363892598,2.0947243817378824,5.236810954344707
17.857400706332726,3149978.2372558974,1.9506559255723022,4.876639813930756
20.728612573358298,4422391.047989155,2.1389187364357984,5.347296841089496
15.770165708025496,2252677.8035332942,1.8143378410310018,4.535844602577504
20.32282330006254,4174559.5230781417,2.092459075549706,5.231147688874265
16.882896674983616,2797043.853805797,1.9112570914271363,4.778142728567841
19.929223834277533,4216545.273357999,2.127072087621078,5.317680219052694
17.204658143408924,2801831.377577572,1.8867311836906207,4.716827959226552
14.928125908852063,2007639.625822086,1.8099643857391619,4.524910964347905
15.873895877644717,2189928.0499850605,1.7785148724989097,4.446287181247274
19.475283744211858,3940260.0612671105,2.0784734251792414,5.196183562948105
17.420836338315414,2923228.700892428,1.9094059867673725,4.773514966918431
18.752250946534744,3502857.339018815,1.994185803394268,4.98546450848567
16.382152734849086,2492339.2549269404,1.8473663869668622,4.618415967417156
15.972758428404221,2273717.873891634,1.8037031775060728,4.509257943765182
15.772153911269339,2260657.6308921585,1.819880575846842,4.549701439617105
18.338276829559994,3366997.5863439273,1.9830737716677806,4.957684429169452
13.815902009300629,1493018.5417930624,1.7143318435775536,4.285829608943884
21.5197829083124,4997685.882200405,2.245205247418913,5.613013118547283
21.24130658287062,4711285.339144393,2.1871332244919204,5.4678330612298005
20.822861707294482,4474488.926499055,2.1472815590182908,5.368203897545727
20.304546266992716,4067349.544298893,2.062637558750915,5.156593896877287
18.101021387585536,3354838.7842102237,1.9983967077220945,4.9959917693052365
18.285999748148996,3300996.97073357,1.9671837962302308,4.917959490575577
17.350607628794144,2892173.2463998375,1.9037292435857036,4.759323108964258
20.224797983703336,4041544.4322835,2.0603521849836075,5.1508804624590185
18.440742000438103,3459767.1725525595,2.0042642573651874,5.010660643412968
17.03786233364859,2891218.533324266,1.9301189132408187,4.825297283102047
16.828901114182404,2814357.578858288,1.9215778089536295,4.803944522384073
18.272747533562296,3398806.93104399,1.9960548530500761,4.990137132625191
19.029180389524146,3554601.3984124735,1.9933037855726812,4.983259463931703
18.066963347699417,3270381.241782305,1.973644700017529,4.934111750043822
17.66036171770573,3085255.7504863683,1.9430745419674862,4.857686354918716
14.230701231111675,1630604.127681299,1.7238520335349008,4.309630083837252
14.422860249320735,1728754.6137689687,1.7477621695767664,4.369405423941916
20.143877348882654,4119759.2286856966,2.0879972487556153,5.219993121889038
18.7275521692261,3487964.1448493507,1.9974980737629966,4.993745184407492
16.54006316672998,2695075.4956623,1.9064262386390962,4.76606559659774
18.07858498526307,3297391.256251119,1.9809801942144944,4.952450485536236
17.49698243939719,2796520.9968252834,1.8624090020035573,4.6560225050088935
16.2989764187818,2535160.4553732164,1.870713147098348,4.67678286774587
15.639171545257536,2279508.590749964,1.8379709139499933,4.594927284874983
16.72343653306132,2732869.8064262317,1.9022160975640356,4.755540243910089
17.209029225407726,2979680.3190512806,1.9475953719919712,4.868988429979928
14.18286962202524,1606511.6362011218,1.718713205880103,4.2967830147002575
16.62141453159114,2701767.811637028,1.9011181341291965,4.752795335322991
19.629533790114607,3856713.090696561,2.0459407442528845,5.114851860632211
18.72195375610135,3573159.673091567,2.0194327513838943,5.048581878459736
15.689296214268023,2302059.7443122864,1.841730931352629,4.604327328381573
18.41910672909297,3397097.0879938668,1.9886837942188762,4.971709485547191
19.463981883580118,3813803.4297288368,2.0431072228340903,5.107768057085226
19.372580300887243,3724556.9495586557,2.021041460029622,5.0526036500740545
14.891444694029921,1892922.2139911568,1.7626687011693918,4.406671752923479
17.410784688429114,3024795.1844192874,1.9447125045756426,4.8617812614391065
19.82888684230877,4140765.170414787,2.114559470795811,5.286398676989528
18.42342901156444,3479905.4212557264,2.0134950943195067,5.033737735798767
19.21211388411457,3947989.939133629,2.098601903890829,5.246504759727071
14.879500911170428,1911361.3484392185,1.771883158486803,4.429707896217007
17.163399366767184,2794704.5998634305,1.8860629089235328,4.715157272308832
15.85370020402388,2378885.584335953,1.8563955047485177,4.640988761871294
19.761452783256605,4053932.895320789,2.0915690051768423,5.2289225129421055
16.754384078434835,2716542.5952085955,1.8934365573197567,4.733591393299392
18.219548004953268,3222145.3255976336,1.9455995225317355,4.863998806329339
19.08920369432332,3731989.726205685,2.0404700311791526,5.101175077947882
17.548102208491436,3018692.2731778882,1.9303339871184144,4.825834967796036
15.728921110796845,2284829.0267391317,1.830683973158294,4.576709932895735
17.52442279289688,3057461.1078494275,1.9455197073260766,4.863799268315191
15.477117134939068,2195616.1052990453,1.8224907963525676,4.556226990881419
13.460700764776634,1345119.0803361246,1.691600494945111,4.229001237362778
17.511278026868936,3101279.9080091678,1.961136443388823,4.902841108472058
16.19391785692215,2426034.4761784254,1.8406657657861292,4.601664414465323
17.948817931966744,3156116.835899017,1.9458701807197418,4.8646754517993545
17.308178856674328,2889486.233674852,1.906094828621343,4.765237071553358
17.035223416128087,2808627.2900600526,1.9034087466220557,4.75852186655514
19.347730813795216,3845166.1169993654,2.0604390691934027,5.151097672983507
18.050936134192707,3127466.3737166347,1.9290171780182277,4.822542945045569
18.26236394160596,3208092.850980115,1.9373586704011105,4.843396676002777
16.56860571881107,2453258.190483297,1.8153012228231795,4.538253057057949
18.17779204897225,3459929.400359868,2.024735073392324,5.061837683480809
18.379828028618572,3391864.67245459,1.9872074911637143,4.968018727909286
18.40431537081455,3302270.056587342,1.9580695600092546,4.895173900023137
14.838854605932173,1897484.3552354705,1.772407888307327,4.431019720768317
14.82637865258063,1878315.0687814038,1.7645525522884913,4.411381380721228
15.397140116912267,2184163.267330868,1.8266077291890561,4.56651932297264
18.121068817935427,3235827.783414754,1.957751822662595,4.894379556656488
16.564693946612397,2539210.5165155055,1.848132938249221,4.620332345623052
15.071849940003922,2061304.8495856235,1.8128256491096564,4.532064122774141
17.84152546836757,3144161.8843174707,1.9493590843484014,4.873397710871004
18.852941989732976,3730503.3860663846,2.0588315021501784,5.147078755375446
18.513159924365308,3518781.8209856264,2.0199276241265354,5.049819060316339
18.490440162829703,3435374.5521378554,1.993073985953197,4.982684964882992
16.795241224386626,2700651.924243441,1.885079045559752,4.71269761389938
18.675693186086107,3584769.4333672347,2.0268750478191295,5.067187619547823
19.37037728675066,3790326.5934116617,2.0408502197892595,5.102125549473149
17.461481007521584,2985721.569871206,1.928926532153786,4.8223163303844645
16.28194763269528,2519204.663912463,1.8674852866788976,4.6687132166972445
17.913415470054783,3107125.943516976,1.9322407737723872,4.830601934430968
22.149141073743262,5127251.739381192,2.246889058091581,5.617222645228952
19.449792870395722,4043287.140941672,2.110636820883517,5.276592052208793
17.046876300254475,2829053.741559225,1.9091874255464916,4.772968563866229
18.89546969238909,3701929.8666587025,2.0481362469246274,5.120340617311569
17.40536629264011,2991752.6351441517,1.9337235928710022,4.834308982177506
19.54659432712502,3996513.301333707,2.0882413196483234,5.220603299120808
18.97915867377773,3594675.2299795,2.009194320423267,5.022985801058168
17.222634359977775,2801535.694905066,1.883746579715153,4.709366449287882
17.037927875913383,2714973.9475396285,1.8694001735669754,4.673500433917439
18.373548089488988,3432803.7725566616,2.0011667781748543,5.002916945437136
17.140518953419882,3026448.3189872215,1.9689676491032415,4.922419122758104
19.142240880260864,3820008.578363696,2.0664265148752756,5.166066287188189
15.730976667406903,2246980.382422813,1.8160253260182369,4.540063315045592
18.30456149715809,3376203.1383932997,1.989463646746467,4.973659116866168
18.418176153196363,3288388.918810782,1.9542392458605007,4.885598114651252
16.516356633716867,2414952.167566035,1.807623417714621,4.519058544286553
17.220699929527083,2772145.945297854,1.8729314126297392,4.682328531574348
17.573071659752216,2919156.0344041195,1.8954733803808923,4.738683450952231
19.73368958466213,4092279.524492477,2.1101981015904716,5.27549525397618
18.405245670356173,3516476.0603852654,2.0262790464734,5.0656976161835
17.280895227546523,2942380.9722214667,1.9281744547057316,4.820436136764329
16.94677240490339,2734701.6093608737,1.884491501766503,4.711228754416257
18.613192299791457,3497737.817753286,2.0049741706350526,5.012435426587632
19.71041151038111,4072629.9467602177,2.1020992225370003,5.255248056342501
16.83066430291278,2793059.987325685,1.9145382406414364,4.786345601603591
16.01465127607298,2371144.0293383216,1.8355927881161254,4.588981970290313
18.463069217367224,3537604.61190957,2.027365032484284,5.068412581210709
21.687559121137955,4725264.265774088,2.1659882515490985,5.414970628872746
16.895614900193866,2666905.4873519437,1.864334418614084,4.66083604653521
19.098304816224253,3692815.2229420766,2.0310140515197577,5.077535128799394
20.09719473984046,4308831.708584364,2.144200130680837,5.360500326702092
18.054333491973406,3396505.4444818636,2.0152678836018287,5.038169709004571
13.410189934584249,1384618.9891635561,1.7211713578655399,4.30292839466385
15.098083342827717,2084141.9933593273,1.8184442799214051,4.546110699803513
20.06234078590319,4081159.9656788073,2.0830806989177817,5.207701747294454
16.410107405325313,2526856.131057607,1.8573877615687397,4.6434694039218485
18.82208676831807,3541191.7755171033,2.003213695834564,5.008034239586409
19.700918928849354,3977348.520944141,2.0739767037308594,5.184941759327149
19.328808118160246,3813229.330515423,2.0513194956257403,5.128298739064351
16.976741179362232,2924844.4984330265,1.9477465045530278,4.86936626138257
15.98312327599658,2380818.6136633046,1.844373165238975,4.610932913097438
19.245347799958257,3895114.9568402898,2.082153317022146,5.205383292555365
19.152339380894446,3610796.2355317427,2.0027777013071333,5.006944253267833
19.17363580384661,3713854.3104673633,2.032110192082339,5.080275480205847
18.055512352981886,3247351.0249161012,1.9664699867756978,4.916174966939244
19.780114108111825,4104990.1986304848,2.107385690513616,5.26846422628404
17.61891306137877,2924578.218134894,1.896642900171763,4.741607250429408
19.050605770899164,3681456.991488277,2.0302096357126476,5.075524089281618
19.702508774263517,4010234.671191752,2.0830112180535836,5.207528045133959
17.692995268113698,3006178.2367167054,1.9156856180130246,4.789214045032562
18.09494290840754,3193882.162814905,1.9494876299334447,4.873719074833612
20.047509769652372,4339099.229232492,2.15738147655407,5.393453691385175
17.31566941131937,2949672.9490739163,1.9290555018311106,4.822638754577777
18.712940320434623,3617282.307273427,2.0334221118938567,5.083555279734641
18.12320588191041,3310606.825657078,1.983380086529369,4.958450216323422
18.030121614213755,3121396.6848056717,1.9273860906622815,4.818465226655704
17.3875386738384,2833680.7900967347,1.8817780758965201,4.704445189741301
17.256669041722628,2844954.8741995115,1.8969448113745928,4.7423620284364825
18.127752089728098,3491489.1029501334,2.039325506245963,5.0983137656149085
16.08928528391136,2395686.161645565,1.8375415443387337,4.593853860846834
16.606863102868697,2737279.2667054776,1.9154374315363205,4.788593578840802
19.288261623070223,3717645.3343330193,2.02327260761519,5.0581815190379755
17.053624034263272,2852414.8349660207,1.9164860192343491,4.791215048085873
16.12129192786491,2426185.7056234665,1.8466880097380902,4.616720024345225
18.2663956103408,3316812.301121478,1.9719990672522247,4.929997668130562
19.299080324843708,3677694.9870263003,2.0116337513341302,5.029084378335326
14.85109886421563,1928792.0072386935,1.7823330804186492,4.455832701046623
21.865916666004992,4852996.974201717,2.1918638937149835,5.479659734287459
15.355231419111547,2132275.061911217,1.8105212285033636,4.526303071258409
15.6394556617945,2191764.152533858,1.8051836231938425,4.512959057984607
20.170800105915788,4171805.6256062826,2.1024529799805416,5.2561324499513535
17.92845314186855,3130972.5900853937,1.9364687825682327,4.841171956420582
17.3376398483311,2930167.0747126276,1.917454399639339,4.793635999098347
13.432911401017034,1303450.9183306387,1.6730116198606078,4.182529049651519
17.350591626763467,3095966.9868268007,1.9750980198140498,4.937745049535125
18.51235608220565,3357779.6536556957,1.9687067226166672,4.921766806541669
18.619877674855758,3755947.378736753,2.0863428311144956,5.215857077786239
17.68035581989924,3072354.4423332466,1.9369430345699452,4.842357586424863
20.449094717415427,4515344.559738283,2.180686955158371,5.451717387895927
16.822302783620646,2712931.330653824,1.887461026562538,4.718652566406345
16.08677404696848,2359637.2050381284,1.8251755571704407,4.562938892926102
17.988819270623924,3339459.27194601,2.000098522364165,5.000246305910413
16.293693894277617,2540951.0165989883,1.873759155115447,4.684397887788618
17.00226408866856,2788489.0220959904,1.8979326091322057,4.744831522830514
20.932449599318815,4403794.780646952,2.1208952091408446,5.302238022852111
14.19659812396079,1605384.5468935454,1.717892845157864,4.2947321128946605
14.718191695858884,1849436.9458747795,1.7625460364552084,4.406365091138021
20.87138476664181,4490390.774044378,2.149543430495777,5.373858576239442
18.53492511672179,3470368.3185481764,2.002218441611173,5.005546104027933
19.31152300770629,3873690.8471018234,2.069958305508723,5.174895763771808
15.727848710616787,2092314.786641891,1.753391767352489,4.3834794183812225
17.29357338774722,3066342.3118018815,1.9688151143559713,4.922037785889929
18.419250543383157,3283081.6581391115,1.9506922742560442,4.876730685640111
21.780231912623414,4790598.685763097,2.1783411976999254,5.4458529942498135
19.03391664152425,3717589.045266236,2.0428706905032463,5.107176726258116
19.39533096344912,3881632.1979807597,2.0672755320813336,5.168188830203333
17.40105889292396,2943181.6066125026,1.9177677081961055,4.7944192704902635
16.050093823641575,2382975.474324845,1.8363787791997233,4.590946947999308
15.614805293469725,2196829.838730568,1.808846266678983,4.522115666697458
17.50540277367083,2954819.1333990647,1.9116759587497416,4.779189896874354
18.217269196833552,3221432.6113234246,1.9461221460609779,4.8653053651524445
17.94863792155086,3273354.9139166325,1.983894205649867,4.9597355141246675
16.208181320092475,2418648.8788660476,1.834834504827416,4.58708626206854
18.292744475388602,3451143.39845798,2.0139295996350475,5.034823999087618
18.3638863781572,3429509.7779627256,2.003024139737999,5.007560349344998
16.96210808206122,2729994.983640394,1.8808861616628163,4.702215404157041
19.441840790674124,3975319.85673837,2.091157297797752,5.22789324449438
19.34296969444087,3863757.0311976476,2.064026019287596,5.16006504821899
17.694706027402418,3108310.038513164,1.9501153695294895,4.875288423823724
15.2143593841793,2095993.6013877923,1.8115163340816998,4.528790835204249
19.128530543487155,3783718.626632074,2.0559198196429147,5.139799549107288
18.106107452352347,3398765.9951481624,2.0107440592482493,5.026860148120623
17.143094910061805,2862642.7079492453,1.911379651630756,4.77844912907689
17.352540322818033,2961154.0124258045,1.928155538029664,4.82038884507416
16.827943908536902,2832910.31296786,1.9277006797915521,4.8192516994788805
17.848303874890625,3098008.516201686,1.9337587831392185,4.834396957848046
18.551436068367,3457365.5539870635,1.9965414392222471,4.991353598055618
19.448761860830956,3856107.6516970955,2.0548453140161835,5.137113285040458
18.416120918452883,3460656.415786159,2.00696589219665,5.017414730491625
20.822301745032657,4379780.688609032,2.1211494239724438,5.302873559931109
16.488589845987846,2627273.9873583894,1.8862370368554346,4.715592592138586
15.60709417733368,2180855.6553086974,1.803515753648404,4.50878938412101
16.39844675479516,2464118.712398465,1.8369662359852519,4.59241558996313
15.565661487248716,2233052.8303199587,1.8294337460511294,4.573584365127823
20.060157398185453,4241877.832043418,2.130416694186592,5.32604173546648
18.323320967460567,3361133.566176947,1.9837324783719361,4.95933119592984
21.513992161894514,4962142.43881292,2.239119601659929,5.597799004149822
17.201782790367215,2877453.0919395527,1.9130888078947206,4.782722019736801
15.632040042387473,2128172.560734149,1.7798886737383834,4.449721684345959
17.788746718686866,3127798.268323115,1.94708503019204,4.8677125754801
15.901851926983568,2302048.128207771,1.8200679636115347,4.550169909028837
15.955878042414739,2167264.679362512,1.7645724165111616,4.411431041277904
18.45078818237662,3362779.2406531256,1.9744626674898271,4.936156668724568
19.57548768835311,3982483.6849679425,2.0845967203563838,5.211491800890959
14.944652639688494,1916340.1394436732,1.7661466426891177,4.415366606722794
20.66853766901726,4339039.855655843,2.1187442216156955,5.296860554039238
18.613010848428146,3647210.794877976,2.0522492545410977,5.130623136352744
16.67542864036262,2639271.511114575,1.8741584068063617,4.685396017015904
17.74614697369794,3107942.86235655,1.944806793396405,4.862016983491013
18.870376868901097,3639730.914628567,2.0282455365704046,5.070613841426011
18.814726053335207,3481650.6079816297,1.9840741443401504,4.960185360850376
14.414731636696022,1688241.4452377139,1.7268598694269832,4.317149673567458
17.164475779737476,2828854.001792427,1.8979339190578859,4.744834797644715
16.307980584101923,2527990.005149764,1.8670041519185059,4.667510379796265
17.13672857986859,2868704.4770648396,1.9136453716351376,4.784113429087844
18.25639666354848,3351069.1755119627,1.985660433281599,4.964151083203998
18.398318797497048,3370393.024909973,1.9803929526931405,4.950982381732851
15.62006377255254,2221148.494813053,1.8177303786459997,4.5443259466149994
16.79286248625298,2720636.7762034126,1.893573457755705,4.733933644389262
19.18412079344254,3843036.6570096603,2.0714355653563117,5.178588913390779
18.15702400654706,3300452.5382518414,1.9737275128548042,4.9343187821370105
15.053642572379333,1971649.3122473778,1.776990825061601,4.442477062654003
18.657052791982398,3391400.0490047494,1.968798338250243,4.921995845625607
18.17606866560155,3308819.8538523484,1.9755002974987448,4.938750743746862
18.140202546838168,3230664.8991713757,1.9545952404255762,4.88648810106394
19.652341081169244,4077243.998933587,2.1070431093087776,5.267607773271944
14.391579054191016,1729120.4876538096,1.7490302511118456,4.372575627779614
14.38975011753807,1703340.0101456353,1.740434181907972,4.35108545476993
15.649321383539139,2259769.9899001494,1.8297372389018944,4.5743430972547365
13.943223385898197,1544045.9856480798,1.7214000292365423,4.303500073091357
19.1618744179052,3625469.4509339044,2.005410549914751,5.013526374786878
17.251099706307983,3006374.947367835,1.951491858428758,4.878729646071895
18.953323262140987,3644302.374655341,2.0245801406155213,5.061450351538804
17.810201477591626,3136405.6204606593,1.9490542903845347,4.872635725961337
18.007693989211848,3334671.9726907276,1.996510755185248,4.99127688796312
14.522118748846967,1746607.365493211,1.7412648827722847,4.353162206930712
12.719372720083854,1011047.0760407271,1.6214514988791584,4.053628747197896
16.037180319634636,2394930.827083774,1.8436705654714762,4.609176413678691
15.391855620660033,2014916.1477945717,1.7598912431434788,4.399728107858698
14.650516072365228,1737770.0279109841,1.7208050344615433,4.302012586153858
19.761112325083552,3921904.673710158,2.054464333645127,5.136160834112817
15.830301732708207,2350251.9406747445,1.8474912184834182,4.618728046208545
16.02995058124861,2423474.2978919894,1.855586599048926,4.638966497622315
16.402506704234288,2331433.9339524163,1.7860253342419834,4.465063335604958
17.5027071938638,2888974.100377718,1.8908393680347055,4.727098420086763
17.099729439674462,2778456.8903273074,1.887289330887232,4.71822332721808
17.141605399300474,2845277.603437096,1.905831868078377,4.764579670195943
18.845649158734943,3699664.7255502874,2.0498514551404936,5.1246286378512345
20.419438767456754,4453967.4975579325,2.168210316396518,5.420525790991295
17.624359459739658,3152853.06087197,1.9687051716225126,4.921762929056281
22.878794089515075,5206591.939418006,2.2278815152356257,5.569703788089064
17.780640185923936,3086479.891317023,1.9341771188063939,4.835442797015984
14.526935088833914,1803280.0851786043,1.76657877697509,4.416446942437726
16.927413871586428,2671594.985851384,1.8632989633494716,4.658247408373679
20.356862961796885,4264873.171740178,2.114013103365622,5.285032758414055
21.40166938361463,4769662.438255914,2.193855810454251,5.484639526135627
20.752873154927933,4550338.929386154,2.1694165745003207,5.423541436250801
16.521970769423078,2536403.6183513235,1.8509463641664452,4.627365910416113
16.330899176405378,2545398.880202275,1.8706912007838667,4.676728001959667
15.08784745577274,2058352.5254024807,1.809693106501501,4.5242327662537525
16.606859476122416,2661050.5919447076,1.8884016923899118,4.7210042309747795
16.036636353106438,2404511.103287898,1.8461083409087513,4.615270852271879
19.87899225024441,4054016.058005957,2.0849408000972973,5.212352000243244
19.29732488108593,3717972.732139227,2.0229128034495885,5.057282008623972
15.951686305212265,2455048.3079789886,1.8751370434392094,4.687842608598023
19.72288918250218,3819378.8723505326,2.02835064652295,5.070876616307375
18.078084846833885,3338360.328117394,1.9930021876684503,4.982505469171126
20.3899774663572,4261153.7344757,2.1129791156459974,5.282447789114994
17.72110646552134,3011144.893020465,1.9151917980417676,4.787979495104419
19.3792186310668,3615648.6062162053,1.9889294402715672,4.9723236006789175
15.988757904451933,2262439.880295478,1.797753483377967,4.494383708444918
15.915627737741932,2327508.125202912,1.8306371907230188,4.576592976807547
18.45514606431722,3447808.3981212955,2.000455042941956,5.00113760735489
19.710318028471406,4056503.3251166847,2.0986527151010503,5.246631787752626
15.742432959737274,2291956.4473629044,1.835045094228044,4.587612735570111
15.961919808703806,2369276.3903688053,1.8423168298671693,4.6057920746679235
17.92480850522178,3129785.14184111,1.9381210264556699,4.845302566139175
16.040717848235154,2412741.0301439874,1.8505273478516322,4.626318369629081
17.531476140881065,2904456.500829405,1.8950387273831661,4.737596818457916
14.908415973368271,1802865.5113907317,1.720598906489418,4.301497266223545
17.651133508031336,3043011.093488846,1.9316753646557252,4.829188411639313
14.086072677425566,1598864.6350018457,1.729206607628983,4.323016519072458
19.745945773004216,4185629.5362013215,2.1343896403714364,5.335974100928592
15.740744788226003,2238292.0927233538,1.8124706806289266,4.531176701572317
17.346792336026784,3047739.6251580995,1.9577680754292652,4.894420188573163
18.879439714678313,3621197.7044871785,2.022831162099889,5.057077905249723
20.233933929073288,4288728.099844795,2.1315323392575047,5.328830848143762
19.32570022600295,3786978.235462159,2.041810640042719,5.104526600106798
17.017268727666778,2842189.2275303686,1.9146497436666776,4.7866243591666935
20.140832617479475,4149135.2476964314,2.0958887027542064,5.2397217568855154
19.502733153467844,3999482.436023091,2.095075420013919,5.237688550034798
15.888674323635211,2332595.5850719,1.833839443257138,4.584598608142845
14.28592942134963,1681899.8977779653,1.7419026783186409,4.354756695796603
17.03995909459963,2803971.8074923176,1.8982964833423839,4.74574120835596
16.887707877489433,2790890.99798756,1.9071163670950084,4.767790917737521
17.66977358855959,2959829.948487984,1.9005987291098467,4.751496822774617
17.097493413995114,2778342.316426157,1.8855394558369685,4.713848639592421
17.061628253811122,2684463.609354821,1.856087899995908,4.64021974998977
18.13010400836501,3211570.341223295,1.9486987995232548,4.871746998808137
16.937353616013606,2675686.556197649,1.862688164040637,4.656720410101593
20.323470293091518,4250596.803166283,2.1131751531144625,5.282937882786157
18.766632423823502,3530294.0570459645,2.0032635212348073,5.008158803087018
21.454412173967352,4781328.294918198,2.1951515073630734,5.4878787684076835
18.13740330157454,3279842.7533701053,1.9699010082652093,4.924752520663023
15.193349082916807,2116432.7938968623,1.823017917054384,4.5575447926359605
15.974172503460892,2337987.160652335,1.8287238149330012,4.571809537332503
17.575496730499363,3063023.389116117,1.942291882548552,4.85572970637138
16.99199294745075,2882265.139693388,1.932337362501285,4.830843406253212
17.720463793022034,3085999.4314255957,1.9415663352992103,4.853915838248025
19.10816613670343,3685761.0917540686,2.0288568745780147,5.072142186445037
15.659315132629104,2237783.7753808806,1.8211662758331395,4.552915689582849
18.3929516776534,3358282.6889576465,1.9790901660638847,4.947725415159712
17.269066673853995,2824916.500118986,1.888685327314854,4.721713318287136
20.313803382731187,4120163.9757033233,2.079123543678009,5.197808859195022
18.14409819516294,3196133.2326353192,1.9439413411898956,4.8598533529747385
21.16662868634771,4727348.463276494,2.1968051496196197,5.49201287404905
19.886369439760475,4052176.1349547207,2.084784338940481,5.211960847351203
18.08472364863278,3401954.2124721,2.016385543959899,5.0409638598997475
20.98137199666499,4454731.5365376305,2.133312650201749,5.333281625504372
15.959047033746977,2464024.087353587,1.8771287198229998,4.6928217995575
19.19246716820606,3807766.7576338295,2.0566466277925475,5.14161656948137
16.906274912738617,2730894.2597095584,1.8855046447978112,4.713761611994528
17.51596285187107,2973590.5811233455,1.916717746534719,4.791794366336798
17.876006925438958,3046308.94506046,1.9160815854943019,4.790203963735754
15.770765532544551,2253801.7955414047,1.8132379847706965,4.533094961926741
14.645664372506007,1819330.0607150998,1.757973656404074,4.394934141010185
18.52835826213619,3473486.9006260065,2.002917328738636,5.00729332184659
15.54186493459715,2105469.5678049084,1.7802537860451062,4.450634465112765
17.83493634394082,3210462.038700561,1.9707624229586675,4.926906057396669
18.545515061174278,3383203.178817992,1.9729203257577594,4.932300814394399
12.65204391017598,1012500.2691282481,1.6372559223647836,4.093139805911959
14.207959033670559,1619757.7982681869,1.723398588677831,4.3084964716945775
18.29690003367006,3167123.835335356,1.9223965765937288,4.805991441484322
18.185013201874757,3275576.165660877,1.9647832380228858,4.911958095057215
16.164473514977562,2467338.7577355187,1.858531343445991,4.646328358614977
17.806804498845597,3137993.8244694527,1.9499305145123973,4.874826286280993
17.195595156951704,2798034.9098743135,1.8850226283602447,4.712556570900611
17.840027201447086,3173184.2179383887,1.9589751910190265,4.8974379775475665
16.575667397714234,2584907.968752972,1.8632432326716437,4.658108081679109
19.61925009889869,3847701.347137823,2.0405352058148636,5.101338014537159
14.712201070856468,1859044.7568538738,1.7679433339818202,4.41985833495455
18.414202378312993,3362733.510824685,1.975916776481757,4.939791941204392
17.95061783313978,3328531.0581900254,2.0002551751169624,5.000637937792407
15.806210072390314,2398786.5155123817,1.8670801106587827,4.667700276646957
19.351871104599194,3698257.1007379945,2.0128420450648514,5.032105112662128
18.581963807492063,3419851.994392408,1.982387806565857,4.955969516414642
14.230084504016528,1699934.193663057,1.7593224128464169,4.398306032116042
18.980675766132116,3471778.3369312426,1.9681985536234476,4.9204963840586196
17.540535245157308,2861618.9515540274,1.8795144936366626,4.698786234091656
17.560311443903732,2919033.3069139523,1.8978729688314997,4.744682422078749
15.62031037968541,2254616.3901786488,1.8305250602718628,4.576312650679657
17.925838146043738,3129066.6649693213,1.9355441691150386,4.838860422787596
15.87624588670784,2370167.5156395184,1.849423842953536,4.62355960738384
16.487376224251584,2549616.6488771075,1.8588173506383554,4.647043376595889
17.503856328171572,2973494.8244874487,1.9205147156892792,4.801286789223198
20.103429725450496,4266814.983627608,2.131452262783803,5.328630656959508
17.454389355621558,2989636.4274371527,1.929643071518053,4.824107678795133
17.645913800927417,3037681.602118873,1.9299456431341802,4.82486410783545
19.68666790631033,3901969.2947761156,2.0512338098543528,5.128084524635882
19.49564297090567,4028986.074407095,2.1026774473416743,5.256693618354185
17.092946328766345,2751611.163778537,1.8809564354898234,4.702391088724559
19.42949480717775,3771668.1952156126,2.030267406819475,5.075668517048687
16.826584464021654,2834330.9744338766,1.9306394759579997,4.8265986898949995
21.036779386847783,4558080.624353698,2.157351743310117,5.3933793582752925
19.610556609678742,4021366.183413218,2.095054829017314,5.2376370725432855
19.29795702443848,3960605.682356866,2.0980292345280325,5.245073086320081
17.8333827958308,3143988.0650510928,1.9498337236696657,4.874584309174164
13.72996624260674,1414655.876401171,1.6851631695421354,4.212907923855338
18.79902298608258,3540343.81005573,2.004267118776971,5.010667796942427
18.455075865333015,3473764.0797715383,2.0088846323157976,5.022211580789494
15.365895333039937,2142545.7465363406,1.8116831878491462,4.529207969622865
15.638859986888832,2132076.299939364,1.7802990908880483,4.45074772722012
18.56324621815755,3358291.327931625,1.9646560292604822,4.911640073151205
19.54747458488386,3913084.1420756523,2.0672671774706295,5.168167943676574
19.57474794100267,3855183.9712306727,2.0455772349216703,5.113943087304175
17.708795229573514,3083896.651530873,1.9388300908674232,4.847075227168558
18.199432960823003,3356519.7474388313,1.9903362770040982,4.975840692510245
21.193349812634878,4661959.195840805,2.1788018319403233,5.447004579850809
20.09647775034933,4205877.064175814,2.116208436490931,5.290521091227326
16.687852241722247,2661618.3191541135,1.882567393358384,4.70641848339596
16.324109859018133,2625940.2290078597,1.9024913535395918,4.756228383848979
18.663016427840695,3524653.9377995525,2.010356318204692,5.025890795511731
22.76147029822586,5357228.975764619,2.2772030372251546,5.693007593062886
16.02675344607658,2478851.835843837,1.8769213594003298,4.692303398500824
16.708863309203625,2763611.7672765944,1.9154406452281523,4.788601613070381
18.767503712532218,3395828.6469760556,1.9627551375164245,4.906887843791061
17.956918346667262,3233361.456079386,1.9682956144514803,4.920739036128701
16.03007495270552,2407952.3808869543,1.8484329412120462,4.621082353030116
17.322735573942104,2927511.964921153,1.9185921793328173,4.796480448332043
15.83011763865727,2340546.396556015,1.843807131374729,4.609517828436823
16.48842800912458,2597136.9968701117,1.8744303438466072,4.686075859616518
18.162486711848324,3208557.0546989497,1.9469767105510256,4.867441776377564
18.606133140460468,3686459.130650062,2.065267426290215,5.163168565725538
19.642067737288293,4147322.318751607,2.1290623042281642,5.32265576057041
17.96562339662049,3141239.4100873247,1.9396633630845264,4.8491584077113155
16.468163296408058,2554279.237693581,1.8622659126127583,4.655664781531895
18.339470965190372,3467963.8638150236,2.014951009432595,5.037377523581488
15.695850230740604,2230137.1906512408,1.8152272716716193,4.5380681791790485
16.307445749262396,2485236.329296558,1.8507908806462228,4.626977201615557
13.39384240637347,1281384.529987107,1.667970020140485,4.169925050351213
15.812737121122078,2413917.4932682924,1.8719926267427418,4.6799815668568545
17.105709366544318,2878427.6287282836,1.9205234612749924,4.801308653187481
19.453927660876058,3995019.3761674343,2.094763358874332,5.236908397185831
19.23915422217135,3973667.0898426455,2.104776530498812,5.26194132624703
16.98479021022148,2827755.552179169,1.913242748030373,4.783106870075933
15.804666307227322,2269405.175091423,1.8174965773604843,4.543741443401211
16.061349626567022,2385600.872834863,1.8374869839871764,4.593717459967941
17.759306208515735,3159278.128386982,1.9624570851081826,4.906142712770457
15.383295403227937,2173340.9047554657,1.8244712979759432,4.561178244939858
18.206313087942384,3244401.4494856913,1.9539286543462198,4.884821635865549
17.499405548406255,3003075.5048526693,1.9301455592253163,4.825363898063291
19.03549255802193,3513182.716387122,1.9814773513162025,4.953693378290506
16.43367364290931,2534379.8751128055,1.8566338481399685,4.641584620349922
16.31507850942391,2584254.741998355,1.8875905897147205,4.718976474286801
19.515308762747765,3834281.991829003,2.0447800454315357,5.111950113578839
18.935930783215227,3603453.4407695867,2.0160370669935297,5.040092667483824
17.48517663734921,2917454.5296994997,1.9019119917710152,4.754779979427537
20.93467645641873,4503706.468894923,2.1492184064660513,5.3730460161651274
16.761722252175048,2564333.1769657247,1.8398020330522753,4.599505082630689
15.97341469383149,2285069.434279911,1.808405027766538,4.521012569416345
18.97219712777718,3794475.9236122966,2.0707017337138938,5.176754334284734
18.67732109190221,3485342.3793941177,1.9949364699883954,4.987341174970988
19.114106102967398,3806071.83329703,2.064118357460022,5.160295893650056
19.877237466242057,4051486.940551305,2.08702137360523,5.217553434013074
20.961940439967307,4525565.490434192,2.151355682476274,5.378389206190684
16.44067778541578,2580233.810970718,1.8729351071431226,4.682337767857807
17.792330230975217,3214152.0415785164,1.9772197976955317,4.94304949423883
18.19347028976861,3411744.8615791136,2.009791082034131,5.024477705085328
18.117825674856334,3400210.8262514956,2.009464446967435,5.0236611174185875
17.969363436390175,3086687.1044214256,1.9199486088762823,4.799871522190706
15.197263239830129,1937264.8009400517,1.745907026779956,4.36476756694989
18.61245131864482,3419152.933212243,1.9793350841427528,4.948337710356881
20.20142334174535,4300402.396993887,2.134874836708051,5.337187091770128
17.91640360328135,3159425.930694268,1.9500822436922773,4.875205609230694
16.986842417957448,2752472.063761864,1.8861419108353439,4.7153547770883595
18.204303433573,3303676.082578143,1.9732080888253272,4.933020222063318
16.3142538137063,2506297.048344449,1.8595542254918918,4.6488855637297295
21.346395792973972,4763736.208177768,2.1938233586104805,5.4845583965262
20.46696958071472,4292353.310251325,2.1159992389884157,5.289998097471038
16.026403413200562,2330717.9516943246,1.8209058307248138,4.552264576812035
19.334342048382467,3678235.54627988,2.011522522873113,5.028806307182783
19.05681742713552,3691519.719988631,2.0331641356969405,5.082910339242352
15.626045246370346,2146446.9153519114,1.7881000559260778,4.470250139815194
16.71634025967219,2699315.891677604,1.8920541925586671,4.730135481396668
18.22693732184668,3302654.9888507267,1.9729482899521436,4.932370724880359
18.55496389312281,3386070.6999888215,1.9726438747627504,4.931609686906876
21.96137987539717,4959723.54998075,2.2139651638549767,5.534912909637441
17.838906073649994,3124887.020140563,1.9432779855392683,4.85819496384817
21.75924364679247,4858472.97332778,2.1967429128622977,5.491857282155744
16.782988811889954,2652080.733033793,1.8697485538794507,4.674371384698627
19.452412912864126,3733040.73857016,2.01942279888905,5.048556997222624
17.38469211342526,2942079.340850286,1.9177256145312995,4.794314036328249
17.667686396134986,3108209.3855158836,1.950695623106724,4.876739057766811
18.443579533096322,3396826.8292704485,1.9861226014350544,4.9653065035876365
17.873838633069838,3167289.7151273414,1.9540718052757156,4.885179513189288
18.937499479819287,3851358.3856222415,2.0897770857208644,5.224442714302161
19.019508835760845,3590662.0773883862,2.0043285235239576,5.010821308809894
13.175392829479392,1208140.3695509266,1.6614652525193756,4.153663131298439
18.338507775737245,3225258.6069782004,1.939264147373707,4.848160368434267
17.554741951855423,3012753.3806546154,1.9289514379153325,4.822378594788332
17.11723985979008,2645831.581158189,1.8387474876523435,4.596868719130859
17.891173363110568,3282428.8461831138,1.989761079288736,4.97440269822184
18.833938223650314,3585729.108691562,2.015145730149625,5.037864325374064
17.452737972522648,2967521.4032688644,1.920085275347535,4.800213188368837
17.88718468928352,3184414.636297142,1.9579479666474997,4.89486991661875
19.02577430048169,3777768.866836844,2.062146947163679,5.1553673679091965
15.326005494387918,2085375.3782985713,1.7961447029877748,4.4903617574694366
19.56690034140729,3721625.7190856645,2.0076240708825823,5.019060177206456
18.225316889501464,3491303.0734480284,2.0311847905999123,5.077961976499781
20.58725864478226,4299655.988030804,2.112709102021347,5.281772755053367
21.08627491584032,4422636.440082953,2.114622833730056,5.28655708432514
15.560056668517008,2222671.859828611,1.8253332013436883,4.563333003359221
18.72935646330607,3510441.71647422,2.0004392168697356,5.001098042174339
22.980809349968734,5318840.261183467,2.252588569757831,5.6314714243945785
16.98955330359835,2867414.6858921163,1.9269088864767931,4.8172722161919825
19.142810294723557,3622639.3075404866,2.0060496471120994,5.015124117780249
17.16852431426168,2866173.8792217327,1.9115428167188533,4.778857041797133
18.806608108780697,3695852.237449007,2.052064706759063,5.130161766897658
17.551547073487917,2974117.685610395,1.9159970455132231,4.789992613783058
16.134376254215788,2255166.3213982796,1.780132323994831,4.4503308099870775
21.470123734737847,4573856.086888493,2.1373540257946813,5.343385064486703
14.862320967248866,1880197.8616308253,1.761010594283567,4.4025264857089175
17.208874277351494,2987502.5490340935,1.9499173990053251,4.874793497513313
18.184398062702822,3196706.9325336125,1.9427473582471781,4.856868395617945
14.840082296496359,1871766.8287431234,1.758438210369076,4.39609552592269
20.83804041628694,4369793.416766215,2.1189477236240877,5.29736930906022
19.199558190474452,3911374.7945154095,2.0898674957300387,5.224668739325097
16.141810007654932,2387029.1449793484,1.8307489129710621,4.576872282427655
20.946154692330786,4593617.915545772,2.171400098661481,5.4285002466537025
14.599889245591458,1837443.6038014647,1.7721172197018127,4.430293049254532
17.049872263490705,2814053.034587281,1.901519606557036,4.753799016392589
16.03479105911827,2431479.3806168353,1.8563696117638677,4.640924029409669
17.877770849366883,3072940.498387361,1.9233433534285511,4.808358383571378
19.376090717621363,3837660.72994022,2.054720020537305,5.136800051343262
18.901343288432628,3609681.4732735343,2.015483338654176,5.03870834663544
18.14486039728951,3284458.521380022,1.9722674794363282,4.930668698590821
19.684156744188574,3841613.861327445,2.0362872454014442,5.090718113503611
18.307468707842702,3329095.199391937,1.9724286559385718,4.931071639846429
19.30349910076825,3792000.404991391,2.0483501806787183,5.120875451696795
17.56722940850388,3051700.655773732,1.9387426971613757,4.846856742903439
21.06254570565287,4471205.085780799,2.132470474152702,5.3311761853817545
16.176226040023998,2319213.95383522,1.8028030533068717,4.507007633267179
18.14923185513626,3180259.1980044255,1.9373300116440546,4.843325029110137
17.649567455994198,3064399.260411461,1.9373847995345361,4.84346199883634
17.523037309913647,2991900.923881579,1.9238010650929436,4.809502662732359
17.56084884800526,2989982.6530641904,1.9215768970136746,4.803942242534187
18.7677839453128,3487208.0852027563,1.9898745837696479,4.974686459424119
17.922521101827904,3172196.8215335812,1.9509852429302834,4.877463107325708
20.382457211717742,4119534.9422490997,2.073102027969122,5.182755069922806
17.361944151604412,2976214.775092069,1.931752071461211,4.829380178653028
17.245026686549146,2954854.5835317876,1.9354499714657076,4.838624928664268
17.483730792983245,3120500.0652575037,1.970959343329978,4.927398358324945
17.400062198338073,3018117.304981089,1.9433186132001743,4.858296533000435
18.54167207334243,3514826.4918496674,2.01379828696097,5.034495717402425
16.53689051639318,2631657.2650123592,1.8822751064477525,4.705687766119381
21.298401088308093,4652284.695793712,2.169567787452726,5.423919468631816
14.607629870467708,1805810.7794272788,1.758662868481113,4.396657171202783
18.117634267387707,3370530.7157142004,2.0025353099203467,5.006338274800867
17.502334696368436,3111162.075802505,1.9661680360571605,4.915420090142901
19.620874909214802,3996984.489729846,2.0877028052992506,5.219257013248127
18.503160656775197,3470385.926189784,2.0031296372199447,5.007824093049862
17.272556648932856,2873754.323264337,1.9035298107106489,4.758824526776622
17.994728759790778,3224694.6398483347,1.9629354646722392,4.907338661680598
18.49821478867195,3455324.02436726,2.000206184620972,5.000515461552431
17.856040303374954,3318253.9572347254,2.00655079875885,5.016376996897125
16.63213218179289,2708251.601388028,1.9015013759576351,4.753753439894088
18.994133439931705,3746141.4679825613,2.0531697363099792,5.132924340774948
15.9649939687182,2332467.017229555,1.826922524485059,4.567306311212648
15.520161476100359,2161189.4636714635,1.803227615148233,4.508069037870582
18.958607680034568,3776732.1364658996,2.0647946150505057,5.161986537626263
16.769827546728557,2732320.1282114265,1.8998277291767292,4.749569322941823
17.116833261667974,2843521.829234235,1.9071368288319133,4.767842072079784
16.765674341390756,2603565.2463653274,1.8532763306943036,4.633190826735759
18.568417203817035,3577674.993542554,2.0343171595861373,5.0857928989653445
16.643162855186212,2657885.531910396,1.8843051206819437,4.71076280170486
16.214068812994586,2490728.7752096225,1.8618119626604528,4.654529906651132
18.976455495270184,3576291.098215361,2.0039001116559825,5.009750279139957
15.423333134914241,2126098.076217491,1.8011223476527103,4.502805869131776
18.815957234619596,3504913.4741505897,1.9906035958622326,4.976508989655581
20.2060799427459,4295750.357827686,2.134711209355004,5.3367780233875095
16.587679520087484,2629650.8149832366,1.8786824090196133,4.696706022549033
15.592190589993017,2273910.5927046547,1.8426880420500173,4.606720105125044
15.755270392764832,2258010.6952870646,1.8186828625307847,4.546707156326962
14.757748795469805,1839396.457088448,1.7541373032229786,4.385343258057446
20.640206203408873,4084230.3424163074,2.0490173963383658,5.122543490845915
16.734599958840658,2664356.946279851,1.8773755731158137,4.693438932789534
21.111877308714377,4691542.580407981,2.189565612541577,5.473914031353943
16.184657026576964,2365373.374615752,1.819949742333372,4.549874355833429
19.072795139813927,3707573.318556862,2.0374349250494346,5.093587312623587
18.354057130925305,3371225.1963788653,1.9832886600378323,4.958221650094581
17.44178422289666,2907302.3350564186,1.9013521520839154,4.753380380209789
16.10608547190222,2424545.9158634646,1.848495874412475,4.6212396860311875
18.3190685563998,3467679.667861133,2.0160062744303593,5.040015686075898
18.730892931756827,3484411.584128891,1.9946098636302427,4.986524659075607
17.17445875789787,2999652.3060436677,1.956302027075499,4.8907550676887475
17.588614459198617,2926970.1101965997,1.8971049511698928,4.742762377924731
16.989487916411594,2897906.3410285283,1.935535967069084,4.8388399176727095
17.28320351250241,2911517.999716052,1.9147557716073722,4.786889429018431
18.70400128046783,3494525.0180199277,1.9983531890281099,4.995882972570275
17.84525095628542,3158580.6905844584,1.9565262348476198,4.891315587119049
16.828163793398886,2811639.634395808,1.9211588745054289,4.802897186263572
17.985272544811505,3196396.8745738296,1.957480983339996,4.893702458349989
20.52876841022455,4083972.5406621555,2.055552873498258,5.138882183745646
15.537028513859962,2242865.8520049583,1.834260389222207,4.585650973055517
16.442021128722995,2524926.505032095,1.8540364248492214,4.635091062123053
16.55895719381388,2486613.6936844727,1.8293187036200214,4.573296759050054
14.575122669211105,1788439.849283982,1.7547329799276423,4.386832449819106
17.7242206958105,3068079.672512915,1.933212768493069,4.8330319212326724
18.38057039099692,3372280.7054421557,1.9816927488991816,4.954231872247954
16.70425329717049,2659151.2638584105,1.8777248265723352,4.694312066430838
17.33348096978906,3021032.2908660397,1.9502842915525005,4.875710728881251
19.303630670985903,3812088.5484245736,2.0519837582941363,5.12995939573534
16.783769196037568,2684653.795514416,1.8798209393351213,4.699552348337804
21.554566189794897,4802283.306438503,2.192351996569838,5.480879991424595
16.399715506946766,2449420.0713116014,1.8281173666311032,4.5702934165777584
16.967442511099584,2729253.445415074,1.8799477234337192,4.699869308584298
16.664027017670826,2683089.06462986,1.8909603659541145,4.727400914885287
15.82874441851214,2224940.5158210425,1.7979747902500645,4.494936975625161
15.882628004953325,2318886.108921026,1.8292592670777619,4.573148167694405
20.202523224844484,4261413.580368492,2.1258036032273497,5.314509008068375
16.603249376468952,2773730.007292332,1.9285015439248212,4.821253859812053
17.184327993615888,2938472.669279582,1.9320093231538702,4.830023307884676
19.061033573876564,3835594.027589958,2.0758859672066814,5.189714918016704
19.14686786494353,3681028.5946133872,2.0204141697060076,5.05103542426502
18.252073780353186,3248900.2193433214,1.9515838758837305,4.878959689709326
16.380101695457693,2430093.571391141,1.8247792976830222,4.561948244207556
18.400342285594085,3452087.6745922714,2.0056923640783744,5.014230910195935
16.31432922923448,2599509.767306363,1.8926751694243618,4.731687923560904
17.122344878579554,2820369.5842330875,1.8983671095194594,4.745917773798649
16.747273260145292,2649366.557163438,1.8705822532252163,4.67645563306304
17.697121729141486,3022540.9767254554,1.9186042465777255,4.796510616444314
19.3545987102276,3861013.3878060672,2.0627764847057377,5.156941211764344
18.319952276161857,3362427.169575709,1.9820481115693427,4.955120278923356
19.652031024188354,4004633.808790949,2.0876798241526555,5.219199560381639
18.501031097733424,3549294.216072658,2.027924312546168,5.069810781365421
19.547631181263103,3882895.2030351926,2.055575400963912,5.138938502409781
19.26962589076444,3802475.6235850994,2.0513312532599763,5.128328133149941
15.899394747347362,2312528.3469197853,1.8250209138941615,4.562552284735404
18.848050191771094,3542569.2066170014,2.0030220406903756,5.007555101725939
18.841051555102762,3743471.5104102343,2.064399269159983,5.160998172899958
17.183430616080365,2845041.8062429167,1.9043715315919698,4.7609288289799245
17.19704090204557,2852331.2811777964,1.9032564374538667,4.758141093634666
15.013127357387779,2029767.0249224175,1.8066989253844117,4.516747313461029
15.97596661050893,2324855.0599470474,1.8215701574229612,4.553925393557403
19.016047392532997,3672695.253475721,2.0319078181153167,5.079769545288292
19.278067966757217,3841381.068574453,2.0609560708384747,5.152390177096186
21.678214888721435,4937837.321133669,2.223562593112648,5.558906482781621
14.486563793693552,1748098.980267753,1.7457572209435073,4.364393052358769
20.499147676156525,4461866.2560584145,2.1626527101180395,5.406631775295099
18.89392689092628,3607536.6500496147,2.019209302221837,5.048023255554592
19.09755379805873,3626878.607691964,2.011468063017852,5.028670157544631
19.111116114626924,3689520.031791616,2.0283197123962977,5.070799280990744
16.72464217443912,2657083.0777598564,1.8762028172533682,4.6905070431334215
19.0719630480791,3510914.0739856567,1.9783910177026949,4.9459775442567375
17.310587011891187,2962909.6647946956,1.9322034956136085,4.830508739034022
14.849699733027833,1871889.939481196,1.757927345291761,4.394818363229403
18.41222299217391,3492315.412908584,2.019716852371574,5.049292130928936
16.39854213365406,2690030.9641763177,1.916783565318859,4.791958913297147
17.70743339258376,3183077.595653061,1.9738431422849818,4.934607855712454
20.391677853146682,3969517.7796989623,2.0267713096714863,5.066928274178716
17.832672522731773,3191540.0199637488,1.9661421490124815,4.915355372531203
16.46171533792473,2483659.9875036515,1.835237478277859,4.588093695694647
22.221890859489825,5241484.847730557,2.2726079927943825,5.681519981985956
16.31540003470917,2451139.6980424887,1.8381259026774877,4.595314756693719
16.82284602077644,2835130.2766580004,1.9283490243711543,4.820872560927885
15.15373394045556,2013063.048153352,1.7830693639957067,4.457673409989266
12.892687117088087,1084755.8217742192,1.6383984351292837,4.09599608782321
17.189876081161447,2793040.9484821437,1.884860249766314,4.712150624415785
15.95006391913396,2357762.6344968844,1.8371453021380253,4.592863255345064
19.40725673031325,3733116.726659095,2.0225718042154512,5.056429510538628
20.673434240723985,4311823.923524154,2.1111672558930668,5.277918139732668
18.260175184231684,3322072.9907274824,1.9752064485792908,4.938016121448227
17.53663205074647,3070656.8749308176,1.949661129984279,4.874152824960698
18.40651005540095,3459036.2481342545,2.0078047470679024,5.019511867669755
19.270287147948405,3742717.7045790143,2.033929153446067,5.084822883615168
18.889691457004453,3580479.201838902,2.010240392257092,5.02560098064273
21.428721356463363,4536335.9311728375,2.130921288968009,5.3273032224200225
19.366735724038865,3932136.0539003927,2.083043532817661,5.207608832044152
18.80333878712035,3490237.2128547737,1.990378344502899,4.975945861257248
21.42229872831645,4655603.919920875,2.1636950635696577,5.409237658924145
19.268144189149105,3813378.766837051,2.055191638515259,5.137979096288147
18.82500603877304,3597330.6611987185,2.0211879116432665,5.052969779108166
19.801404748983863,4088206.7906270744,2.100271654092633,5.250679135231583
17.799093231430586,3063954.2425916027,1.9274076891414322,4.818519222853581
16.317158707360257,2610105.4969088174,1.8957720758196785,4.739430189549196
21.007842873708316,4701072.132059123,2.1989683027771023,5.497420756942756
17.26449293456429,2943513.0552692497,1.9283624841217086,4.820906210304272
17.805030785611862,3143033.9593381835,1.9534021069923841,4.88350526748096
19.446731268909435,3882945.59375422,2.0643470473617116,5.1608676184042785
16.594493448352445,2674775.4327967335,1.8935000311737913,4.733750077934478
19.948999307499783,4054567.102912304,2.0804802682453425,5.201200670613356
18.843554989049636,3465619.529561772,1.9791266730703552,4.947816682675888
15.416251992781405,2151832.529321485,1.8131658702177469,4.532914675544367
14.197347235354485,1693860.3563584592,1.7605250220874749,4.401312555218687
16.25221520809714,2455560.7623935305,1.8466460696644182,4.616615174161046
18.613758251135426,3578063.7681321325,2.0283212148014655,5.070803037003664
17.0056897617606,2799173.6217940664,1.9010817469632544,4.752704367408136
17.180134928380355,2774239.059207936,1.8786474328295562,4.69661858207389
17.464400897436484,2993414.6688963342,1.9293302017882485,4.823325504470621
14.673108043603111,1869240.0899364566,1.7788458779499583,4.447114694874895
20.01840104438781,4106655.7843967825,2.0919826370017836,5.229956592504458
18.485107375518428,3331768.8463947857,1.9615186240761664,4.903796560190416
19.921033513393628,4092259.406564207,2.094227659658342,5.235569149145855
18.922012687933744,3500255.2718922887,1.9833578224354893,4.958394556088724
16.688381289230737,2700782.1053576414,1.8957474713233262,4.739368678308316
20.603898249938513,4468935.534921737,2.160815889544209,5.402039723860521
17.715504137004288,3223122.324134187,1.9869435849779806,4.967358962444952
19.32223814291123,3880258.057592673,2.072757222037818,5.1818930550945455
17.432772985231402,3101287.25052292,1.9688938492298245,4.922234623074561
17.899812810609994,3263230.8596687624,1.9831057799543002,4.95776444988575
18.1835672925869,3304230.5003281618,1.9762770349967715,4.940692587491928
16.9622422030034,2832781.0879121106,1.9168354414772055,4.792088603693014
16.88349215046905,2787010.1000557197,1.9093736479650945,4.773434119912737
17.017017651689592,2669203.155978309,1.8552461435228083,4.6381153588070205
21.380711807717834,4756887.907274269,2.1916909647439082,5.47922741185977
20.274830244379636,4222886.511244057,2.1087152319180436,5.271788079795108
17.600291052363914,2975320.244856433,1.912968589421259,4.782421473553147
15.758107479839012,2242606.1653187266,1.8119063882452573,4.529765970613143
16.12581046737256,2431793.266763405,1.8494296722016756,4.623574180504189
20.233898355641532,4375234.129059317,2.1562066500945583,5.390516625236396
16.212460966231433,2472055.9901646646,1.85667719335341,4.641692983383526
18.11830453499166,3078120.111620263,1.9070035835026264,4.767508958756566
19.587102466772865,4069986.949586344,2.108436780325749,5.271091950814372
17.550527312620478,3018132.626958294,1.9300542121430193,4.8251355303575485
16.09838951352618,2419943.6698710257,1.8459523301352034,4.614880825338009
16.872288287309757,2757046.3651918555,1.8972026560419706,4.743006640104926
18.945267881864858,3561636.761991067,2.0022514561794336,5.005628640448585
20.99518725558065,4312164.13581954,2.0911026649149274,5.227756662287318
20.401163747857233,4117970.8221411593,2.07196797626615,5.179919940665376
16.031876677525702,2371692.4770604447,1.8354099506937072,4.588524876734268
19.15220590557698,3774526.541154408,2.049654282090378,5.124135705225946
16.15005999353578,2412316.813098303,1.8412323538686528,4.603080884671632
14.371188252905199,1790814.0785011891,1.7822483549241996,4.455620887310499
18.65192283499997,3513953.7620928455,2.005029354823821,5.012573387059552
19.025759827678822,3700940.470669644,2.03638475302856,5.0909618825714
16.932337456319168,2832921.0785548706,1.9179188279437482,4.794797069859371
20.560017378372898,4509178.202349843,2.171389392916132,5.428473482290331
16.85834756409408,2524164.8512109164,1.816669341649705,4.541673354124263
19.044746471843222,3490102.172182044,1.9731812960779667,4.932953240194917
18.85963583872641,3626134.4581463784,2.026837799994709,5.067094499986774
16.956988262384986,2814779.288834722,1.9097659913138956,4.77441497828474
18.102210112388704,3397461.178166531,2.011269090355454,5.028172725888636
20.167312673834402,4217801.320212226,2.113729268731036,5.284323171827591
18.284188714808923,3349086.8926172275,1.9813217443278797,4.9533043608197
18.7214077900691,3641188.1958252285,2.039481994991406,5.0987049874785155
13.673863236163285,1423547.7697471185,1.701394834244524,4.25348708561131
16.431956769234013,2506972.775933003,1.8470287591581058,4.617571897895265
18.93249754726345,3702523.302055492,2.0459413713383516,5.114853428345879
15.928217823690849,2300540.7618884705,1.818000072653048,4.545000181632621
16.38497938995247,2576755.348857809,1.8776093207187283,4.694023301796821
20.852834091487704,4312790.696917021,2.1001022192698264,5.250255548174565
19.748861788000017,3979861.0920782518,2.0729937092064787,5.182484273016197
18.98360869859934,3608578.1419301657,2.0125701104066893,5.031425276016724
19.904055451375903,4050601.183724449,2.081131929185019,5.202829822962547
18.245521447422043,3251330.352083318,1.9540461818443,4.885115454610751
20.629989590182984,4233670.181242141,2.0873988651595035,5.218497162898759
17.46956306587606,3023232.043844222,1.939343519364135,4.848358798410337
19.88541438605227,4028394.322289437,2.0764247273104184,5.191061818276046
18.90330264206206,3625014.3499970846,2.022463571965054,5.056158929912636
18.830646537764316,3562617.0650690887,2.008633002206859,5.021582505517147
16.678006573080516,2674150.3640893744,1.8860236291403085,4.715059072850772
14.142983864162018,1688831.5019776002,1.7652764640238336,4.413191160059584
19.648602645158377,3866684.0486286087,2.046401291197007,5.116003227992517
18.51887419352871,3362392.880652449,1.9712368032720464,4.9280920081801165
15.56019616536075,2244854.537337196,1.834936463703098,4.587341159257746
19.096799606500035,3665504.1004047375,2.0217802792363315,5.054450698090829
15.361958534487963,2025964.397532858,1.7654756213514928,4.413689053378732
20.79842958313187,4258287.972571564,2.088800610005281,5.222001525013203
16.784261640283084,2688084.3676387053,1.8832206322940916,4.708051580735229
19.38357343930168,3539420.471148658,1.9666056680366157,4.91651417009154
16.11696871324306,2396454.8941682987,1.8370551724878952,4.5926379312197385
20.17555140811451,4204742.4963112045,2.1104760558806555,5.276190139701638
17.597893472612114,2899680.8400718654,1.8877398842261464,4.719349710565366
20.88215358996046,4403829.036894418,2.12407975653219,5.310199391330474
16.59598181548272,2487934.3017106308,1.8276856095733758,4.56921402393344
17.45741004732455,2955210.756666083,1.9176339139428433,4.794084784857108
15.494264414704716,2038933.7313341843,1.7576234446672174,4.394058611668044
18.913414385701866,3690911.3673735233,2.0420340298961652,5.105085074740413
16.159527190585997,2483977.211536739,1.8664233012847113,4.666058253211778
18.32860158373455,3214583.64911667,1.9339352691761333,4.834838172940334
17.825118461855816,3202909.8092819043,1.9701416893085513,4.925354223271379
21.992424129615596,4709460.965766317,2.1468708859929593,5.367177214982398
14.188520247675584,1634526.8777186712,1.7328762872991308,4.332190718247827
17.749610078825185,3106525.683384886,1.9442654137326176,4.860663534331544
18.75909775464699,3602299.1331101134,2.0264758611225133,5.066189652806283
19.071526903848724,3564078.049111005,1.9931065758243554,4.982766439560888
16.263590651082005,2523045.3795907376,1.8696615696812413,4.674153924203104
19.213241930152016,3978830.6286523994,2.1081219642496407,5.270304910624102
18.374895569762884,3483797.4044821,2.016721616929574,5.0418040423239345
18.593282647472908,3434742.7313986663,1.9854835675549987,4.963708918887496
16.731802040384824,2609839.709341107,1.858873630964639,4.647184077411598
17.358254064853273,2800045.301392949,1.8737188406702905,4.684297101675726
20.076904762335857,4148379.029232947,2.1002455664460555,5.250613916115139
19.984224120799876,4023675.1543115713,2.070672984552286,5.176682461380715
18.342905613995587,3292762.158745385,1.9588525581271485,4.897131395317872
18.27275292926338,3225943.0806946857,1.9438922362536404,4.859730590634101
17.647683478317376,3144607.884008986,1.9645948211018314,4.911487052754578
16.965886098887783,2735963.703689145,1.8838537526174053,4.7096343815435135
13.661932609655537,1358317.257846334,1.6685873204757429,4.171468301189357
21.137460434163646,4294379.86823436,2.0805517021853475,5.201379255463369
13.91321647013768,1511971.7908807853,1.7091225986378848,4.272806496594712
20.745240782316188,4410161.67239965,2.132744804513851,5.331862011284627
18.223415160299616,3245641.99118153,1.9536879164383993,4.884219791095998
19.078426804486682,3573733.0440256596,1.9954404139898259,4.988601034974565
14.5284840964651,1780378.8098716615,1.7557656996540376,4.389414249135094
19.830027950646144,4060432.7324854312,2.0901521753476477,5.22538043836912
18.02534496174126,3084079.579645668,1.9151323806594498,4.787830951648624
16.926068994105712,2722152.336017932,1.8825217428961631,4.706304357240408
17.425334491265243,3108573.9862132417,1.972010264078983,4.930025660197457
19.488294455731303,3854406.2439019233,2.0528115444011865,5.132028861002966
12.739905736068891,979805.9491613572,1.5968172367051132,3.992043091762783
15.488443764744142,2049608.944228056,1.7625065573321526,4.406266393330381
15.420411254592858,2079106.5489532724,1.7797466597508664,4.449366649377166
19.517732815416554,3841586.602109382,2.046370331305129,5.115925828262823
18.825810720053692,3660110.890093536,2.036213472637053,5.090533681592633
19.812541282005157,3925504.9279746804,2.0526666929733337,5.1316667324333345
17.109598863437682,2853312.647028284,1.911657795787049,4.7791444894676225
15.280821704319392,2089685.3280639779,1.8014440276864125,4.503610069216032
17.31761201470774,2821567.1873471895,1.8848686510002275,4.7121716275005685
16.368578377939393,2446139.4146226095,1.8306694301407724,4.576673575351931
19.38641254704976,3684101.6765945246,2.0077804963679124,5.019451240919781
18.200177839254984,3386620.602840388,1.9987634112563775,4.996908528140944
18.483774003591023,3333816.107540223,1.9614447991211272,4.903611997802818
16.886776077483457,2725929.8924214086,1.885229282232961,4.713073205582403
17.569363171471373,3223551.369292247,1.997120360262295,4.992800900655737
19.390757515952828,3931555.566216872,2.0819661958527615,5.204915489631904
17.63323374697887,2933194.0065742442,1.8958725537580803,4.739681384395201
17.12091534165241,2813776.373162587,1.8956959326761849,4.739239831690463
13.86943974447199,1533587.7561519053,1.728904834588168,4.3222620864704195
17.957597513133972,3243984.376746716,1.9711057642476297,4.9277644106190746
19.562128152056957,3846544.470225758,2.046418190426559,5.116045476066398
17.117388319098637,2704347.692792046,1.8581127909363546,4.645281977340886
19.76690025017016,4025012.6334165568,2.083063033898785,5.207657584746963
15.05712832934256,2072995.3730362793,1.8195394495103638,4.54884862377591
13.342000950493805,1344642.8459341247,1.7117012691706281,4.279253172926571
17.259627423961433,2795298.8400939284,1.8783479056350674,4.695869764087669
16.33897067725245,2512649.759469359,1.857972385062257,4.644930962655642
17.39399036026814,2768806.971913724,1.8603884799815498,4.650971199953874
13.86465572447515,1442439.118158999,1.6815221987099611,4.203805496774903
18.759519348723842,3522180.3830920057,2.0028831354604186,5.007207838651046
13.04477473190504,1170441.3633246413,1.66239754369956,4.1559938592489
21.373063614915043,4704376.676154327,2.17521204657911,5.438030116447776
18.53555683989412,3388622.565676092,1.9758580545050821,4.939645136262706
16.690940640846975,2568589.799237796,1.846783884036903,4.6169597100922575
18.143898856825945,3366780.1344066933,1.9993414391090891,4.998353597772724
16.99711157784236,2786013.3985366635,1.8977291661621354,4.744322915405339
18.423269676307807,3278368.247584774,1.9483548447317,4.8708871118292505
16.2717041546121,2483648.255865003,1.8554448554434873,4.6386121386087185
18.547455414504377,3264714.086922082,1.9359847708886084,4.839961927221521
19.22276482825471,3594151.15267263,1.9934119159412689,4.983529789853172
22.023797896679497,4810247.3836757615,2.168791332001028,5.42197833000257
14.465330672590815,1733909.4420220023,1.7417107745782503,4.3542769364456255
18.243201568272482,3299966.2912248718,1.9681845294885338,4.920461323721335
17.07267498048779,2837432.1707717823,1.9099529215035762,4.7748823037589405
20.644511786141596,4484694.509828043,2.160695076695633,5.401737691739083
14.89231253136294,1973693.8395187166,1.797833169371084,4.494582923427711
17.453591776415877,3051308.93658287,1.9506631187722578,4.876657796930645
19.031324909159398,3633588.7208847534,2.019683836886418,5.0492095922160445
19.00390472560687,3670274.2901579225,2.030586966185413,5.076467415463532
14.979418142296952,1884779.2331242803,1.7496174819898822,4.374043704974706
17.83416523149026,3210487.263484707,1.9714110447878308,4.928527611969577
15.553548467378553,2190992.647145453,1.8120925617721682,4.53023140443042
17.88082416119776,3051627.390134668,1.9168894089489414,4.792223522372354
17.31794294769813,3002495.911318672,1.9446423700399689,4.861605925099923
18.862771497298937,3654095.327740675,2.033943227880229,5.084858069700572
21.258232906592454,4592798.579727369,2.154066358220908,5.385165895552269
17.537172988085103,3145939.5302163158,1.9748494582029477,4.937123645507369
19.97078502316494,4229791.62401101,2.1326829257557947,5.331707314389487
18.771499799748526,3521587.45395933,2.0002693520093584,5.000673380023396
17.714712414545474,3184376.9105082704,1.9731490984352522,4.9328727460881305
19.465344300651346,3878214.833942483,2.060141267459429,5.150353168648572
15.507947812608558,2147344.3019748786,1.798603155066986,4.496507887667465
16.139127287818678,2386078.680542621,1.8290231577335696,4.572557894333924
18.47896147876198,3324647.9770872397,1.9592248271615447,4.898062067903862
20.409210332621754,4195537.743257057,2.093562811440528,5.233907028601321
18.98020151363813,3738934.1145086866,2.0523330674451916,5.130832668612979
19.602566862926473,3884571.3763448466,2.055073579972256,5.13768394993064
18.5259593524848,3480286.0133922175,2.006990506634953,5.017476266587383
20.269858875579594,4124032.771602963,2.079902407454792,5.19975601863698
15.592299189229575,2237870.1173642445,1.8277106590674177,4.569276647668544
17.992156668246473,3246055.666974022,1.9709707309159146,4.9274268272897865
18.102043573668738,3198709.2353455145,1.9492804716603764,4.873201179150941
18.978623053421174,3691236.179325497,2.0394736930260793,5.098684232565199
19.74052040125871,3962444.436365191,2.069000186902605,5.172500467256513
18.507369625798532,3445735.128838975,1.9953316217536543,4.988329054384136
17.948874201166575,3228566.810218284,1.968768946713141,4.921922366782852
14.264402224129725,1729835.1917698588,1.766693997596981,4.416734993992453
15.371751409603828,2226552.802172739,1.846777098932179,4.616942747330448
17.03260954246457,2887662.5552668665,1.927545589920824,4.81886397480206
20.203099835210246,4077923.1261386834,2.072295546458903,5.180738866147258
17.113184704121952,2835578.735084038,1.9044611421919835,4.761152855479958
18.952713294748456,3693505.0493120607,2.041734725796996,5.104336814492491
14.026664833406667,1574403.2556002159,1.7257542225228786,4.3143855563071964
21.51557985265773,4784488.196664073,2.1925803116018012,5.481450779004503
14.828903467103416,1856086.8507817686,1.7534222686756187,4.383555671689046
18.598950624579125,3581124.6868830025,2.032059252059694,5.080148130149235
21.680774511497034,4842707.473778045,2.1988953588278326,5.497238397069582
14.449592289534529,1746303.7704833737,1.7492853483510922,4.373213370877731
17.359232121721124,2916043.65281938,1.910742908531452,4.77685727132863
17.829247142982574,3103039.122049327,1.936454657255362,4.841136643138405
19.58793106374259,3867404.467709651,2.0508219770088574,5.127054942522144
17.725961687368795,3047249.662647238,1.9271303299953046,4.817825824988262
18.66033311646289,3568079.388303403,2.0215618353456466,5.053904588364117
20.512035114884352,4375065.375388354,2.1369519140649023,5.3423797851622545
18.198112800173828,3199691.8927878896,1.9404017756514236,4.851004439128559
19.20225736806116,3863020.1067357045,2.076391084065415,5.190977710163537
17.56979512888728,2993629.8354492,1.9210778935799337,4.802694733949834
20.212617639529995,4212323.023938735,2.1112720221860517,5.278180055465129
19.50959823410021,4125742.905406381,2.131750308234513,5.329375770586282
17.38948042622175,2938644.240496695,1.9174130087563344,4.793532521890836
19.31915665891637,3750571.00454061,2.0328724835146543,5.082181208786635
14.984858038673332,2059903.5858089747,1.8227537302954622,4.556884325738655
16.330390470835844,2524852.136089052,1.8624437931893856,4.656109482973464
18.803671271946023,3661744.687756909,2.043158149242325,5.107895373105813
20.35050007113277,4349996.214167094,2.1394914055182954,5.34872851379574
17.301830959313413,2938798.3876778344,1.9242983411651522,4.810745852912881
16.89915972314202,2874053.876469692,1.9384511507059548,4.8461278767648865
17.334856290095612,2997560.537225168,1.9416008661007818,4.854002165251955
16.418952622967375,2571147.1576466933,1.8708367646002733,4.677091911500683
23.726450779704166,5920482.284131452,2.369697534178254,5.924243835445635
14.99731518288101,1930793.271742613,1.7667445133863642,4.416861283465911
21.18572388022708,4637934.021692728,2.172601334302787,5.431503335756968
17.480755267645655,3055068.055617597,1.9496111010102988,4.874027752525747
17.332839132264866,2873463.676906946,1.900659460836532,4.751648652091331
17.115658739660432,2708355.2730545243,1.85983405160757,4.649585129018925
19.138012681077043,3812293.274999451,2.065683460009237,5.164208650023093
17.59136504891494,2929013.624424896,1.8998022786684405,4.749505696671101
15.235435552213739,1937944.9338691747,1.743371417092877,4.3584285427321925
19.459979159390016,3861636.647648922,2.056163352650048,5.140408381625119
18.036534996567255,3110376.1859677956,1.9219329997310273,4.804832499327568
17.620091611223888,3082802.418761662,1.9477225724689162,4.869306431172291
16.016622980304774,2441635.506374265,1.863649364498897,4.659123411247243
17.13375079856099,2792096.8003541343,1.8870359148989204,4.7175897872473005
16.955415014114617,2647979.0322539955,1.8540594420323528,4.635148605080882
19.39460973163971,3948546.7998312395,2.088005921391303,5.220014803478258
22.367754753944922,5226676.881628861,2.261835027113995,5.654587567784987
15.540100172503069,2184804.4181720326,1.811512462109467,4.528781155273667
16.637040573620677,2674056.6821664153,1.8909330083732698,4.7273325209331745
17.401546549409886,3009248.775899211,1.9409043456204385,4.852260864051096
18.454810141227252,3240656.7627867013,1.9354729435724802,4.838682358931201
19.176781429778543,3780776.0096612647,2.0506928396384887,5.126732099096222
19.067650576280172,3505530.561270781,1.9742849719439945,4.935712429859986
18.332226077640577,3388396.072451015,1.991686477351818,4.9792161933795445
19.412198508576672,3980205.625587251,2.0963397044755174,5.240849261188794
16.61239935019556,2663424.765294794,1.8877383294662893,4.719345823665724
18.779418554231665,3514308.722119713,1.9977918050940022,4.994479512735006
18.516050779041038,3417258.7723232955,1.9851444077770688,4.962861019442672
21.892253886073142,4954740.664405898,2.215160597626079,5.537901494065197
15.573093019240014,2203036.4942597905,1.8156916190758572,4.539229047689643
14.291676716260039,1773489.1159085315,1.784100405764599,4.460251014411498
16.640863207667778,2693363.637868448,1.8956670049293332,4.739167512323333
17.849253541505682,3009738.3656339757,1.9042292529273048,4.760573132318262
18.241418189634008,3377476.381508979,1.993498188156525,4.983745470391312
17.120175437924434,2720088.067540872,1.865536888301298,4.663842220753245
17.599092609472457,3126133.0976931322,1.9622729972236126,4.9056824930590315
16.3034720203737,2498771.9976872774,1.8570921711245536,4.642730427811385
17.280958081051033,2756816.621020334,1.8633482036931344,4.658370509232836
18.089057009813516,3257282.8707876736,1.9687874851710285,4.921968712927572
16.70882623727468,2569666.716545187,1.8469176053875669,4.617294013468918
21.305593771345997,4805988.070378302,2.2093700523811086,5.523425130952771
19.581630181958687,3948165.296663263,2.0727772385582455,5.181943096395614
16.381200888328884,2459174.273274555,1.8336513278721218,4.584128319680304
18.70640940957302,3414579.010029109,1.970902605831476,4.92725651457869
18.651835296680975,3648411.7261459185,2.047889104513099,5.119722761282747
15.001263453087654,1917257.2732717125,1.7605409350579329,4.401352337644832
18.86025763581014,3616397.092883181,2.025152477839126,5.062881194597815
16.970909238099075,2897690.7525987485,1.9395176934968836,4.848794233742209
17.664858474251876,3239670.4743599026,1.9958575503377638,4.9896438758444095
17.008331980614642,2860059.503641244,1.922505912720533,4.806264781801333
13.758396380255157,1426660.3156314949,1.689393610284537,4.223484025711342
20.220484154232544,4129995.5223826626,2.087240267956676,5.21810066989169
15.7256226158635,2328487.0647100024,1.8506359828648242,4.626589957162061
18.013217598489017,3304674.627870376,1.986324762429872,4.965811906074681
16.470348844221448,2559260.149563887,1.863157651783485,4.657894129458713
16.9943902822721,2989792.219014084,1.9709958034826893,4.927489508706723
19.921862321102246,4171831.88181962,2.116277779269987,5.290694448174967
16.839410655238616,2680026.2161822654,1.8743417427543871,4.685854356885968
20.576343486540296,4422409.297610818,2.1478619535328636,5.369654883832158
17.901797067359503,3149615.100736413,1.9491073119473306,4.872768279868326
17.91916909947837,3004314.324453463,1.8985185804394924,4.746296451098731
18.077811263753784,3154690.1061247736,1.9344103565638722,4.8360258914096805
20.235004718728188,4266755.751010111,2.1232690757378676,5.308172689344668
19.256003654264674,3654513.2040078733,2.0087083406790143,5.021770851697536
17.453937609993275,2826680.783586948,1.8730364246184674,4.682591061546168
18.305726676466417,3170595.8832425233,1.9259084679788738,4.814771169947185
16.86921608630825,2732679.3484911853,1.8902781207262311,4.725695301815578
21.3161009264756,4604434.643802263,2.1518107968127667,5.379526992031916
17.58893446276999,2959807.173148643,1.9082997349072979,4.770749337268245
18.468443219259136,3334545.969628743,1.9644950778287917,4.911237694571979
17.731487357552368,3066277.35669857,1.9317702244693986,4.829425561173497
19.074409625112267,3796332.53717045,2.0639492577448793,5.159873144362198
15.679044420308541,2264161.392415001,1.8289967140684675,4.572491785171168
17.445368261645356,2992593.741714714,1.9307735883221615,4.8269339708054035
20.084540959021723,3973312.1470535947,2.0514878174525024,5.128719543631256
18.108241520948877,3368366.1145959496,1.999865726065065,4.999664315162662
16.810328532423213,2600863.7883457774,1.8486108333145537,4.621527083286384
17.661491944342167,3245604.861824602,1.998313745334715,4.995784363336788
17.82125384081439,2992697.6061890638,1.9010378233703613,4.752594558425903
15.498757809369867,2065231.8847667826,1.7680975216289825,4.420243804072457
19.83471019020231,3967406.042650901,2.0623033734523686,5.155758433630921
16.015930696911205,2385561.2875751453,1.8413260040357242,4.603315010089311
20.71678283883067,4421737.213460197,2.137502186405731,5.343755466014327
18.58608556523036,3512316.9443913354,2.0132757075053855,5.033189268763464
16.297105327378247,2396223.014383127,1.81853011855666,4.54632529639165
18.294276075474514,3341448.382552848,1.977943507093026,4.9448587677325655
18.819422998431,3575045.894933747,2.0103002233471403,5.02575055836785
18.70356433315017,3574952.530347594,2.022463142858916,5.056157857147289
17.14905833941225,2837170.840970409,1.904316997419283,4.760792493548208
20.69607248928671,4303574.5891228765,2.107739712834882,5.269349282087205
16.99519446369193,2739377.5977267036,1.8824123874305383,4.7060309685763455
17.2383376858537,2931660.5249197558,1.9267614396833457,4.816903599208364
14.972562652495093,1973822.31828734,1.786342484046159,4.465856210115397
20.596022333531838,4477537.253918882,2.161432092049093,5.403580230122732
16.4775916185079,2634954.849973199,1.8896406107021204,4.724101526755301
18.43007546770943,3491735.580361563,2.0162180552583564,5.040545138145891
15.981046245584164,2332155.4155558012,1.8254316810374147,4.563579202593537
21.13025905647703,4856792.073037659,2.2326322371328877,5.5815805928322195
18.688158611200723,3569328.5431348067,2.0228236514818607,5.057059128704652
16.358724520686362,2448438.5366621856,1.8315332568995775,4.578833142248944
16.449515635262646,2679837.262787915,1.9094608478908093,4.773652119727023
17.760838322470974,3098372.659936833,1.9391022389060526,4.847755597265132
16.78463055800097,2796283.7352765035,1.921221480072718,4.8030537001817954
15.35118918037286,2084022.5762206018,1.7883531963602968,4.470882990900742
17.701427150769856,3147653.233759635,1.9633891396850955,4.908472849212739
16.79203859669931,2793524.642410796,1.918535690569273,4.796339226423182
17.585796759395823,3153890.017806138,1.9737823088196016,4.934455772049004
19.7029876974957,3886322.9953242885,2.048785642758457,5.121964106896144
21.663726054690002,4835165.039746258,2.196836843367769,5.492092108419423
19.324683333301618,3880404.8709697165,2.0698372901275843,5.174593225318961
18.426170510292938,3327509.437222833,1.9632830207576446,4.908207551894112
17.656119541140637,3073873.4165055184,1.9387013578995604,4.846753394748901
16.780490544776193,2727183.718802873,1.8945117974810273,4.736279493702568
18.309955640501464,3331728.890636855,1.9760412069498072,4.940103017374518
20.603732163865594,4403278.209792673,2.137986327307295,5.344965818268237
20.218969124541907,4387224.702526929,2.1587869740720627,5.396967435180156
19.04049645042072,3787880.394596326,2.0623434943498498,5.155858735874625
16.055415585272193,2380105.9164549885,1.83709221451094,4.59273053627735
16.262124723538363,2403703.9428559374,1.8243122786131158,4.56078069653279
18.212187904641187,3495454.206794247,2.0319748031218476,5.079937007804619
15.107019080360185,2011742.1243928093,1.7882535887005186,4.470633971751297
17.36597462449998,3019676.4436430484,1.9443610642800522,4.86090266070013
18.844176341519603,3620802.08899351,2.025571073313913,5.063927683284783
17.158576971025454,2820654.413553129,1.8981553984128774,4.745388496032193
16.439348681895027,2569443.0673199827,1.8695183852224815,4.673795963056204
20.67229389022898,4396380.206214319,2.134405143567768,5.33601285891942
16.12613482544374,2508921.3786401255,1.878383585150733,4.695958962876833
20.210874335898122,4319472.946092616,2.139903143424344,5.349757858560859
17.303742132263842,2777380.8119503083,1.8689357873148456,4.672339468287114
16.757758680559643,2660489.0278979754,1.8741670663146273,4.685417665786568
18.48332449862129,3389491.035936704,1.9793902621324853,4.948475655331213
17.57388180744528,2977558.365193975,1.914530878737235,4.786327196843088
19.929610460841516,4118213.485651767,2.1026517661316855,5.256629415329214
17.102742701909012,2884920.503606079,1.9238787525191507,4.809696881297877
17.716465512227984,3068969.8876284957,1.9330895096781124,4.832723774195281
19.72390232633949,4147463.036231054,2.122126582527634,5.305316456319084
12.238168293150054,862747.9048254108,1.6230593648487268,4.057648412121817
16.89454180788037,2767346.041053163,1.9006047124058583,4.751511781014646
15.393435094392105,2107153.1661098544,1.7967781574572392,4.491945393643098
19.669012174184953,3819242.2861525435,2.031093372671194,5.077733431677986
16.897186476561508,2751890.9836561168,1.8913776330978878,4.728444082744719
19.360654058549564,3829241.799960454,2.0523057221076586,5.130764305269147
19.664549081733295,3993915.9857023507,2.081775233599125,5.204438083997812
16.38712699954903,2503920.5675950805,1.8501044233905743,4.625261058476435
19.69143440252237,3803652.126916997,2.023186689711439,5.0579667242785975
17.62448995710091,3007493.827165505,1.9221130487966507,4.805282621991627
18.854661104778003,3506987.0152445463,1.9897879236898754,4.974469809224688
19.093859143254498,3630018.716648183,2.010644552481313,5.026611381203282
18.15354889866374,3237150.9007312646,1.9553173227563598,4.888293306890899
20.033356872244568,4078432.5968338586,2.083135531489787,5.2078388287244675
19.367245634279207,3830795.5609089695,2.0535519920962493,5.133879980240624
18.910593969143918,3605728.273642633,2.0168947140785036,5.04223678519626
17.97251666843922,3181184.4659590973,1.9511458831189994,4.877864707797499
20.379638652040622,4299087.384414603,2.1239565284063935,5.309891321015984
18.83373069614811,3443515.6758734556,1.9710180678323117,4.927545169580779
17.243745658713205,2880203.7996994713,1.9086262293625098,4.771565573406274
20.155830274997722,4345359.334934501,2.1519614532737075,5.379903633184267
17.679393584068603,3101438.02839888,1.9460199564026586,4.865049891006647
15.445072395452119,2160826.7852441305,1.8115883353468694,4.528970838367173
16.558908683135453,2557204.2756795185,1.8549080898028896,4.637270224507224
15.318278690710564,2166138.9444107646,1.8287711069527015,4.571927767381753
17.43772724225423,2984429.759648163,1.927732218722682,4.819330546806705
18.14214909682721,3273129.9907459216,1.9684576682262942,4.921144170565736
17.63718155396752,3053955.2288325857,1.932538496479267,4.831346241198167
18.200984878048754,3263236.9647934446,1.9584602847330659,4.896150711832664
18.72686687719942,3538677.0682432987,2.0102935569567153,5.025733892391789
19.79014927854368,3961040.464015701,2.063123463339268,5.157808658348169
16.4407298110824,2508236.5830306523,1.845679691627255,4.614199229068138
17.974924401640813,3084625.007233246,1.9205263659820415,4.8013159149551035
22.873976880299107,5514877.455466316,2.3084903581670044,5.771225895417512
16.795213181670654,2679944.444884168,1.878581941862953,4.696454854657383
17.977972426737153,3275835.1717981175,1.982422734284801,4.956056835712002
19.051599053863157,3801722.6934751533,2.0656029724431164,5.164007431107791
21.044553463917737,4442371.5332454415,2.124921606789965,5.312304016974913
16.516248153523748,2603136.617520103,1.874954174076228,4.687385435190571
17.099956647236404,2924671.1329374006,1.9372073842522957,4.843018460630739
15.35841963255351,2123435.5762836626,1.8062853979441735,4.515713494860434
18.810728035087678,3595373.307354048,2.021384762748849,5.053461906872123
16.067845235615618,2353622.7100958265,1.8247132834935236,4.561783208733809
18.876024416973802,3660863.393023626,2.0372043111028075,5.093010777757018
17.25357155612248,2999743.396016896,1.9500555816876723,4.875138954219182
15.28076937238021,2104928.069068323,1.8071001065908925,4.517750266477231
17.90272264207491,3191109.2500885036,1.9605739538799964,4.901434884699991
22.229552395034837,4944836.530354255,2.1932261544561036,5.483065386140259
18.350496872872046,3416496.4312220225,1.997731459627242,4.994328649068105
20.298432730237835,4192671.1808282873,2.0994759870921222,5.248689967730306
18.060252948006994,3140968.7845601654,1.9332527351043571,4.8331318377608925
14.716462986296097,1891177.5084291445,1.7825835725050054,4.456458931262514
17.641934091522483,2989827.5872647697,1.9153411345387914,4.788352836346978
13.43244847476992,1364556.0215680357,1.7061238813040174,4.265309703260043
20.655773195518478,4571920.444814251,2.18203291279438,5.45508228198595
17.606085959749397,3109609.957684621,1.9588336658377137,4.897084164594284
17.734045101000163,2964791.7146920254,1.898994795014768,4.74748698753692
17.3516635837776,2936729.0944836037,1.919411627498124,4.798529068745311
18.679368088331707,3502363.6250992967,2.0008015381121202,5.0020038452803
18.98550090197839,3544632.764349253,1.9918492628627367,4.979623157156842
18.90466628779235,3851659.737313429,2.0914669633038243,5.228667408259561
18.171905375670995,3339605.9396547033,1.9878344389723632,4.969586097430908
16.01931069600575,2464579.2851138646,1.872016716508001,4.6800417912700025
15.815152439673952,2283883.8097798238,1.824735741953612,4.561839354884031
18.617194452964746,3423409.7047371054,1.981922588069506,4.954806470173765
17.211991738437725,2917420.1395260375,1.924697918414744,4.8117447960368604
19.835619996758624,3964069.4836601634,2.0650184674310514,5.162546168577628
15.587816229727625,2326397.637361914,1.8617892086709726,4.654473021677432
16.327768809975307,2505821.739620652,1.8573086418294706,4.643271604573677
16.643684875043284,2724928.23901855,1.9072095695199165,4.768023923799792
17.50924807375702,2900035.6657963293,1.8942734873820626,4.735683718455157
16.36604918458897,2512506.5861913674,1.855698972428326,4.639247431070815
21.01328255426187,4397215.225857845,2.1153658200771925,5.288414550192981
17.679973843863884,2919186.7196734603,1.887141847861354,4.717854619653385
16.81439981418995,2779268.925552629,1.9113943400908358,4.7784858502270895
19.442758331026088,3977728.133608829,2.0914014657927944,5.228503664481986
16.16232261973325,2432294.957617767,1.845725648469697,4.6143141211742424
18.771747075959677,3442134.398251363,1.9761782945196897,4.940445736299224
16.600319658452168,2623596.814015949,1.8762492022993444,4.690623005748361
17.701800488755627,2916747.337218005,1.884907534322662,4.712268835806655
20.83747921740935,4524580.220607483,2.159600627587146,5.399001568967865
15.657523160910248,2248611.09297732,1.8248475709050584,4.562118927262646
19.1663034117304,3735020.388817923,2.0381649802497,5.0954124506242495
16.545397161141405,2579390.393281454,1.8643802059336134,4.660950514834033
14.400182123917226,1721956.1141704507,1.746363554408619,4.365908886021547
21.762296154714768,5058340.034539246,2.252103908010804,5.63025977002701
16.89492803452708,2768447.7820701487,1.9002928211991061,4.7507320529977655
17.47261867026704,2988906.5196410483,1.9265356224198706,4.816339056049677
16.81410121690954,2685207.7158005973,1.8761077809667506,4.690269452416876
17.320771644591805,2996725.1676485296,1.9419450391598612,4.854862597899653
16.484856690242445,2594268.166383256,1.874819979836718,4.6870499495917946
18.21434870317131,3283345.099045557,1.9686184792045116,4.92154619801128
18.925103525742927,3657247.974696258,2.030807565363206,5.077018913408015
18.974107044427434,3732142.21015507,2.051726947476805,5.129317368692012
14.599758638255667,1819349.4923633095,1.7659204522109075,4.414801130527269
19.677620445082855,3994122.291417774,2.0830762467197657,5.207690616799415
18.54065421964448,3480605.157774726,2.006553632881632,5.016384082204079
17.821495588134905,3124988.3950595064,1.943524607340647,4.858811518351617
14.663522645774973,1785943.3531416487,1.7426167230062317,4.356541807515579
16.11645624467293,2487664.997597496,1.8704247852662317,4.676061963165579
16.071665619899676,2379460.073979784,1.8347022875205636,4.58675571880141
18.395570091439616,3318461.4542681053,1.964916199582351,4.912290498955877
17.679447137174776,3065814.0422360655,1.935302795357946,4.838256988394865
14.245722755491386,1602194.7748052776,1.709417852147679,4.273544630369198
18.921575802629697,3576639.9573474927,2.0077589490788346,5.019397372697086
16.88875090873583,2742998.366396839,1.8916139412888349,4.729034853222087
21.657266146794775,4768329.068130024,2.1787392939320585,5.446848234830146
19.774080762395908,3871480.661597291,2.039456822748099,5.098642056870247
19.125070656513298,3637014.9434925597,2.0103178469047522,5.025794617261881
16.751657320298108,2741945.318259096,1.9035412260434321,4.758853065108581
16.18888686043649,2422767.562362749,1.8386876081702888,4.596719020425722
18.240864054410878,3272238.044989584,1.9592795318715837,4.898198829678959
17.725499559946623,3111809.169507331,1.9481772300292906,4.870443075073227
18.702006991447174,3667573.726065764,2.0483238817026304,5.120809704256576
15.495302624145424,2274630.6655276464,1.8543021128914918,4.63575528222873
18.65906570345601,3471301.1207087627,1.9962173165446733,4.990543291361683
16.12808710821758,2454469.3255524533,1.8574803287094948,4.643700821773737
15.654758434533322,2179497.6883814447,1.7970245610284141,4.492561402571035
20.39331676949414,4285521.722085047,2.121840706391691,5.304601765979228
19.812308643537403,4036042.127676253,2.0833608550089098,5.208402137522275
18.427744850189875,3360504.286753715,1.974575797102547,4.936439492756367
18.92158540919977,3733406.6643054057,2.0530703412817695,5.132675853204423
14.534040939522308,1789548.9777353965,1.7586487230221353,4.396621807555339
18.241086145110884,3177463.347672955,1.9301809719724867,4.825452429931217
14.829341129126195,1869967.7621083744,1.7584675331044346,4.396168832761086
16.481226583848585,2531029.4521328676,1.8529461719489992,4.632365429872498
20.015544758069215,4155009.7712503625,2.105163754145043,5.262909385362607
18.37339547665795,3398321.8206683565,1.9903115387210923,4.975778846802731
18.37166902970111,3189127.272604054,1.9259758762838282,4.81493969070957
17.037376109189672,2895094.2569410717,1.9312737666499615,4.828184416624904
17.67114120338922,3121874.6079853075,1.9545950348424062,4.886487587106015
17.09170231400623,2849805.82528715,1.9128219607523598,4.782054901880899
18.681385001287264,3703123.6817093883,2.0629160909155915,5.1572902272889785
17.133607618886938,2896342.587824405,1.9236890935619928,4.809222733904982
20.966503027795568,4638173.952636962,2.1844711795118608,5.461177948779652
16.509184889402718,2571874.7459813217,1.862421450514482,4.656053626286204
16.25721949689083,2511717.9113761494,1.8635141780050535,4.658785445012634
15.964611877630563,2466060.397665156,1.8779363509220668,4.694840877305166
17.829341942462595,3037648.654691741,1.9175009292096394,4.793752323024099
17.409408824276262,2893046.546853573,1.9008789386520542,4.752197346630135
17.194766895967796,2943550.2732705288,1.9337728543214228,4.8344321358035565
20.652298591334926,4292523.059776137,2.10625743084103,5.2656435771025745
19.442041716013335,3907208.3809821624,2.072342345998036,5.180855864995091
20.236917251742724,4435041.057238399,2.17248752062021,5.431218801550524
18.024463302288574,3047672.934725169,1.9047210481427819,4.761802620356955
14.267497921444171,1693053.00792553,1.75124748742904,4.3781187185726
18.91934910750588,3716689.6397416648,2.0494627200658933,5.123656800164733
18.79177362364444,3572016.7627574634,2.0166819062743913,5.041704765685978
18.359842273531157,3346463.5434710383,1.9744305441523518,4.93607636038088
18.22648655283099,3418915.799998557,2.009661149780446,5.024152874451116
17.652350562104967,3020216.075011866,1.923668443407245,4.809171108518113
15.159272247301248,2001698.5451084748,1.7777419986708913,4.444354996677228
17.569704159007983,3149076.7664823886,1.9736671493605469,4.934167873401367
13.97387179459406,1578766.6434887946,1.7350565675801057,4.337641418950264
16.173323724582822,2546179.879639838,1.886646620958538,4.716616552396345
20.720710181078594,4310498.403679112,2.1074496121089146,5.268624030272287
22.30357081664618,5185435.509111658,2.256097094349502,5.6402427358737555
17.279920079859814,2855326.6869390095,1.8990563856959772,4.747640964239943
18.182880485210685,3303066.1292092735,1.973810005508313,4.934525013770783
17.02984284366846,2802691.578145465,1.899514356045191,4.748785890112977
17.63391674189132,2951301.7809250467,1.9034081266555414,4.758520316638854
15.456172662156664,2163017.3046380095,1.8114589039006879,4.528647259751719
18.926563110582407,3600064.654492993,2.0115251289653386,5.028812822413347
19.166332751525083,3863612.7521718964,2.0759971830601045,5.1899929576502615
21.02208012303133,4638547.1521789655,2.180462562594027,5.451156406485067
15.354957238092059,2188052.103957613,1.8324778821095065,4.5811947052737665
16.971486011843528,2835601.366666233,1.9168434205482534,4.792108551370633
18.557632641215548,3435244.723566722,1.989874217902688,4.97468554475672
16.93271681585089,2806236.4752706364,1.9094173230028548,4.773543307507137
15.765307223496672,2221235.051197095,1.8020998702173197,4.505249675543299
15.792498736079086,2218195.6813129093,1.7987350741019814,4.496837685254953
19.597205907738346,3898671.4096240224,2.058032583018601,5.145081457546502
15.970278343417244,2387202.1013500663,1.848747090256041,4.621867725640103
18.190598953043825,3377622.802105696,1.9953975886729431,4.988493971682358
19.384667445521544,3952781.5361631867,2.089691025213724,5.224227563034312
18.08229448681704,3142056.56160926,1.9290090219391294,4.822522554847823
17.081539761647058,2763696.190477253,1.8826765862301778,4.706691465575445
22.319282485109703,5143213.277792538,2.2442518891910983,5.6106297229777455
19.73976351675062,4012381.8100766465,2.082709226100826,5.206773065252065
17.01387989443448,2772602.5383297475,1.8922689476298395,4.7306723690745995
15.38368774169423,2142830.3036735803,1.8126319264240376,4.531579816060094
21.307329687559772,4839600.125432309,2.2198613848397715,5.549653462099429
17.71722649689844,3111344.122526115,1.9486879852630463,4.871719963157616
14.46744569794063,1739937.3028811142,1.7447371251391697,4.361842812847924
21.969997016601095,4994791.489089565,2.2237025291978902,5.559256322994726
18.017601093462822,3228616.021715805,1.965705342951913,4.914263357379782
16.206388785438875,2366668.820935962,1.8161576022091486,4.540394005522871
18.71885332333658,3609845.968360153,2.0323528211584745,5.080882052896187
18.027755160843185,3436743.2117103767,2.0273532531408707,5.068383132852177
17.20222641670248,2808484.097437637,1.8870477692758911,4.717619423189728
14.349907018992901,1672075.5169068752,1.7287979185477644,4.321994796369411
15.317656934326006,1981912.0961175617,1.7522550140634794,4.380637535158699
18.366388359155295,3390915.5358343823,1.9905846917824708,4.976461729456177
19.16767251571305,3863651.331200405,2.07564686561161,5.189117164029025
16.436742989252707,2636978.85650252,1.8931448045791044,4.732862011447762
19.748204739396826,3866774.4265658716,2.0376824852549205,5.094206213137301
18.79268666701215,3557413.794744244,2.0110491032672426,5.027622758168107
18.21928488303839,3232663.606116757,1.9482224466124218,4.870556116531055
18.951134064535058,3675304.535439373,2.035972620149277,5.089931550373193
18.15819000915353,3273369.746353008,1.9685944533710866,4.921486133427717
17.122027938865457,2834132.7889432684,1.9036558302230713,4.759139575557678
14.613162477023689,1764438.7119216574,1.7388659554980637,4.347164888745159
21.497076585130447,4868102.0077968985,2.2136516853022603,5.5341292132556505
15.801699768985733,2215692.2804884585,1.7966059595192705,4.491514898798176
18.665238388594908,3582569.247151181,2.027516027480646,5.068790068701616
16.376294347261066,2514515.923642126,1.8552642570420639,4.638160642605159
17.49532862422607,2992897.325709101,1.9277299257801865,4.819324814450466
19.67473195989806,3947942.6514187697,2.0682878080381735,5.170719520095434
20.102654888506,4299186.263372338,2.14262434860292,5.356560871507299
18.27560931754302,3338387.9269582303,1.9817223092255905,4.954305773063976
17.72270553869919,2973353.0750577357,1.902785596197113,4.756963990492783
18.553344829030816,3493180.28437117,2.0063298049648663,5.015824512412166
17.958556786621173,3216391.282992013,1.9648452323037178,4.912113080759294
15.625860588018604,2160612.440372982,1.795096038885418,4.487740097213544
18.39053697002342,3467860.029958564,2.0101918683254874,5.025479670813719
17.43891589226978,2927211.634350841,1.9100164710447907,4.7750411776119766
16.455889625557397,2556780.6202054285,1.8646927726469837,4.661731931617459
19.379684482164382,3732489.437022683,2.0233539186242933,5.058384796560732
16.205910228881805,2457847.51426949,1.8514816701949208,4.628704175487302
17.0671543011502,2875081.4691774948,1.923065993145085,4.807664982862713
16.933592021836684,2656355.4584589377,1.8577064786088058,4.644266196522014
20.737233884043448,4565333.077574902,2.1776055637777336,5.444013909444334
17.901633877367786,3057888.780261864,1.916210748808369,4.790526872020923
15.950803874433284,2478023.98792278,1.8833645970872797,4.7084114927181995
18.677134199439216,3479674.8177758334,1.993861816302096,4.98465454075524
20.181349124322434,4228375.86235908,2.115849334460209,5.289623336150523
15.008640389080764,1852759.0237667449,1.7317978001030103,4.329494500257526
22.11176128542418,5086747.613614894,2.2416512613009245,5.604128153252311
16.990692054209156,2802904.9772788677,1.9030292104134052,4.757573026033513
18.473941306463338,3510060.6033621533,2.019712829103595,5.049282072758988
19.357689981844107,3849174.666928297,2.0590859957125494,5.147714989281373
21.26672438817172,4613779.623643634,2.15794230102191,5.394855752554775
16.173465359627937,2501217.8451795187,1.8715587376617269,4.678896844154317
17.75413326831705,3122348.1261471035,1.9485478420052238,4.87136960501306
17.501430681165143,2853872.683709345,1.880505424729088,4.70126356182272
18.483741772225958,3460601.58005552,2.0010239740909093,5.002559935227273
15.38892565683847,2105045.5125897843,1.7958370401435464,4.489592600358866
20.380130913396034,4347381.355453781,2.138909951187883,5.347274877969707
20.110407119585005,4468196.420979869,2.189340755316822,5.473351888292056
16.757239450375106,2688927.693296138,1.8836156397521562,4.709039099380391
13.803398731741456,1386024.0860650493,1.6618564884309084,4.154641221077271
19.009411724706247,3622086.084079732,2.0162245441253335,5.040561360313333
19.59205204896488,3933491.2005464956,2.0692804879325903,5.173201219831475
16.621751595387902,2539764.435965879,1.8430684549073457,4.6076711372683645
20.12462651241338,4160998.2444458846,2.1014617266691373,5.2536543166728435
17.16916336323773,3028696.068223384,1.9669038668927015,4.917259667231754
17.578042590816565,3159890.9131418243,1.9754126501934341,4.938531625483585
16.05552110556834,2296160.9027479803,1.802658979930046,4.506647449825116
19.862456917814807,4207745.36137858,2.129666634960156,5.32416658740039
15.603700050362978,2228402.648218508,1.8234727606498995,4.558681901624749
17.06333438588048,2885137.950711773,1.9260100913668305,4.815025228417077
16.782206493919126,2666119.4309785077,1.8737375628528583,4.6843439071321455
15.69999377997513,2339234.3953176606,1.8561877290720128,4.6404693226800315
17.828824792930998,3049903.490607149,1.9204785855610846,4.801196463902712
19.09476410963635,3488278.2276505437,1.971420766556659,4.928551916391648
15.15299927592515,1994174.794533969,1.7759680664979463,4.439920166244866
18.31030185646778,3587366.5181395896,2.0547069139217897,5.136767284804474
16.744782395786096,2673306.6113997838,1.8790464930653417,4.697616232663354
15.993608195026532,2264324.344130895,1.7973738189826605,4.49343454745665
17.734876792121334,3034803.642998658,1.9204955060661357,4.801238765165339
19.219733399562045,3584826.582070168,1.9889589992444903,4.972397498111225
19.852295047314804,4119291.758480644,2.1053281640760466,5.263320410190117
20.434805419282732,4135928.9744072547,2.0717692969106567,5.179423242276641
21.277300885554197,4784473.471899816,2.2056947650842638,5.514236912710659
17.90449198770854,3154260.4127684673,1.9478101684251092,4.869525421062773
15.137296497516628,1999999.7729284354,1.780013771626775,4.450034429066937
18.535954304058457,3326615.5458963504,1.9583523734560173,4.8958809336400435
16.404107604870653,2594960.585466977,1.8842937661369719,4.710734415342429
13.538184847928502,1354107.1244411888,1.683901678008844,4.20975419502211
19.492056170413274,3859722.0231550382,2.0524700815337313,5.131175203834328
18.4506833004348,3507984.7972019706,2.020609463631127,5.051523659077818
19.77047841515054,3906741.7922332194,2.049431027715643,5.123577569289107
17.8341230407542,3111151.715251904,1.9396896338074483,4.84922408451862
20.28972653977663,4309043.884900268,2.1336134406046914,5.334033601511728
18.24642842016133,3345135.077215757,1.9822762436459533,4.955690609114884
20.889478275231443,4324279.650398407,2.1012001461968945,5.253000365492236
16.603895247858304,2607758.9476532014,1.8703021998033595,4.675755499508399
14.207415512318589,1648088.0948670916,1.7365325489415833,4.341331372353958
21.35959512101826,4495275.622666948,2.1209575936794933,5.3023939841987335
19.339231762344422,3996018.9770698994,2.1045334969675387,5.261333742418847
14.351944728944432,1675965.6468100706,1.7314645588747815,4.328661397186954
18.466224048878942,3556633.0658436185,2.034327998918236,5.08581999729559
17.72650517849792,3078901.9021349363,1.9373660440597373,4.843415110149343
17.77529484502134,3154676.930210624,1.9574608449060604,4.893652112265151
18.725893199645615,3558314.622200031,2.0145618389603004,5.036404597400751
17.85914457270732,3135800.143922354,1.945203163669863,4.863007909174658
19.50104297478252,4032806.744549609,2.1028285863572673,5.257071465893167
15.467577031819424,2154341.455899342,1.8075987514711034,4.518996878677759
20.976475104160585,4646781.017311285,2.185450238286459,5.463625595716147
19.36740650245483,4002611.8893951373,2.1055218354225396,5.263804588556349
14.811316976660294,1880121.0707380958,1.7676348141358185,4.419087035339547
17.593538070919546,3024379.4594649924,1.9290700795038909,4.822675198759727
17.629675772246877,3020872.0020262618,1.9244686244302243,4.811171561075561
20.322023100146325,4242487.693139392,2.111013960651596,5.27753490162899
15.075336602954593,1944354.9754713094,1.7629067981832456,4.407266995458114
18.274586252514503,3272527.7482196866,1.9582714810281732,4.895678702570433
16.54983200996496,2655533.3654741794,1.8911152276563614,4.727788069140903
17.381876573704027,3018032.1474755844,1.9425699354982144,4.856424838745537
17.352858830543205,2937687.280950438,1.919409172799249,4.798522931998122
15.360550179147614,2135049.455882282,1.8126495473597002,4.53162386839925
19.71911340241952,3876918.1821355764,2.0446622075535155,5.111655518883789
18.48467713450448,3254590.052931344,1.9372699973022058,4.843174993255515
18.715745863261635,3409586.984582629,1.9713671933476098,4.928417983369025
17.079160633446342,2888839.23086737,1.9252956222267843,4.813239055566961
16.00533371158037,2347259.7446691534,1.827316272023017,4.568290680057543
18.512501850248817,3603789.4784896597,2.0452647020967385,5.113161755241847
16.241782220760758,2561720.7419302016,1.8860843835369185,4.715210958842296
19.679954407381018,3895312.4418390496,2.0507196715954916,5.126799178988729
19.558128615969483,3839352.4572266303,2.042649439684746,5.106623599211864
17.827943193674045,3154645.114160789,1.9536446561660468,4.884111640415117
21.27016232666985,4649386.571340394,2.1682939221340862,5.420734805335215
19.01375073265259,3609904.7332097245,2.0093740000830405,5.023435000207601
20.4756736541897,4405653.945223918,2.148414311922355,5.371035779805887
17.317998844487704,3001403.9816400344,1.9420865336481528,4.855216334120382
18.27423999388116,3122897.5960634844,1.9097453953163248,4.7743634882908115
19.029272403027186,3730477.5277215242,2.0469742061152667,5.117435515288167
16.267084289007162,2466530.2007928453,1.850163670857478,4.625409177143695
16.747256611062824,2709335.6754326206,1.8919780771983485,4.729945192995872
22.28472162472068,4979641.410698997,2.2015209350929763,5.5038023377324405
18.232539082730458,3326517.1351637216,1.9797912030416709,4.949478007604177
16.213571549968474,2505138.5802396154,1.8676367454646257,4.6690918636615635
16.888074227909634,2592700.0824678624,1.8397922562676892,4.599480640669223
17.91720863268438,3274660.874774942,1.9884312124414654,4.971078031103663
18.595688697961,3413955.621911591,1.9808443946617789,4.952110986654447
17.039855143544447,2874479.0245537655,1.924272811284965,4.810682028212412
17.211696210232308,2841442.167131123,1.897792782470791,4.744481956176978
20.218858825644404,4015448.3476710413,2.054184802107672,5.13546200526918
16.77747007597152,2661909.880137385,1.871408088026263,4.678520220065657
16.3766550884064,2351799.012028564,1.7948687325590282,4.48717183139757
19.070928855112655,3490102.645162862,1.97032215203078,4.925805380076951
19.348221724145475,3928412.800819369,2.083671928421717,5.209179821054293
19.432008576711123,3766356.891041952,2.0293006906956457,5.073251726739114
16.71452282788426,2670278.652915366,1.8793993292569362,4.69849832314234
19.63512576927493,3755185.8147732215,2.013381035503378,5.033452588758444
16.916791361960115,2807504.488414256,1.9111338482314575,4.777834620578644
20.015024673818125,4142027.6460390026,2.099702081328864,5.249255203322161
15.32052228881129,2047116.11673138,1.7778713688717893,4.444678422179473
17.82482339841507,3291262.0600435706,1.999313447269307,4.998283618173267
17.156402353792345,2918183.8317209855,1.9289050096380993,4.822262524095248
18.128788240365946,3200200.2815306233,1.9449221686540359,4.86230542163509
16.417598104439392,2488804.454015849,1.8429999035272748,4.607499758818187
16.919256395026274,2687170.056462057,1.8725935771707602,4.6814839429269
20.580308978846062,4636174.098945693,2.2078405515929127,5.519601378982283
19.15170793485825,3596328.1375178033,1.9971297144720577,4.992824286180144
16.073138347169657,2373241.8624617923,1.8321606369117174,4.580401592279293
18.108982906073877,3256319.814013551,1.9649341563169882,4.91233539079247
19.11361280252164,3794449.607803326,2.0620868025146715,5.155217006286679
13.6437818496153,1453557.235526855,1.7203401192608048,4.300850298152012
17.61243935482666,3015186.6056228895,1.9236031031288714,4.809007757822179
16.68939855633653,2620089.897680533,1.8650582230120123,4.6626455575300305
19.73258082514451,4041638.5497565335,2.0906263662990847,5.226565915747711
15.869689887364347,2367427.6990437265,1.850245821145387,4.625614552863468
19.01755556864053,3819551.194449947,2.073489041655539,5.183722604138848
20.611779655882856,4233989.131545181,2.0885623241264097,5.221405810316025
18.582161815979426,3323799.0644255485,1.951681533684711,4.879203834211778
17.71352544937621,3209675.793525083,1.980792800539387,4.951982001348467
20.084221739251173,4257981.450380081,2.131983437196882,5.329958592992205
16.633346173837204,2756634.281342433,1.9191729548421812,4.797932387105453
15.25279342292787,2004972.6996097676,1.7664071115883007,4.416017778970752
17.55748615246253,3095101.5971290134,1.9562219628072344,4.890554907018086
16.20313511718683,2407796.4549875734,1.8322843800583557,4.580710950145889
18.90662080870449,3660042.3907822426,2.033816867211822,5.084542168029555
19.164185681782374,3727281.0752404127,2.0370570100592595,5.092642525148149
18.086336475548713,3379393.2302030837,2.0036604830877716,5.0091512077194285
15.850327025723821,2430190.2756319623,1.8753287407589936,4.688321851897483
19.158240878022028,3642299.258129253,2.0100753418494834,5.025188354623709
19.791675461519475,4063298.8370314855,2.093589744036819,5.233974360092048
17.85184145280421,3249421.8694703514,1.984410578919155,4.961026447297888
17.080683528493743,2923843.444557394,1.9385555711323246,4.846388927830811
15.53859204617314,2215707.8241454633,1.823885752911488,4.55971438227872
17.8961067032154,3031897.855249583,1.908854531927025,4.772136329817562
16.119518521947995,2476880.47305418,1.8664091403457002,4.66602285086425
16.87543904706439,2853402.7064293865,1.930811674424084,4.8270291860602095
19.69272667584354,3924649.1202854523,2.0593473454494178,5.148368363623544
18.56880879054885,3388968.2302751914,1.9735900161444448,4.933975040361112
21.32954032124015,4444496.841229636,2.1118480388940157,5.279620097235038
20.278533550850053,4310636.1011310415,2.133230872480142,5.333077181200355
17.792496615416752,3162594.3476997185,1.9587554228103161,4.8968885570257905
19.701293222149175,3948391.4864773396,2.0636791422628287,5.159197855657072
17.43069238172663,3025072.394080654,1.9422972361352686,4.855743090338171
16.907456386803844,2784157.473330577,1.90472883250443,4.761822081261076
17.07499213675994,2798555.790478023,1.8947686860508848,4.736921715127212
16.803173046768727,2572275.966932753,1.839997694526649,4.599994236316622
16.276180694053764,2506681.535090154,1.8615535537027352,4.653883884256838
17.44457106227635,3037572.7880091704,1.9474332121002442,4.868583030250611
19.10979760645479,3623863.4841586826,2.009638194574345,5.024095486435862
17.342728129770755,2885077.2188104615,1.902707800724807,4.756769501812017
15.018355232906666,1959297.3056101343,1.776337560452852,4.44084390113213
14.501231139212356,1764345.1708554896,1.7533228318598106,4.383307079649527
19.71552027460821,3964257.191314441,2.0698628239012193,5.174657059753049
18.63794075242975,3410171.2958335467,1.9750629476063528,4.937657369015882
18.133574714064693,3248524.978604391,1.9623893547908808,4.905973386977202
19.00446508479481,3713178.458032489,2.0419378757715627,5.104844689428907
20.697062631117124,4459150.259608367,2.1489286952863114,5.3723217382157795
16.8484334467945,2796621.9654609086,1.9141568958297808,4.785392239574452
19.79913716027557,4100926.140560978,2.104465652512457,5.261164131281143
18.36428720335519,3433964.453793424,2.0045978506755264,5.011494626688816
14.064388596147648,1533313.6166741,1.7001842849414437,4.250460712353609
17.803400657093917,3056718.644733941,1.9239884294090022,4.809971073522505
16.086308205974586,2414191.7638036255,1.847095042957353,4.617737607393383
14.261907278264928,1755930.8042321615,1.7798645370663497,4.449661342665874
15.78806173311027,2292757.9880394097,1.8294382079097398,4.57359551977435
16.79109221318138,2764811.8677772284,1.9077949461118497,4.769487365279624
15.042545637441918,1982886.4858331,1.7821361756336602,4.455340439084151
17.620994696444782,2989800.3756021624,1.9145105342020243,4.786276335505061
15.773582909928763,2238877.9590864386,1.8083197830691684,4.520799457672921
14.080585641510535,1640114.9203757746,1.7482636135601655,4.370659033900414
19.680790913098043,4002992.6683181627,2.0841499188813195,5.210374797203299
16.90068213401661,2671037.097600083,1.8659604201335533,4.664901050333883
19.39738681386991,3726730.638019787,2.0213679216537073,5.053419804134268
16.749542641620696,2796680.8714850955,1.9245003491894432,4.811250872973607
19.977536705943667,4052422.1732140575,2.080061714883226,5.200154287208066
16.870916439302874,2698018.104278256,1.8786198403787844,4.696549600946961
17.155995816425353,2827268.733920185,1.8976693738053716,4.744173434513429
17.837275045569513,3141378.739682867,1.9491572396939996,4.872893099234999
20.53205451334179,4252586.919420442,2.1037997802254726,5.259499450563681
18.15187569474692,3244843.7095461013,1.9620681538043416,4.905170384510854
16.834460211468325,2733339.306410701,1.8933809656842626,4.733452414210657
17.322817234215606,2853373.348716086,1.8926737104314753,4.731684276078688
19.60030984503307,3856375.622988878,2.046601744674753,5.116504361686882
17.457054899397395,3030487.867385938,1.942004648905199,4.855011622262998
16.914814641962117,2680396.2011215417,1.8669385951073758,4.66734648776844
17.919033929976024,3182325.779567226,1.9567504352952332,4.8918760882380825
17.32224883166984,3039625.7862737887,1.956979503511659,4.892448758779148
18.384749623220852,3224634.201194415,1.9359865712211053,4.8399664280527634
18.352815856247993,3388170.3813177645,1.9881842974878945,4.970460743719737
17.851884033476175,3322920.084652574,2.008843370813133,5.022108427032832
17.773132260503964,3239018.1458589323,1.986483165891264,4.966207914728161
19.72861604682141,3977414.1502249045,2.074301001659111,5.185752504147777
17.34287797407461,2943038.668025993,1.9234848454247686,4.8087121135619215
20.58593382445033,4322323.123776059,2.1175989688523127,5.293997422130782
17.625565696519917,2902239.923045438,1.8868131596415314,4.717032899103828
20.51837188919603,4358671.656379419,2.13418276745117,5.335456918627925
17.532332588034393,2885472.7390721105,1.8870821887302756,4.717705471825689
15.885845847776213,2235530.8195614805,1.7973552477908763,4.493388119477191
14.979081409674855,1867089.8978844993,1.7414638416230004,4.3536596040575
17.475586183037617,3013590.0164088793,1.936141264430805,4.8403531610770125
20.08849528395704,4035569.938040857,2.069027518106626,5.1725687952665655
15.599554829385841,2161015.659836471,1.7955694291514699,4.488923572878675
19.218487844788832,3758891.485676851,2.0435015090256505,5.1087537725641265
17.30268926703138,2983075.679532679,1.9400624946673253,4.850156236668313
21.689730528519856,4716286.470743818,2.162318229822672,5.40579557455668
19.708643243390522,3994970.7458435036,2.076696196815342,5.191740492038355
18.90903864542688,3733785.0978430193,2.0550426695991164,5.137606673997791
18.39313429869702,3430178.645453822,2.0012345515042496,5.0030863787606235
18.619513549813817,3536081.275565327,2.0177192633779866,5.044298158444966
19.75472358332344,4016635.853233697,2.0823273315912614,5.205818328978154
16.358313313469885,2521020.418892894,1.8597826518342386,4.649456629585597
17.477971503673228,2929630.9690896655,1.907292348514891,4.768230871287227
17.473761992483382,3094969.373903936,1.9629488505771033,4.907372126442759
17.310770131482855,2992186.769969485,1.9401587922248889,4.8503969805622225
15.194246158737833,2077817.6587599441,1.8062149919444017,4.515537479861004
18.83672058072876,3548207.7988487724,2.006027896005533,5.015069740013832
16.819882647761908,2681667.031344479,1.8767196701505553,4.691799175376388
17.475316896140015,2968932.3755684337,1.9214684373970197,4.803671093492548
16.331941668241456,2503301.5007808357,1.8574203811272014,4.6435509528180035
16.80761445486205,2731675.3053568862,1.8957645785291777,4.739411446322944
15.681364666197206,2174084.986748675,1.7911173610762514,4.4777934026906285
21.890182557549398,4916542.766395971,2.2046951324931743,5.511737831232937
19.650669185772518,3847883.6480404055,2.037474454127261,5.093686135318152
16.249550570646164,2421735.84023985,1.8329842847927302,4.582460711981826
16.95508553165137,2693513.0263832603,1.8693759633105211,4.673439908276303
17.967557649709875,3243458.118981573,1.972642035384687,4.931605088461718
17.647248610056153,2906763.7014064016,1.885062383366777,4.712655958416943
18.091776147800886,3328285.637597841,1.9901555723896358,4.9753889309740895
16.954978983478817,2681142.3322359324,1.8639549178606998,4.65988729465175
17.58524311091316,3013131.227587521,1.9280167688084162,4.820041922021041
18.066130737946718,3327971.242893884,1.989717716876859,4.974294292192147
18.862080625861655,3638749.2362376293,2.030332810132938,5.075832025332345
20.990745770162157,4452210.881201146,2.128921164821566,5.322302912053916
15.550688605555262,2168601.8534993418,1.8055928525615543,4.513982131403886
17.688429700646303,3061300.4629891813,1.9328276536943558,4.83206913423589
18.719016915166065,3542176.802203523,2.0107094067952964,5.026773516988241
19.427083076705777,3924167.0177623425,2.074934853968122,5.187337134920305
18.20985757257183,3360288.995911898,1.9920190866602299,4.980047716650574
18.004797202645296,3100355.5006957296,1.9228946311542519,4.80723657788563
18.133818013012416,3256603.4172994075,1.9652168418916527,4.913042104729132
17.446031960556006,2963197.57492699,1.920675330845495,4.801688327113737
21.41400764626522,4766549.196080403,2.1923422723047574,5.480855680761894
18.205276774951408,3379927.295852988,1.9984584649907786,4.996146162476946
15.621292821114974,2227660.255553752,1.8195339986395833,4.548834996598957
18.46111585383865,3455591.911460517,2.002441138068448,5.00610284517112
18.131685247977458,3337477.6497017723,1.9898855655224512,4.974713913806129
14.348383159308442,1699098.7403394142,1.7412536848350186,4.3531342120875465
19.65577288378175,4042566.519718308,2.09832389758563,5.245809743964075
13.980515880517096,1550659.8851139005,1.7210588863394127,4.302647215848531
19.883601395598948,3889233.544978529,2.0363257863033777,5.090814465758445
18.20432743043323,3429092.1948869033,2.010213114799495,5.025532786998737
16.08475985113604,2369896.981644639,1.8298491355801814,4.574622838950454
17.44383258151214,2974131.543704724,1.9243180138566296,4.810795034641574
19.910092652152155,4027333.2933365544,2.0763266474084547,5.190816618521137
20.401238867148884,4120943.6129044443,2.074387499178529,5.185968747946322
18.096571533752236,3222224.70861959,1.9553738376699745,4.888434594174937
16.539723795777086,2559550.1812059144,1.8578336723387818,4.644584180846954
17.74010206937977,3144107.480899794,1.9545720213600457,4.886430053400114
19.318511076496225,3750212.9959823275,2.030982754753199,5.077456886882997
18.885964878260264,3775614.191213645,2.0694540032731044,5.173635008182761
15.119103118263277,2003182.7632301403,1.7822257662600745,4.455564415650186
15.303303022516968,2146786.4727123613,1.822522337786944,4.55630584446736
18.53176177881175,3516612.4246636815,2.0160636230455085,5.040159057613772
22.069380731125076,4881803.255650785,2.1899203693788527,5.474800923447131
16.93340664151077,2648097.06962609,1.8545977734926595,4.63649443373165
18.55993771511684,3545595.1743662674,2.023649730385035,5.059124325962587
16.81621433446736,2859117.896905984,1.9392553965219348,4.848138491304837
17.374056703896557,2808353.571737173,1.8736745682321907,4.684186420580477
16.557465261157066,2650135.672359867,1.887955307971085,4.719888269927712
20.28147575225836,4268739.729595672,2.1215869817139397,5.303967454284849
16.330662327590595,2547240.496713767,1.8716014303670079,4.67900357591752
18.625945042060298,3351995.24661975,1.9583848425251316,4.895962106312829
20.2457910140599,4096681.1918886323,2.0755386362819697,5.188846590704924
17.910226069832746,3080755.0517380694,1.9221406199880655,4.8053515499701644
19.159593945386444,3704497.4449351868,2.029403820814798,5.073509552036995
17.567228588538697,3026635.0538875842,1.931980864147516,4.82995216036879
18.602154729047605,3677371.7894110475,2.06186817704744,5.154670442618599
16.29031066348614,2511160.0032120524,1.86168228322175,4.654205708054375
19.740919473781382,4048808.8357405784,2.0929199437220225,5.232299859305056
18.658156798043947,3501647.489639138,2.001118256763648,5.00279564190912
15.283413277415537,2121245.258419629,1.8134350750243917,4.5335876875609795
20.215140387075394,3979115.214324333,2.044155000622082,5.110387501555205
18.267284166277964,3310058.6020489074,1.9705689908111046,4.926422477027762
16.442214742388117,2542577.6706014387,1.8597688602082525,4.649422150520631
17.97634413881748,3354302.2303269915,2.0083023369044906,5.020755842261227
19.190653461998508,3698500.1808820153,2.0244566748952053,5.061141687238013
17.214092586734452,2965155.499874225,1.9405082912363985,4.851270728090996
20.965092070101733,4374063.162380295,2.1105370049395313,5.276342512348829
17.332174185994198,2982430.9564058706,1.9349940987231362,4.837485246807841
17.767115871803284,3141425.0032438356,1.9546867080436428,4.886716770109107
15.555905863832908,2188244.8886731276,1.812570342162092,4.53142585540523
17.32544957899089,2840654.5006554257,1.8902403769397895,4.725600942349474
20.054055496996593,4228207.121682911,2.123659066588229,5.309147666470572
15.651047053617194,2258088.1979630096,1.8301577349953286,4.575394337488321
20.919236059423408,4627154.200031672,2.183670441119565,5.459176102798913
17.75917180150801,3072013.119723073,1.9322035669393927,4.830508917348482
21.069141366213607,4447439.460902117,2.12470054904041,5.311751372601024
19.502633879772024,4009661.5310002975,2.096981740836659,5.242454352091648
17.662273826800433,3117117.9216030687,1.9535596491905995,4.883899122976499
16.675576946760494,2719931.5245391615,1.9044114642805159,4.76102866070129
16.81724029839291,2790400.6858265484,1.9151006037774754,4.787751509443688
20.03758903957822,3925142.7240706533,2.036252967672517,5.090632419181293
16.105489781053862,2495675.502229145,1.8751565439186,4.6878913597965
18.837376624745428,3599171.9379878137,2.0194649479497766,5.048662369874442
20.662005792359174,4292658.448692151,2.1061847305993395,5.265461826498348
17.041475826761676,2805073.310682946,1.9016598635172761,4.754149658793191
18.921739484243094,3581594.4152652714,2.01099432194931,5.027485804873275
19.18044788412272,3582157.6992164003,1.9918409581092,4.979602395273
15.881523969997113,2251601.862299394,1.8018835737228118,4.50470893430703
14.319708337883608,1567354.7272638837,1.683076734262402,4.2076918356560045
16.76621311994555,2770650.2340217633,1.9123688266251042,4.780922066562761
17.435381738835698,3026419.4364484036,1.9440860930170465,4.8602152325426164
19.273938906043476,3811302.2718931222,2.0561041479290245,5.1402603698225615
15.187564094086214,1991182.920607173,1.7686527972222328,4.421631993055582
20.988612617134137,4345758.176295803,2.102886059293761,5.257215148234402
18.984168531201128,3572245.7429995257,2.000546380357309,5.001365950893272
16.618356749914852,2586409.0105688665,1.8592587895134263,4.648146973783566
16.98065829291182,2803621.8250525137,1.9044601425816954,4.761150356454238
13.128885624729003,1183742.7850864641,1.6540561853199929,4.135140463299982
16.90286370354588,2702313.8258586107,1.8757127868771128,4.689281967192782
18.836703114960418,3671656.4771221587,2.0439527861547964,5.1098819653869905
15.826465690172075,2308775.9427801007,1.8317032107810676,4.579258026952669
19.071663210175927,3679187.244215387,2.0262721240472614,5.065680310118154
15.867458155923364,2256122.631710765,1.8066325503953227,4.516581375988307
18.89526765124312,3522984.7037320975,1.9909125774480727,4.977281443620181
15.532253177768185,2214066.610394777,1.822336438965288,4.555841097413221
18.119666013677737,3107872.175459278,1.9154893620413707,4.788723405103426
19.201291219512797,3475814.9757665503,1.9580823046602034,4.895205761650509
18.1061781663449,3262358.3704427844,1.9679637161807555,4.919909290451889
16.64061690943843,2674990.7987915175,1.890664076808954,4.726660192022385
19.115430627588538,3598169.8911496196,2.002313500090545,5.005783750226363
16.567564135201906,2591080.57528939,1.8663726616827596,4.665931654206899
15.537050403098629,2231545.3933991203,1.831896581207914,4.579741453019785
17.89511813921083,3180081.898061719,1.9589121424654032,4.897280356163508
17.205951120744633,2896454.5287053054,1.9183012002862538,4.795753000715634
18.170500895150465,3222199.973296806,1.9515690900986813,4.878922725246704
17.72168451929388,3053808.309886425,1.9290301175573952,4.822575293893488
16.540485927275995,2513901.8684505327,1.841718298437754,4.604295746094385
15.819920248616736,2311448.12893725,1.832302680040514,4.580756700101285
17.451921564470464,2937759.925834191,1.9131335213424814,4.782833803356203
16.771786875342308,2721973.4360323986,1.8952619437738896,4.738154859434724
17.346559546680584,2921891.1976935277,1.9142633508799858,4.785658377199964
18.53340710946767,3499137.8442750424,2.012052655387783,5.030131638469458
17.538419537538275,3265522.2905971073,2.013741297115391,5.034353242788477
18.11973784733103,3481280.807612526,2.0367054886837224,5.091763721709306
17.037264874795135,2815750.4389448855,1.9030041442827534,4.757510360706883
17.605006043810967,3130704.079193162,1.9633548146777573,4.908387036694394
17.994504189788984,3406340.133138447,2.0234561204419403,5.058640301104851
20.67580375502196,4386638.300752305,2.1287756508561735,5.321939127140434
18.707517877457658,3458548.548611331,1.9827607592304852,4.956901898076213
15.607568827474093,2155638.4238059465,1.7908522532704305,4.477130633176076
16.20423195751066,2462053.0737101,1.8523992931540159,4.630998232885039
16.2706999030052,2568527.4462197423,1.8844392981527374,4.7110982453818435
16.7579083696481,2636491.9595600823,1.8645340582751695,4.661335145687923
14.754271576614709,1873439.0709388806,1.7710081139081728,4.4275202847704325
17.19686207229647,2778926.230436461,1.8773781980739743,4.693445495184936
17.78930197684232,3112444.6818051953,1.9446673781312358,4.861668445328089
16.500885592125947,2568605.4543811297,1.8630425416086003,4.657606354021501
17.605617255982953,2953965.2917760173,1.9051102393433825,4.762775598358456
19.097934686552254,3640742.2065866534,2.0150405696842264,5.037601424210567
17.606190650497332,3104604.131397986,1.9550592499528483,4.887648124882121
16.398879959496647,2479905.1229189774,1.8406634932034083,4.601658733008521
14.618313050616184,1749614.386761317,1.7301776246434137,4.325444061608534
18.65920357206521,3329719.088984997,1.9497727758022423,4.874431939505606
17.416897005646614,2906486.523713311,1.9052816121896357,4.763204030474089
16.6145658424554,2625881.8166445075,1.8761275414056517,4.690318853514129
19.06376777098904,3718500.1870294,2.0426657303725957,5.106664325931489
20.11025808392406,4297030.476904815,2.1406760490946257,5.3516901227365645
15.505344696584666,2151420.103517466,1.8002379921331033,4.5005949803327585
19.261475766656886,3561349.235023845,1.9809427784647629,4.952356946161907
17.513938040734068,3004027.4368893337,1.927528726931347,4.8188218173283675
15.371957965535454,2185095.857920886,1.8318039309343506,4.579509827335876
17.873021520074595,3201033.411070252,1.9651482401679967,4.912870600419992
13.54261887675201,1344487.1316167237,1.678497072382076,4.196242680955191
19.595305357812553,3814260.1003164994,2.032671599186682,5.081678997966705
17.161902684035123,2917956.208939977,1.9294941733227122,4.823735433306781
18.3892662234147,3483336.805067028,2.017742736355712,5.0443568408892805
14.081290827116533,1582088.8757450692,1.7209297461560025,4.302324365390007
18.82607260066478,3599124.3664744366,2.0214742552553364,5.053685638138341
18.32526161084327,3280357.0252519557,1.9570705257938088,4.892676314484522
17.55193996126161,2944122.836093476,1.9052717464831057,4.763179366207765
17.53017063841529,2983888.818134946,1.9210361113123469,4.802590278280867
16.15124672180892,2422882.8912766054,1.8412916526919108,4.603229131729777
20.512670014945854,4429586.484193576,2.1524729878044844,5.381182469511211
17.694417604769708,3016039.444658472,1.9176231546837057,4.794057886709265
15.844543746238958,2256437.9625671934,1.8095676895100206,4.523919223775052
20.20252729575951,4037363.32458253,2.0610676194547253,5.152669048636813
18.777148582429227,3605476.303080243,2.026583974700897,5.066459936752242
18.126687838270538,3220837.1909328382,1.9531461108847312,4.8828652772118275
18.485679091146068,3293419.8123519393,1.948605773649554,4.871514434123885
21.35850443289997,4744180.763229939,2.1902732759430714,5.475683189857679
19.224996332510248,3862734.4688032856,2.070341133718613,5.175852834296533
17.48334439561774,2884448.93471706,1.8916776443771042,4.72919411094276
15.944667672584556,2400330.918800642,1.8549594277524688,4.637398569381172
15.593726917384254,2117598.9713663803,1.781183640974654,4.452959102436635
16.061659216289748,2335601.0092679234,1.8175921426633184,4.543980356658295
19.20639333965619,3764373.3197818547,2.0459060882177726,5.114765220544431
20.772588896992605,4548426.272021012,2.1692357760040366,5.423089440010091
19.899423273359297,4007691.9971099943,2.0707129927045784,5.176782481761446
17.786291910569396,3114113.916919154,1.9447984274217032,4.861996068554258
16.890236520175826,2766527.842362907,1.8988063286074859,4.747015821518715
19.069328687350364,3747520.6487381672,2.04776597585877,5.119414939646925
18.654090280432168,3576183.4265177995,2.024996716595167,5.0624917914879175
16.59317236255,2604766.162653298,1.868120525098606,4.670301312746514
15.301247580867571,2108066.6850130195,1.8064795967556282,4.516198991889071
20.566627908199763,4255788.917793648,2.0974304603679506,5.243576150919877
21.004082515790046,4544561.527922761,2.1538239298582926,5.384559824645732
16.092275655665865,2455688.3659177115,1.860510047330644,4.65127511832661
15.855951776491462,2252525.8205718147,1.8075103326036475,4.518775831509119
18.09035472158702,3449780.5534949563,2.02823979492362,5.07059948730905
18.599990503742568,3499994.300203084,2.0076112872242815,5.019028218060704
19.277974913477514,3837795.337202615,2.060332718800731,5.150831797001828
15.322989273673372,2151556.928407306,1.8223908330125331,4.555977082531333
18.400793345983836,3448874.6504673855,2.003870383813671,5.009675959534178
19.636011044234913,3875283.279411006,2.0491679218027903,5.122919804506976
16.18885805644965,2560795.6218836503,1.890542268634193,4.726355671585483
15.75005686413058,2266604.681392679,1.8233490669561274,4.558372667390318
18.11725573124321,3293133.0098758787,1.977089672562114,4.942724181405286
15.060083361633826,2051650.0310362792,1.808381089622146,4.520952724055365
16.906751726261483,2819939.547860655,1.9164539172062316,4.791134793015579
18.397429427362866,3209181.700902191,1.9307511694713169,4.826877923678292
17.424893231898064,3060145.983364824,1.9531586032032895,4.8828965080082245
19.280618012708285,3707285.8103555087,2.0225711842630325,5.056427960657581
19.279906948492,3967791.4194959197,2.098412021788362,5.246030054470905
17.208477613250793,2978831.634274831,1.9479015911832565,4.8697539779581405
16.02526576593548,2378426.7292383984,1.836674491940584,4.59168622985146
15.98512890330721,2428524.3488958096,1.8607411535590823,4.651852883897706
15.952532108891582,2342145.509380133,1.83228444005412,4.5807111001353
18.848471832978042,3642943.050081454,2.0325176576560335,5.081294144140084
17.248527475136278,2984697.994388134,1.943991459905152,4.85997864976288
17.059491567731257,2810124.6036530063,1.9020043344546653,4.755010836136663
18.381517455904284,3269103.354174277,1.9479304774112989,4.8698261935282465
18.260448947185772,3326267.4597700937,1.9772018322419547,4.943004580604887
17.527393121707902,3018356.000250967,1.931963434687029,4.829908586717572
20.210094136347312,4077059.651919633,2.0713975997049294,5.178493999262323
12.006337777066655,746053.6918480014,1.5875803275820577,3.9689508189551446
16.552173376504253,2625997.523627896,1.878337523065262,4.695843807663155
16.388344067990303,2444197.1876253,1.83059109105381,4.576477727634525
17.462307955912216,2902003.2740890197,1.8981895860828832,4.745473965207208
18.924182932575697,3491966.879294295,1.9802986239186682,4.95074655979667
17.415487654423313,3216850.9402501024,2.0071157547804894,5.017789386951224
22.297299423653282,5177096.619771485,2.256455457260376,5.641138643150941
16.714586220975836,2666840.108062028,1.8811902010486972,4.702975502621743
18.517048517084177,3546118.3239712752,2.026151948547438,5.065379871368594
16.935367226712252,2883003.1271047806,1.9369830490451223,4.842457622612806
19.13943503718416,3626186.9601377994,2.006210907258178,5.015527268145446
16.410033122003888,2539370.0844418798,1.862580197104973,4.656450492762432
15.185077946215753,2117212.6600588737,1.8250175096681147,4.562543774170287
17.473912441345064,3029438.9006804433,1.9405873475509734,4.851468368877433
20.067348640423788,4051047.02590339,2.074516217384505,5.186290543461262
17.307331348766255,2789173.607999347,1.870282047007685,4.675705117519213
15.324061870327753,2088475.7314888583,1.7963063666698884,4.490765916674721
20.400308945493116,4333109.057089799,2.132215883699815,5.330539709249537
17.578153745294877,3027327.3331119474,1.9316681057636722,4.829170264409181
19.237443729280336,3876933.305840537,2.073659124607413,5.184147811518532
17.99323957254282,3261652.616007747,1.974285214844583,4.935713037111458
18.177298097086837,3335967.4465552187,1.986044429394126,4.965111073485315
19.41647591296767,3943043.4793714993,2.0833556960367376,5.208389240091845
17.991195303962005,3275959.5625884887,1.9815830659658165,4.953957664914541
21.12485915479736,4716612.7005703505,2.195451747751115,5.488629369377788
17.098879466239737,2684683.0452407785,1.8547659108687338,4.636914777171834
17.063454332001136,2781451.1674471246,1.8887512547541936,4.721878136885484
15.04026440053785,2048093.5581153296,1.8109135690334182,4.527283922583546
16.94527975402462,2796454.2255384,1.905022605270334,4.762556513175835
18.983229978068785,3724152.186918918,2.048579580640342,5.121448951600855
17.2799459626771,3014978.6031178255,1.952608897060655,4.881522242651638
16.834805075736092,2769711.691765398,1.906809457721962,4.767023644304905
19.165564643468834,3764446.3233837234,2.0466711124928825,5.116677781232206
18.438181992501647,3521095.7582505783,2.0230817561927745,5.057704390481937
14.867007250836096,1887861.362894278,1.763626264758626,4.409065661896565
17.46026932237601,3039682.541444849,1.944880355349442,4.8622008883736045
17.798055008111668,3171571.572296506,1.9614849932590854,4.9037124831477135
17.801871707189676,3106027.522057074,1.9386824971415948,4.846706242853987
20.32885475000179,4324732.281770843,2.1335262032458218,5.333815508114554
18.491020099681666,3407222.0624891026,1.9861403667553141,4.965350916888285
17.149489738167855,2927040.6225342955,1.931500528979256,4.82875132244814
19.47148430755652,3743699.387938047,2.0225817441080993,5.056454360270248
15.793757676238606,2300017.222569743,1.8320597324653052,4.580149331163263
17.36253532492689,2962364.4495641496,1.927340076390427,4.8183501909760675
17.851250263545992,3188293.067737339,1.9618569516975977,4.904642379243994
21.46088020571071,4815058.842755949,2.2023975531684403,5.505993882921101
16.43590710940228,2469990.5284277974,1.834447766248352,4.58611941562088
21.553362266728215,4917509.395273458,2.2242868949549015,5.560717237387254
18.225076664437935,3215688.585845557,1.9442687111674868,4.860671777918717
18.78969586401538,3425059.6460959716,1.9700005738787378,4.925001434696845
19.006475082654962,3593677.670947427,2.006013481865301,5.015033704663251
14.964219708632797,1985255.6300751148,1.7935077316086203,4.483769329021551
19.712016665322075,3808894.1044999557,2.023941056693829,5.059852641734572
20.64239006291264,4629418.718888581,2.198295461961592,5.49573865490398
17.261363998508926,2979529.783387255,1.9413420147600666,4.853355036900166
19.52133394531066,4009412.791843148,2.0954550022016423,5.238637505504105
18.17375362292408,3324016.227829719,1.9825535505765617,4.956383876441404
20.78188252749824,4394042.0932797715,2.1277473853675306,5.319368463418826
18.46762385353198,3397204.3817116423,1.9847271506551714,4.961817876637928
14.710908505628439,1848167.9982550088,1.7646668925884605,4.411667231471151
15.926879833001006,2327447.9133809274,1.8284023368301932,4.571005842075483
14.274312150762247,1676135.5183841502,1.7408333136645886,4.352083284161472
14.12769694374063,1545821.129037154,1.697865292995335,4.244663232488338
18.637105925460197,3389311.420852056,1.9695563113081413,4.923890778270353
14.07695522320418,1612186.6067887554,1.7372526224781406,4.343131556195352
20.57155596579767,4300011.857140793,2.1115690699746157,5.278922674936539
20.536794896799158,4488897.853220405,2.165615282159733,5.414038205399334
16.63233813880691,2752065.270425978,1.916208583002892,4.79052145750723
15.230530561462752,2094934.9532868136,1.8088844926954268,4.522211231738567
16.400461885847495,2565842.3388907155,1.8719156663923286,4.6797891659808215
16.137976996191796,2376375.4729697676,1.8259798200524684,4.564949550131171
16.804207041143737,2672687.983493003,1.8735722209151766,4.683930552287942
15.540248129401956,2224968.226472372,1.828257422599986,4.570643556499964
16.057967466695942,2526725.890560585,1.8908031252952289,4.727007813238072
15.11453189508174,1945282.6652982645,1.7596432571680818,4.399108142920205
16.635728916616998,2511826.9575036084,1.8329937797502585,4.582484449375646
20.400082207758153,4081967.657102749,2.0603940666401606,5.150985166600401
19.94549664683538,3976337.9454415934,2.060790202194207,5.151975505485518
20.275530750951674,4214920.7823963575,2.1075479625495888,5.268869906373972
18.78250799639247,3520517.3186963694,1.9986736432967036,4.99668410824176
15.417628488055279,2168325.762463698,1.8184307550925274,4.546076887731318
18.643026143565788,3444809.3627536613,1.9867258048408034,4.966814512102009
14.001514255881409,1632977.5619851612,1.756797497211536,4.39199374302884
19.643468940713383,3991644.9226289894,2.0798794749904785,5.199698687476197
16.248424999517752,2448235.1001969883,1.8415686397627928,4.6039215994069815
15.353087465381666,2153966.318071614,1.8202401004298852,4.550600251074712
20.087601098195762,3882387.394383358,2.0241015351973157,5.060253837993289
15.618914303188646,2125060.0204910142,1.780480591501864,4.45120147875466
14.846194523601985,1830436.3042156668,1.740140742086906,4.350351855217265
16.433841418073136,2538698.7443732526,1.8594755525354043,4.6486888813385105
17.7365428826586,3176928.495546179,1.966300851412145,4.915752128530363
18.911148562881674,3601396.3558763396,2.0159850129499355,5.0399625323748385
15.42665384342332,2178660.274119826,1.820387580972731,4.550968952431828
17.343007091859764,3004600.1089537935,1.9441924400730226,4.8604811001825565
17.817456561607692,3080790.9753862265,1.928559373575168,4.821398433937921
17.369201312576664,3009380.4543379024,1.9419267486933798,4.8548168717334494
20.570726946120168,4336738.243953761,2.124423662292153,5.311059155730382
17.114353463144383,2807098.7800257467,1.8960537920000904,4.740134480000226
21.491496751359595,4631560.368020767,2.1506839302884795,5.376709825721199
14.595275458077861,1761282.3419758044,1.7395859408767518,4.348964852191879
16.2494531593776,2475080.4260500073,1.8531318792566034,4.632829698141509
15.506957964857747,2165217.886824445,1.8091623127547283,4.522905781886821
19.104970348426555,3754073.7806933355,2.0475991388978394,5.118997847244598
15.036311923649848,1910168.4718485586,1.7523066799402387,4.3807666998505965
12.934428982556167,1168179.7640502919,1.6822107332208112,4.205526833052028
16.801912122120033,2679734.4494439587,1.8768076667508595,4.692019166877149
19.610329631742406,3909435.9614633936,2.060992533877597,5.152481334693992
16.05949289062789,2313389.3635845315,1.8108445073429584,4.5271112683573955
16.18322584583405,2431770.9534811154,1.842725082756381,4.606812706890953
17.698177917500036,3073616.431015321,1.9378469843605173,4.8446174609012935
18.446689042615418,3394367.4884055452,1.9837729173341274,4.959432293335318
18.902067891430875,3703504.6345163696,2.045994964246694,5.114987410616735
19.045458353544163,3775138.318411327,2.058713754534387,5.146784386335967
13.845904905471706,1456594.5619665915,1.692207754896905,4.230519387242262
18.391323082878387,3353454.028607251,1.9731088434618205,4.932772108654551
16.17667201113302,2500498.650858746,1.8698652107983216,4.6746630269958045
19.470566321737735,3888708.8634460866,2.0638355041167102,5.159588760291776
16.87954843052082,2811848.5958459955,1.9160285782181858,4.790071445545465
18.916803555370553,3660788.871090343,2.03220780210206,5.0805195052551495
17.90678107630017,3183081.1128620943,1.957207144780941,4.893017861952352
16.628154462927668,2794030.364954846,1.934327755813666,4.835819389534166
15.972048205618549,2401532.07781322,1.8533174882549093,4.633293720637273
21.03938816383508,4408488.919573372,2.115214496675555,5.2880362416888875
17.838609346717682,3097140.1955623524,1.9331655427263164,4.83291385681579
21.186087473798953,4586303.530706062,2.157659231965257,5.394148079913142
15.990704442196568,2283300.3800010355,1.8047633535306193,4.511908383826548
17.79872985430464,3153142.2462362107,1.9567414507321552,4.891853626830388
18.825034887848503,3476620.0968245547,1.9810151779449117,4.9525379448622795
18.124933578759904,3212964.901353525,1.950260210512378,4.875650526280945
18.35870219957856,3492718.901620824,2.0213820820037336,5.053455205009334
18.942148987800998,3614406.024291862,2.016407156595069,5.041017891487673
15.481239990692242,2217316.138757361,1.8326304241130233,4.581576060282559
15.24774533404436,2056349.0536994739,1.7897460180852278,4.474365045213069
19.561593694660928,3801253.847089614,2.0323312197954455,5.080828049488614
23.843473213124035,5680950.237097678,2.3042086100359973,5.7605215250899935
15.38583926451036,2087709.8899864312,1.7863639880832731,4.465909970208183
18.541257802794497,3419091.3288276186,1.9832941895609357,4.958235473902339
15.316745630057982,2070285.6812030394,1.7896627904772673,4.474156976193168
16.158545838993987,2349376.179117618,1.8127137508091111,4.5317843770227775
17.504755804307703,3025535.87038148,1.9389435407061946,4.847358851765486
16.43585757749517,2572845.366849942,1.8722836547646455,4.680709136911614
18.038414570031904,3135428.8207586203,1.930072787100771,4.825181967751927
20.78648938817873,4675621.9384720065,2.204602639606135,5.511506599015338
19.358975955201217,3932269.8986087637,2.0845612669605353,5.211403167401338
16.323775301720246,2433861.818120731,1.8289715398739665,4.572428849684917
20.022209820418645,4075724.5803928133,2.0819289395339338,5.204822348834834
18.23502311129104,3372988.8661416303,1.9932853181992616,4.983213295498154
16.97620523602086,2679113.6394560477,1.86198291751765,4.6549572937941255
18.442271469338213,3485366.1578011746,2.013578847793795,5.033947119484488
15.394984827885882,2139047.218346961,1.808875019670546,4.5221875491763655
14.39239631891267,1735784.9092077902,1.7527618391485569,4.381904597871392
17.208514519310604,2912513.7023249017,1.9218596282642029,4.804649070660507
21.199047875513855,4607451.335921843,2.1594306742229743,5.398576685557437
16.075724311430694,2412634.5413723085,1.846125316435778,4.615313291089445
17.052475334366445,2856268.8818876687,1.9156590807910465,4.789147701977616
17.461846741794005,2915703.051634386,1.903577514479655,4.758943786199137
16.73232196400434,2690651.3843597556,1.8872714444812122,4.71817861120303
14.59444532127776,1846703.5582772298,1.778372402240885,4.445931005602213
17.49102094153796,2974759.886491822,1.922529318226805,4.8063232955670125
20.717143825818262,4445022.85969558,2.144668345872894,5.361670864682234
19.653478817070646,3865200.8608226087,2.0448771894721327,5.112192973680332
20.350813297706914,4073207.091531365,2.0617555070857416,5.154388767714354
19.16017587759886,3708036.8975017928,2.0302409880356347,5.075602470089087
15.243944951274813,2112415.00859499,1.815551040532107,4.538877601330268
17.32574267703746,2996135.2595970808,1.9442200383139427,4.860550095784856
14.223071244259323,1764476.991959964,1.7912298337908839,4.47807458447721
19.668229254816993,4013517.0147460755,2.0878830786520433,5.219707696630109
15.493159378968757,2070052.2758481922,1.7708978608357533,4.427244652089383
16.53465234817022,2451504.0131443255,1.8188438905812514,4.547109726453129
18.80411404474913,3504175.798429949,1.9934852740608155,4.983713185152039
17.757508237094367,3012834.9599664314,1.9122962744177334,4.780740686044333
16.430085566946406,2617880.628619368,1.8881708567280422,4.720427141820106
18.853493051393322,3623830.917166806,2.026923920428908,5.06730980107227
18.44952426627444,3524287.5734483134,2.0236670286581835,5.059167571645459
17.827953924056406,3139332.950781023,1.9493857402251966,4.873464350562991
17.6833787478607,3009523.3843500707,1.9173808159094363,4.793452039773591
18.357451532184932,3320298.1334396787,1.9684696265887913,4.921174066471978
16.246302258183864,2526836.8687215075,1.873137844246907,4.682844610617268
17.626635956294635,3076335.142421621,1.9452979410776943,4.863244852694236
14.13681512476117,1635133.932544304,1.7391338703791883,4.347834675947971
19.523433635379405,4009623.2886037976,2.096455010201334,5.241137525503335
16.229449330053324,2499222.3338162024,1.864710948307249,4.661777370768123
17.384934850597578,3078835.0818706313,1.963693026542592,4.90923256635648
14.32314467227631,1727347.188195725,1.758979356707295,4.397448391768237
16.51574116901122,2609541.790688291,1.8779942255958288,4.694985563989572
17.569320801227196,3122005.0259430883,1.9650703476210916,4.912675869052729
15.472723557134183,2079625.4304526588,1.774678679664003,4.436696699160008
21.854197868680036,5069483.278685933,2.2490357365130036,5.622589341282509
16.039970321352182,2272711.4117913274,1.7937519796844479,4.48437994921112
18.71960194248439,3668921.4245336615,2.0491943657533427,5.1229859143833565
16.94262949629346,2747505.8384971116,1.8880327742477823,4.720081935619456
16.887908292771293,2627117.5703184735,1.8508048952915712,4.627012238228928
18.164045865336398,3285167.96289125,1.9697356279518452,4.924339069879613
18.540900442786224,3474227.4898047578,2.0032931028018495,5.008232757004623
20.263165999040677,4179857.034277222,2.0975444262025342,5.243861065506335
14.093649471451508,1651240.4113263367,1.7549488815318637,4.387372203829659
14.423500141240563,1803436.2491904087,1.7809316252077456,4.452329063019365
18.63079525781126,3513924.5136941522,2.007163041390252,5.01790760347563
17.254067416922037,3043578.1988806278,1.9647844063559943,4.911961015889986
14.072392867787098,1615786.13311911,1.7400847038160876,4.350211759540219
15.785329642992574,2343233.2313230736,1.8499214542551548,4.624803635637887
16.75675336853164,2702291.6206490276,1.889118668525938,4.722796671314845
18.155570027041424,3322165.6233547246,1.9831541607952166,4.957885401988042
16.73001041022062,2653852.2527495073,1.8749338652009058,4.6873346630022645
16.373800368215097,2648589.838460953,1.90342709451367,4.758567736284175
18.191802241052702,3425629.891377557,2.0139653493394296,5.034913373348575
21.003235137687916,4588457.766620016,2.166538805765661,5.416347014414153
13.766791353426044,1405418.485639696,1.6783467605624565,4.195866901406141
19.32167758487495,3862859.2999253273,2.066003609733479,5.165009024333698
16.738029962529378,2647911.832209124,1.872144938356394,4.680362345890985
16.216766099317436,2503521.6751175197,1.8663318467104186,4.665829616776047
18.013967495102822,3277182.4707967956,1.9775179685109623,4.943794921277406
17.099358431900068,2848437.3799987286,1.9090805912875093,4.7727014782187736
17.059523876357254,2874680.546310032,1.9232411855905756,4.808102963976439
19.964892836308024,4164868.954591994,2.112940707309807,5.282351768274518
19.009308404518464,3709837.8817160334,2.041661856904266,5.1041546422606645
11.696174139217064,646915.2409561202,1.588876369114204,3.97219092278551
14.634683277253014,1853119.4261312494,1.7757055808264852,4.439263952066213
17.66726048078917,3072428.6547612874,1.9384856367144854,4.846214091786213
17.906390238567592,3233275.811088943,1.9727682941969238,4.93192073549231
18.27305094068774,3256463.94146878,1.9540590037473686,4.885147509368422
15.233806504661352,2054043.8438603887,1.7905904533685144,4.4764761334212855
19.033870888969773,3878831.7439295836,2.0881791509936187,5.220447877484046
16.029426087486122,2430370.8103031833,1.858410778724122,4.646026946810305
16.13998006311661,2406151.6527333967,1.8392308627707952,4.598077156926988
20.494610140460168,4231018.306780188,2.0979150843704684,5.244787710926172
17.410513605028545,3115878.2081237324,1.9761985392008259,4.940496348002065
16.21043948720178,2338580.0629189294,1.8047761265816133,4.511940316454034
20.864931655388496,4261007.073317961,2.084395786033472,5.2109894650836805
17.318898918742654,2967577.0753514813,1.9338981224640683,4.834745306160171
16.23151082789631,2514537.690665964,1.8688108168054254,4.672027042013563
15.176950671059796,2071408.0007380266,1.8046060216330297,4.511515054082574
16.185545298207593,2422398.4949442362,1.8386423345385268,4.596605836346317
18.398721134332476,3349469.74485154,1.9735146900266207,4.933786725066552
21.183961273039962,4711317.944084012,2.190055527972254,5.475138819930635
18.60398158896508,3675013.894057908,2.0608070823149323,5.152017705787331
16.771663405867486,2807508.2110705283,1.9251718111242115,4.812929527810529
17.99938995459587,3147705.9656152315,1.9383407745964363,4.8458519364910915
16.751603114277323,2640686.385325758,1.8672009359967985,4.668002339991996
17.79287224898045,3124343.0025837775,1.9472999407182283,4.8682498517955715
17.72595850924681,3120140.58873282,1.9505733248049784,4.876433312012446
18.711684518063198,3656150.9450790137,2.047687162412209,5.119217906030522
19.28835024873137,3851185.699111757,2.064671414694875,5.161678536737187
18.394233232605362,3323514.3938407646,1.9679065077691953,4.919766269422988
17.6288579083834,3115285.1389572946,1.9588968222390308,4.8972420555975775
16.458661607246405,2659514.3547198568,1.9011495624777504,4.752873906194376
20.271319423003,4240485.34739753,2.1147815508021095,5.286953877005273
15.233660046497398,2090570.9703773884,1.8080288934800275,4.520072233700069
16.811299293451555,2779793.3858486675,1.9101024930413373,4.775256232603343
21.12242290376185,4395598.3256878145,2.1073117214136494,5.268279303534124
17.15343493296433,2963323.466741288,1.945354973971656,4.86338743492914
16.48474691026509,2684063.0362696266,1.9074707138544786,4.768676784636197
17.19496819871329,2910792.6170044234,1.9233244305891846,4.808311076472962
16.76578226097376,2769141.358430393,1.9100495149120644,4.775123787280161
19.116509022110506,3698882.327785096,2.0303136354812064,5.075784088703015
13.159590283924016,1272464.5367159871,1.7037450307795443,4.259362576948861
19.159946895073855,3719289.257527724,2.034384059653916,5.085960149134791
16.052387643381238,2439380.9654424777,1.85944124143722,4.648603103593049
15.631535283856524,2202738.601573568,1.8085327373261757,4.521331843315439
16.632389835421122,2702508.3382247733,1.9014340783041312,4.753585195760328
16.186400522767784,2421310.612661573,1.8374760213448242,4.59369005336206
15.933813693086707,2312884.764707798,1.8202442986509138,4.550610746627284
16.074676452129122,2472304.9206835534,1.8685682320470487,4.671420580117622
18.817643567676168,3707622.585285973,2.0567297481338493,5.141824370334623
19.296935581144538,3845087.3006357355,2.0642744477102744,5.160686119275686
20.942018392840666,4551324.702891833,2.1625979414037357,5.40649485350934
19.04950047311811,3598320.8092798935,2.007358786499154,5.0183969662478844
17.851832269308666,3147028.3636502624,1.949414594069317,4.873536485173292
17.387959632647586,3012226.71701279,1.9415798987177313,4.853949746794328
18.5355642213082,3404562.4227347067,1.9798943220558092,4.949735805139523
17.970684196295707,3111889.2985719414,1.9285015252591755,4.821253813147939
17.94820200388887,3194317.2825273424,1.9566445034330997,4.891611258582749
19.925422502724153,3905353.3035899885,2.0381957478877335,5.095489369719334
19.88491862410178,3897815.878429518,2.038591414240485,5.096478535601213
17.54973479926538,2876492.3936821437,1.8842075075808473,4.710518768952118
16.979609025171595,2680909.7259204453,1.8624824367762796,4.6562060919407
19.316359569637576,3753236.3996491237,2.0339639783635115,5.0849099459087785
17.152017161909328,2852319.574153864,1.906422671216697,4.766056678041743
16.865519490701896,2722446.7405300215,1.8869228960881843,4.717307240220461
15.637274792239197,2135677.5446409155,1.7819782640970816,4.4549456602427036
12.687840237077964,1036386.5015149442,1.6462237175775607,4.115559293943902
17.784047064303454,3098091.268674165,1.9411871685128015,4.852967921282003
18.000359680703838,3164001.889069789,1.9431327693870097,4.857831923467525
19.830579234098565,4052083.3594062207,2.088245009989498,5.2206125249737445
17.584574954242328,3059094.138961384,1.942517880682294,4.856294701705735
18.13099188191851,3269280.468046819,1.9666770922807049,4.9166927307017625
18.196047215191523,3210310.223984694,1.9436781381561983,4.859195345390496
21.083819961730054,4482561.993422251,2.135315691219094,5.338289228047734
15.873348458870428,2286473.150783322,1.818052741345704,4.54513185336426
19.27305708804383,3587844.9696423486,1.9854241515137974,4.963560378784494
15.86176373944339,2386314.2447762303,1.856411400435339,4.641028501088347
18.178691151258253,3300656.3215231393,1.9734590268258785,4.933647567064695
21.13036884819688,4691878.4096326055,2.188543794518047,5.471359486295118
19.31654868709709,3771448.645583952,2.040403430843807,5.101008577109518
19.37841716422719,3927917.8614123194,2.083260716468736,5.20815179117184
18.186675560908007,3322895.8273808584,1.9804664365896472,4.951166091474118
16.928495860982085,2700989.893937247,1.874249057296935,4.685622643242337
17.762067918181422,3036098.195829576,1.918927953349502,4.797319883373755
17.888136609748596,3308975.5266192947,1.9997162592585622,4.999290648146405
12.821775256955181,1041487.7832190692,1.6221169842319434,4.055292460579858
21.756924473039053,5010487.5718173925,2.237282374831803,5.593205937079507
17.666983820635163,3102845.9592182403,1.9502015368787828,4.875503842196957
20.699583353160268,4496300.348435614,2.159747573351667,5.399368933379167
16.336230570477905,2369637.7884557825,1.8051860570791132,4.512965142697784
16.271882023851923,2514596.860343829,1.8658561138721683,4.66464028468042
14.89824739443566,1885770.85345391,1.7579522847273032,4.394880711818258
14.87235300023313,1901551.6718561267,1.7665550519080855,4.416387629770214
20.45259748615478,4147420.734313878,2.0778094722148577,5.194523680537144
16.098360193222238,2363220.4254029635,1.8245488553519706,4.561372138379927
16.011244657550417,2193809.0465871757,1.7681432966513164,4.420358241628291
15.46655915994597,2173936.6499889214,1.8148634169358924,4.537158542339731
17.085330688672084,2755173.4630056005,1.8784576646748945,4.696144161687236
15.946002807575677,2528435.012590423,1.9022660910045184,4.755665227511296
21.98934751016026,5175602.091713445,2.2665138603486774,5.6662846508716935
19.0955335158276,3644627.6040987503,2.014272018520681,5.035680046301703
17.287347778508867,2923849.5171616394,1.9222831286199227,4.805707821549807
17.48774533578361,2941952.889916476,1.9120000741545566,4.780000185386391
13.607015176921955,1354609.3548723795,1.673431925211238,4.183579813028095
21.073758302121746,4629989.797374351,2.1723534996754177,5.430883749188545
17.555860194954363,3092829.86320519,1.9559721708897508,4.889930427224377
18.15067402700916,3304403.377975798,1.9775778635860688,4.943944658965172
20.853230357901342,4389084.309572658,2.119928480939612,5.29982120234903
17.369459848434342,2825962.8331144825,1.8804908783295744,4.701227195823936
18.544576995205485,3442655.279499163,1.9922123867857755,4.980530966964438
18.69807055443189,3538365.050335888,2.010627796320229,5.026569490800573
17.537069472879985,2992851.1323857503,1.9240384318000279,4.810096079500069
17.611944246558075,2961786.727942845,1.907710915189626,4.769277287974066
18.677305570844194,3577479.1970632486,2.024941349337175,5.062353373342937
19.471296234978986,3633704.848067566,1.9874484917873987,4.968621229468496
16.777033008895614,2756274.1965203322,1.908212134867204,4.77053033716801
14.99774815462902,1894635.320338687,1.7501916184842863,4.375479046210716
18.188108047946393,3284949.074009833,1.9689228367117602,4.9223070917794
19.72763259118937,4115487.8666735487,2.1117771572856268,5.279442893214067
19.88384892778341,3922744.484937651,2.046753281361974,5.116883203404935
14.83383345500846,2003783.0528874975,1.818139037809006,4.545347594522515
18.13935465954597,3443804.9136603493,2.021147530431023,5.0528688260775585
20.63336757216332,4309088.146988433,2.1091204641855454,5.272801160463864
16.713821920900294,2567081.042793464,1.845834320902437,4.614585802256093
18.516049300014824,3285764.780602565,1.9469947117677986,4.8674867794194965
18.70553083368347,3514841.3872202625,2.0030101992446236,5.0075254981115584
13.593300073472726,1326363.1038483363,1.6601989327035318,4.15049733175883
17.809847535811272,3203091.4857704947,1.969378997816719,4.923447494541798
18.07971171134146,3191654.1656959997,1.9460779177501284,4.865194794375321
19.49129981140576,3913665.353970588,2.068470501879785,5.1711762546994615
17.151926316345435,2757679.235055522,1.874676472001846,4.686691180004615
17.224258045243857,2791344.0053275237,1.8814452820581966,4.7036132051454915
18.81981519371938,3619478.2749462817,2.02742789963907,5.068569749097675
15.011626550180868,1968763.1720629912,1.7802471418201313,4.4506178545503285
17.349715486583328,2958226.17907688,1.9253214821407594,4.813303705351899
17.777982995813456,3033751.1594011495,1.9194103635429167,4.798525908857291
14.935657619198972,2001143.7079110313,1.803504779418985,4.508761948547463
18.337035218085763,3538013.134848279,2.037529203420814,5.093823008552035
15.095969422118284,2014170.4785269666,1.7903915925974985,4.475978981493745
18.394141145996244,3517519.517469272,2.026665504780582,5.066663761951456
17.275244457441662,2992111.9652120816,1.9460066963194154,4.865016740798539
17.254473495949973,2806546.8686039886,1.8839486967238745,4.709871741809686
17.34202321706062,3001536.8175358623,1.9437604426365218,4.859401106591305
19.649731391461312,3987185.9904863006,2.0807506506985596,5.201876626746399
18.845820520061917,3614623.9480839036,2.0249904269931167,5.062476067482792
16.192686863124585,2493697.3813289143,1.8643285962879188,4.660821490719797
17.728529711728736,3076575.6998476805,1.9369374519655065,4.842343629913766
18.575997359054885,3457331.4965328416,1.9943614558717766,4.985903639679441
19.886048623327568,4060255.8656295286,2.0867648900507456,5.2169122251268645
19.243233079298207,3732644.879225891,2.032672411036666,5.081681027591665
15.2660969720531,2111451.3337870715,1.8101745805716187,4.525436451429046
19.29376465347157,3701474.4846068267,2.0205002266513237,5.051250566628308
16.400922738769918,2645910.8919186285,1.9024297800061092,4.756074450015273
16.669805691310803,2669555.900847907,1.8850824805129547,4.712706201282387
20.037272493253134,4317246.187474617,2.150182381583205,5.375455953958013
15.224814346138071,2062348.3298220932,1.7941525262219395,4.485381315554849
19.69381702189161,4024253.033224283,2.0898731876003214,5.224682969000804
16.33340832511592,2462435.88647921,1.8403359548904292,4.600839887226074
15.404773088430268,2049847.9822629876,1.7703615149522909,4.425903787380727
17.019120672441023,2837420.96976496,1.91430378631991,4.785759465799775
19.97192603936395,3867760.3411525944,2.0261515614361563,5.065378903590391
20.423935935212988,4297063.864154656,2.121983553079128,5.30495888269782
19.806410094992486,3881634.5516299186,2.041132305317995,5.102830763294987
16.78778235929157,2704446.1541521875,1.8871152319056064,4.7177880797640155
21.06669126201637,4575476.145437913,2.160267266601053,5.400668166502633
19.224496087299634,3558353.8513288526,1.984016355771237,4.960040889428092
18.89280542222298,3739562.609444757,2.059247236067663,5.148118090169157
19.19208924970568,3815848.7448401377,2.0578409023190263,5.144602255797566
17.185876136046186,2876567.6491992176,1.912247163277591,4.780617908193978
18.129379791326627,3119214.003205958,1.9202763409490715,4.800690852372679
18.23414803659087,3388901.8560378896,1.9986117617341739,4.996529404335434
15.837985986059788,2360763.704873832,1.8483187366209173,4.620796841552293
13.373349252635137,1319934.3714757608,1.6916225750201166,4.229056437550291
18.470612790511765,3452726.958132024,2.0017599847397887,5.0043999618494714
22.363568412373724,4870769.6468933895,2.1684358160048975,5.421089540012244
16.83442112811462,2771275.2397907646,1.9058422300922127,4.764605575230531
17.34053284835324,2814775.7997826235,1.8794545557509408,4.698636389377352
20.453542328569085,4301686.243814906,2.119432089616756,5.29858022404189
15.406598122139293,2184525.0313880984,1.82580335427536,4.5645083856884
18.5759580389397,3569672.0792575963,2.0302588447740524,5.075647111935131
16.669016974536977,2715399.804422711,1.9004675940206681,4.75116898505167
19.67843179221893,3895471.5518118516,2.051988498337572,5.1299712458439295
21.035282727452298,4362473.913096911,2.1042378474331795,5.260594618582949
19.462007357167522,3780120.1985918228,2.0334924885789665,5.083731221447416
15.20500527390698,2014094.9334730785,1.7768855267345804,4.442213816836452
15.707801717759828,2193578.988039583,1.7973485686150328,4.493371421537582
16.26243581698459,2532576.354191472,1.8724292182610593,4.681073045652648
20.124669394174077,4199680.596622979,2.1127082096149876,5.281770524037468
19.26993805108699,3667886.7222148497,2.011692890563335,5.029232226408338
17.0781332184043,2868409.772193579,1.9175890531724595,4.7939726329311485
19.554090097868905,3861641.376941745,2.0499617533575556,5.124904383393889
16.538140691136128,2565338.798811269,1.860085809060338,4.650214522650845
18.42393650429861,3313367.6783834584,1.963343947480067,4.908359868700168
17.24636005164801,2903915.6436997354,1.9162443246772884,4.790610811693221
15.499442110037108,2188902.0586312665,1.8172907123635234,4.543226780908808
16.213406872494616,2464068.0345026813,1.852410449453047,4.631026123632617
18.553621435593403,3475374.018294649,2.0010977076320358,5.00274426908009
14.929974522686319,1871238.685845512,1.7468398808359944,4.367099702089986
19.250327049624637,3658322.9810613617,2.009970345366053,5.024925863415132
18.00833234095556,3087225.060022002,1.9189367864293099,4.797341966073274
17.187540568019056,2870113.609754731,1.911049111218253,4.777622778045633
18.506416103929112,3354656.514660974,1.9689986988114412,4.922496747028603
22.244736508549813,5149064.7246995345,2.247304034592666,5.618260086481665
15.42711857669321,2020997.1161847562,1.758365668403868,4.39591417100967
19.344676229103786,3662328.0251674876,2.0047502710768788,5.011875677692196
16.76979799086016,2666088.116372586,1.8777753096400138,4.694438274100035
18.58547980746923,3352594.043158943,1.959873765713572,4.89968441428393
18.838883134586748,3659792.5442702007,2.0376561542603624,5.094140385650905
19.28583929277339,3710225.672085246,2.0257488107352115,5.064372026838028
17.332054002992336,2880013.591041635,1.9020123078166022,4.755030769541506
20.59317390368487,4275236.008004245,2.1043960232453918,5.260990058113479
18.611743391254954,3360779.545384338,1.962388064756053,4.905970161890132
22.200975328198112,5064787.705146437,2.228798440346977,5.571996100867442
19.039271364699918,3672806.2680140194,2.0283282822650017,5.070820705662504
17.075378161565922,3024832.394048957,1.9742604796199128,4.935651199049782
18.44380975576778,3399010.0574730868,1.9857757180066489,4.964439295016622
15.860964399997822,2263696.7246368593,1.8086841267498008,4.521710316874502
17.974240644728745,3199575.942785077,1.9570365397086866,4.892591349271716
19.04184476384998,3764735.9643730167,2.05492527031065,5.137313175776625
18.647614051172855,3474936.7890931163,1.9960398071787733,4.990099517946934
19.45620208625629,3941746.152533492,2.079645322045182,5.199113305112954
15.531993274323064,2116056.0087421294,1.7850274592514228,4.462568648128557
17.856564588055114,3103672.1339086117,1.935606272894219,4.839015682235548
17.611639540530245,2956375.0620154357,1.9062733128495588,4.765683282123897
14.276028079269242,1667384.2225962253,1.7358464143370755,4.339616035842689
16.47165918747071,2624996.870498413,1.8889010364202938,4.722252591050735
15.938352799207166,2415804.432411597,1.8627929748610788,4.656982437152696
17.03773132034103,2709093.8649428003,1.8674184140238825,4.668546035059706
16.77492282156061,2648182.3975478597,1.8691343329909462,4.672835832477365
17.98321979816253,3107157.298032716,1.9249090895707142,4.812272723926785
16.593220657743135,2740934.366923348,1.916369600822891,4.790924002057227
19.806586829504003,3989933.2566997316,2.073318951913018,5.1832973797825455
19.81437352082398,3963905.8990333555,2.064044393616898,5.160110984042246
16.069837365015328,2445350.4187875222,1.8603737125523057,4.650934281380764
18.985475553318842,3665788.3655542787,2.030088944627434,5.075222361568585
19.269789664488112,3856508.139972507,2.0696233626067064,5.1740584065167665
17.404039866582167,2828669.880348947,1.8791260584928475,4.697815146232119
20.998972731998933,4455748.8170536235,2.131311795397186,5.328279488492965
17.74065386894941,3133676.035832828,1.9532972735191259,4.883243183797815
14.859329188285585,1884336.8910782589,1.762570238252759,4.406425595631897
15.746551668594488,2275750.1081429273,1.8262124367552706,4.565531091888176
16.279090251263085,2468553.360458336,1.8488472687845126,4.622118171961281
18.69051523651364,3579491.285385618,2.02262114105319,5.056552852632975
17.261816467153523,2752462.90330866,1.8649595478177294,4.662398869544323
17.455662226437973,2870619.412727356,1.887457345083683,4.718643362709208
13.135066595023881,1204509.6300243447,1.66576218319216,4.1644054579804
20.261459778791078,4544623.408468746,2.2013556603296345,5.503389150824086
19.623880813700634,3821519.5199789423,2.034282322616419,5.085705806541048
16.471078458410425,2523854.937760275,1.8515158979643933,4.628789744910983
17.489247091583103,2931723.077518329,1.9083792886160373,4.770948221540094
17.99067191194441,3220542.1000619195,1.9635557700975732,4.908889425243933
15.841927726613081,2301958.1291125836,1.8264198792251725,4.5660496980629315
17.212708867557723,2976182.1336200926,1.9436815496146187,4.859203874036547
16.165786610077927,2416563.7438471206,1.8382402152707182,4.595600538176795
19.15552062567587,3878142.4520827103,2.0819484165786393,5.204871041446598
16.074778656577493,2490261.974776312,1.8756647996293052,4.689161999073263
19.29580183346806,3792254.8439467438,2.046924069935722,5.117310174839305
16.662801060527887,2745432.506710939,1.9135283131176286,4.783820782794071
17.886437883750595,3101419.381533034,1.9320466677084949,4.830116669271237
16.88191213259127,2737651.94703318,1.8910597755577445,4.727649438894361
17.231036619883522,2859340.0863306876,1.90360738217391,4.759018455434775
19.510895825921626,3894264.584157657,2.0605876979882947,5.151469244970737
15.061056792512417,2002700.6729903184,1.7904106244448625,4.476026561112156
17.25069105160546,2984130.584700821,1.9445981154471152,4.861495288617788
15.109487907620878,1989218.0999401957,1.7771066930620416,4.442766732655104
20.293059539976,4074519.50571121,2.0654657534057344,5.163664383514336
18.024394355226512,3255833.7221102286,1.9718156307305623,4.929539076826406
13.480169549055265,1363328.9197973488,1.6982046090683758,4.245511522670939
20.122721263373844,4298754.896689241,2.13819255702394,5.345481392559849
19.317266286549284,3777657.6115029855,2.0415469844378675,5.103867461094669
16.926272773251316,2787625.3979326505,1.9034539279593534,4.758634819898384
13.959436396325398,1620723.9437189149,1.7588321781427645,4.397080445356911
20.410260429024163,4169604.888254163,2.0861301046431597,5.2153252616079
17.94456543205756,3244337.957452774,1.9733853612116805,4.933463403029202
16.846751404812178,2689715.945248235,1.8755706071240306,4.688926517810076
15.905005914564407,2272798.728116883,1.8075092931830414,4.518773232957603
17.07223409014711,2764486.921313204,1.8829015819057013,4.707253954764254
20.063404043340903,4153703.1688771937,2.1044335527693616,5.261083881923405
16.705592595633668,2754737.372904136,1.911275062594156,4.7781876564853905
17.92188983826364,3223582.2384286346,1.9684485723715275,4.921121430928819
16.79650112790485,2752760.501060487,1.9036474528508451,4.759118632127113
18.01397391522961,3387166.452014792,2.0159402465044627,5.039850616261157
20.725365786482563,4522596.280435442,2.1684319227714366,5.421079806928591
17.98047893655319,3171735.6976500247,1.9473928370767255,4.8684820926918135
18.258142475358376,3360048.217088124,1.9892208676750436,4.973052169187609
15.690791034309193,2234498.367526427,1.8165909585769564,4.5414773964423905
18.48331408258874,3303046.465119468,1.9537121475995884,4.884280368998971
16.88749434067949,2867611.9634316918,1.9348806271835044,4.837201567958761
19.89583204535881,3943529.3983178986,2.0516762361318306,5.129190590329577
14.758044217494382,1825769.9611212322,1.746809322192589,4.3670233054814735
13.135202220091568,1138432.4259605007,1.6264234080437228,4.066058520109308
16.89957234690478,2743032.8011855884,1.8903255111552923,4.725813777888231
14.457803945476243,1712764.6293492494,1.7321771759235525,4.330442939808881
15.772685453958246,2284741.224790453,1.8271382858465217,4.567845714616304
18.823814853554023,3567740.2116580084,2.010591384040569,5.026478460101422
16.918834874734866,2779671.6565031586,1.9029488251110203,4.757372062777551
21.320677566237833,4699600.077347436,2.1787521117569804,5.446880279392451
22.071066170706267,4990149.0417276295,2.216733251947487,5.541833129868717
18.805562880978254,3598170.8762192093,2.021327353356245,5.0533183833906135
18.372109408544834,3529477.227551856,2.032398365978264,5.08099591494566
19.066539458727515,3656998.7449218035,2.0233418786707373,5.058354696676843
16.623797459560908,2654289.309505442,1.8829636898443707,4.7074092246109265
20.449058640311215,4189723.5216263095,2.089720314967332,5.22430078741833
16.414930150350916,2668997.471896452,1.9093093495269555,4.773273373817389
19.31894344301366,3899546.1995900627,2.0763309566437775,5.190827391609443
14.832731827518742,1949852.8450174415,1.7934821278357354,4.483705319589338
20.575947029517327,4320979.001914491,2.1195021553806765,5.298755388451691
16.924125519150813,2807158.172280525,1.9117208529758931,4.7793021324397325
18.296867691851194,3287587.7384308893,1.9618113982043706,4.9045284955109265
17.437039717490734,2929100.5752184866,1.9105699009036408,4.776424752259102
19.88485918711882,4178734.988869516,2.121243171381203,5.303107928453008
21.4227182075565,4873824.269285847,2.2189325525426877,5.547331381356718
17.665710928181632,2984602.056589756,1.9101550818952828,4.775387704738208
16.928232467825243,2660701.6948465686,1.8591948619272896,4.647987154818224
15.854580990320532,2234648.932708268,1.8005271421717062,4.501317855429265
17.147105522385274,2935886.916532822,1.9346611557302795,4.836652889325699
17.37797570980546,2955804.343906099,1.9233108793561384,4.808277198390346
15.538051426592126,2256073.970586936,1.8425727275700383,4.6064318189250955
16.657487236473578,2731014.6974272206,1.9084614659343828,4.771153664835957
19.032214936997647,3679783.8436571416,2.030944796942913,5.0773619923572815
17.575339668833866,3074454.2197958343,1.9472872494391356,4.868218123597839
18.07281047377447,3183088.4771013614,1.9461643875642347,4.865410968910587
14.397773860922758,1668594.952599164,1.7217581739388041,4.30439543484701
18.077275904136634,3382407.154747921,2.0084361213150177,5.0210903032875445
18.491536727691795,3623853.806793484,2.0534720219770195,5.133680054942549
16.507250785005212,2649905.936539596,1.8914014514765627,4.728503628691407
19.537037652644518,3993052.536490093,2.0896321257114567,5.224080314278641
20.65100551577046,4536245.366927652,2.174751113918315,5.4368777847957865
20.589533749267176,4303285.928277749,2.1141689916514785,5.2854224791286954
13.684820937795417,1436430.1753043476,1.7044314466751136,4.261078616687784
19.365053687301035,3777599.0927202404,2.0383030119628143,5.0957575299070355
16.422647120508582,2431847.974196244,1.8193869504478537,4.548467376119634
18.14192519474931,3313793.2500574673,1.9807694699364249,4.951923674841062
19.264921290195858,3791264.792696528,2.0474289030330493,5.118572257582623
19.076617453576226,3849200.367784368,2.080527453064182,5.201318632660455
19.135201736292707,3715871.752465438,2.0360803670020675,5.090200917505169
18.17144382114848,3246223.0270540034,1.9584345069666758,4.89608626741669
20.093038375351657,3891587.4550147173,2.0237909129411213,5.059477282352804
17.790542327397986,3162127.7774940915,1.960882050882036,4.9022051272050895
17.233104301877656,2847770.2971472833,1.9002839421562732,4.750709855390683
16.625796819989127,2569709.4920934225,1.8532069018484711,4.633017254621178
20.760814174479346,4324902.927790616,2.1080289062319575,5.270072265579894
18.622219728442026,3386582.5461061113,1.9697229987079254,4.9243074967698135
18.500425116289442,3396968.4070538776,1.983609171709163,4.9590229292729076
14.78686068256161,1826883.7453317167,1.7474303978438839,4.36857599460971
17.297721522189935,3056494.0526270745,1.9646602934864148,4.911650733716037
18.97627141035443,3499977.103221236,1.9791044631201127,4.947761157800282
18.403692024030292,3444555.0712565826,2.0040478657802447,5.010119664450612
16.31859365925412,2419285.5130754206,1.8258762831118354,4.564690707779588
17.408356177623684,2891558.9589462476,1.8991633097417544,4.747908274354386
17.53550996983677,3236426.263534952,2.005104784497141,5.012761961242852
17.666977979484045,3088870.563877316,1.9462462863075554,4.865615715768889
19.007307014726727,3537578.8349263715,1.9895580512933098,4.973895128233274
18.791347901404485,3793452.521906823,2.0837024037130574,5.209256009282643
17.362893252231547,3012869.7615537653,1.944094496147943,4.860236240369858
16.52865855311225,2642649.0553773437,1.8880743057263,4.720185764315751
19.1870787660148,3772453.0958742825,2.0453553579960535,5.1133883949901335
16.362775109562456,2518835.0795279946,1.8592112964551584,4.648028241137896
19.486615713104726,3828447.973092744,2.044377584461449,5.110943961153623
16.486272872777306,2484520.217201934,1.8332453858471625,4.583113464617906
16.218743600187267,2469574.926627895,1.852976087889719,4.632440219724297
15.570699883412997,2221356.6169101372,1.8238734202765468,4.559683550691367
18.107278401461823,3204636.5961070154,1.9485666916827604,4.871416729206901
19.05326772098148,3715696.1814305754,2.039224465999119,5.098061164997799
21.14999834768416,4382216.5257574795,2.100633301607756,5.25158325401939
19.945227545490553,3975660.9888372533,2.058890527716745,5.147226319291862
18.959600154645685,3518435.617747506,1.9854782100863133,4.963695525215783
18.722144131503615,3628748.488024382,2.038079715618322,5.095199289045805
16.581723709725814,2661624.012020033,1.8912952682526212,4.728238170631553
18.213811836926297,3230574.2952641333,1.9498439945552903,4.874609986388226
16.808107370843437,2745851.1658384465,1.901227583257177,4.753068958142943
17.510500542176132,3089478.096242495,1.9589448429605976,4.897362107401494
19.191910636363964,3661936.9980989126,2.0133318333284596,5.033329583321149
17.977922062912132,3237963.417727095,1.9683716035546421,4.920929008886605
17.732643598008103,3070876.4204194034,1.9342020637166362,4.835505159291591
17.816656723119383,3143254.239355672,1.9510563192217047,4.877640798054262
19.748395208180348,3853806.5795622226,2.035056788874874,5.087641972187185
18.47223713957642,3190220.2409522105,1.9175861629874003,4.793965407468501
18.22418106155088,3352882.2384577263,1.9864376131960104,4.966094032990026
17.403061007171374,2895327.732002305,1.8996539710434124,4.749134927608531
16.01828493838029,2299951.1118312282,1.808624417686528,4.5215610442163205
21.03527698900407,4391226.570687626,2.111715373923952,5.279288434809881
17.980693874194497,3208515.6883845497,1.9593809518934961,4.89845237973374
17.4949839495963,2909791.6874860106,1.8985817904917273,4.746454476229318
22.147525688362602,5164082.50638788,2.2572025080404288,5.643006270101073
17.761296522001736,3118977.2084982106,1.9485581690814793,4.871395422703698
16.41473101628752,2712416.801185131,1.924167174541572,4.810417936353931
17.104812960140347,2783565.220920074,1.8871276855397798,4.71781921384945
17.265955189532846,3053441.771672219,1.9672655089353115,4.9181637723382785
14.487600777580823,1792131.0332923653,1.766419883362726,4.416049708406815
19.118009014990434,3699707.152775375,2.031156271095775,5.077890677739438
17.81319309917697,2956693.1910723792,1.887255654725815,4.718139136814537
19.658992235377838,3893689.480029705,2.051714191287719,5.129285478219298
19.71653173511374,3943772.2637314964,2.0623780494227155,5.155945123556789
18.229572655432346,3219228.5606048787,1.9443386706437589,4.8608466766093965
19.921367328011954,4168452.1757930173,2.1164975207084114,5.291243801771028
15.81174129938594,2330693.414441257,1.8404763350555635,4.601190837638909
16.846124639796244,2652572.329586569,1.8635619849290475,4.658904962322619
18.37913569336478,3392142.5216458663,1.9893452432039913,4.973363108009979
17.6117731783066,3110797.470896568,1.9587538130433544,4.896884532608387
18.396078456551066,3339796.7693616664,1.9704031405364557,4.92600785134114
17.01607962568459,2907415.031302426,1.9375680771725565,4.843920192931391
13.835650718159132,1494194.4353524558,1.7134292940611915,4.2835732351529785
17.35781229496409,2869794.202914425,1.896611967388133,4.741529918470333
21.112696665388263,4578825.493668481,2.1590299925118672,5.397574981279669
17.784700125377828,3135584.627955379,1.9513255684332977,4.878313921083245
16.676112835906665,2673525.041967663,1.8873115549997919,4.71827888749948
18.498144681305483,3404607.9639618937,1.9847453927113992,4.961863481778498
19.284834562392295,3771471.4728318416,2.04294926728962,5.10737316822405
17.854032177645074,3299888.629744392,1.9989497373653635,4.9973743434134095
17.43679580958959,3028566.2960541956,1.9440018537391237,4.86000463434781
19.71786353354361,3899033.2905236427,2.0528691547420244,5.132172886855061
19.608601203222563,4065501.9878456937,2.1066750584259943,5.266687646064986
18.276404444071304,3230790.511812737,1.94250302708099,4.856257567702475
18.409364368577187,3171679.8817675607,1.9170010807578166,4.792502701894541
16.02239599731201,2387120.0944577195,1.8422272178615122,4.60556804465378
20.33784863416401,4462638.116208201,2.174419765163009,5.436049412907523
17.835024022776636,3157736.1769722505,1.9569119248747207,4.892279812186802
16.48244937604828,2447311.204823437,1.8216082990308258,4.554020747577065
18.667857090069727,3494279.6428998373,2.0017778534655,5.00444463366375
20.672844296545456,4437952.436219462,2.1436975682286508,5.359243920571627
17.38393937308862,2971716.0396343153,1.9272507844600189,4.818126961150047
18.857133621245083,3498172.904164416,1.9883685712535502,4.970921428133875
19.958066140791253,4085971.7641394613,2.0906429138585745,5.226607284646437
17.594871566410575,3162195.5684046615,1.9756667376885635,4.9391668442214085
18.893153077932688,3543194.732678485,1.9977702828022972,4.994425707005743
19.385236913852545,3810893.2198429843,2.047444251571399,5.118610628928497
13.849063739692724,1474303.112407444,1.7014824557728112,4.253706139432028
18.01128764213944,3296978.9703670004,1.9874946424932796,4.9687366062331995
17.607656312239726,3039679.507994759,1.9327521550253082,4.83188038756327
17.982851387372566,3217766.162784323,1.9620857432650927,4.905214358162732
17.80082747016767,3248545.997716503,1.9886611240495895,4.971652810123974
14.591182880701648,1850873.295265506,1.7809926177813367,4.452481544453342
17.742163314897,3087952.3727120124,1.9402489220600891,4.850622305150223
19.0966675322221,3598018.595233095,2.000023718392101,5.000059295980252
18.971612503574775,3668301.7490851264,2.032704093986995,5.081760234967487
18.98855562390347,3614694.151170023,2.0130379393821367,5.032594848455341
16.08032882042172,2345413.9853300974,1.8197583390217063,4.5493958475542655
17.461711188894547,2992461.311810118,1.9311416483724213,4.827854120931054
16.4192681460799,2578126.9114004783,1.873407031278592,4.68351757819648
17.157253492715085,2902439.149589425,1.9240181546715323,4.810045386678831
20.37541907762186,4403471.098295525,2.154254117266553,5.3856352931663825
17.863850077086994,3130945.994578706,1.9419334760027662,4.854833690006916
17.083498526004636,2989621.823718942,1.9615630211775534,4.903907552943883
17.06051130541546,2748351.238034621,1.8784599778121729,4.696149944530432
14.7577204783917,1833738.9009094294,1.7502981152539543,4.375745288134886
20.029355835170183,4118519.612450337,2.0948411368886015,5.237102842221504
16.743375918159842,2728457.133519938,1.8986774373222373,4.746693593305594
19.78934061566493,4097008.092159927,2.1012158320902037,5.253039580225509
17.47771230820334,3057047.9550430058,1.9489564262811447,4.872391065702862
14.150633982446514,1627218.182818194,1.7349264512308291,4.337316128077073
23.60708456923495,5786477.341750016,2.3418517723465966,5.854629430866492
18.767383503710057,3631649.6575117763,2.033870399577155,5.084675998942888
17.906853181226225,3302975.3718104716,1.9980913870356585,4.995228467589146
18.405952503643807,3375414.2334107934,1.9816207116347044,4.954051779086761
18.994028977719935,3594227.767341098,2.009109960517056,5.022774901292641
18.560659802111612,3466629.1793513717,1.9973388129747118,4.9933470324367795
16.008018069590022,2366172.941127087,1.833210380423428,4.58302595105857
18.265101939463378,3136506.5632092776,1.91690387093345,4.792259677333625
16.967724196773105,2739597.2098734025,1.8844058522216045,4.711014630554011
17.517052257039566,2892988.4439186957,1.8901365989822276,4.7253414974555685
17.738715592655584,3137925.6335760914,1.956210967322128,4.89052741830532
20.02902510273985,4272501.966620056,2.138404851089327,5.346012127723318
19.56123337804927,4104010.530153876,2.1216062116049073,5.304015529012268
16.366070956053,2542720.3548439983,1.8661097106499567,4.665274276624892
17.3614578857753,2992099.2467259197,1.9401441531942085,4.850360382985521
18.622137046705166,3549852.4703842634,2.019655781039035,5.049139452597587
18.37416323996188,3349896.0883997157,1.9747674873753787,4.936918718438447
13.145573917896014,1230779.0430365857,1.6790306248785778,4.197576562196445
16.890375197531647,2779823.0826252047,1.9038993124698411,4.759748281174603
14.927040012156056,1927794.436571828,1.771324503178966,4.428311257947415
16.208699863840238,2471108.710092241,1.8565854160906858,4.641463540226715
17.05895536140527,2886818.4059189614,1.9265630477796645,4.816407619449161
18.726586539811564,3454486.5149067165,1.9840605517406917,4.960151379351729
15.412837013083735,2089526.9980796715,1.7874096375064603,4.468524093766151
15.163439049946593,2038860.7461154005,1.7939825822324802,4.484956455581201
16.682563966990948,2668302.0200845227,1.8839326215724852,4.709831553931213
16.26409016130037,2589441.2765553817,1.8928130038706326,4.732032509676581
19.77745935446036,4215258.3904711045,2.137901685518308,5.34475421379577
16.404951318576842,2485190.268392523,1.8437693949479799,4.60942348736995
18.40835498153137,3326751.4462000644,1.96527241742357,4.913181043558925
17.051754095706116,2866742.2424734384,1.9225320897800058,4.806330224450015
20.66642512151622,4543148.522143997,2.175526627757736,5.4388165693943415
15.928249458251042,2279410.0295613874,1.8100987974205263,4.525246993551316
17.848682814620286,3120424.2782795588,1.9401870013521976,4.850467503380495
18.408192223632703,3394541.508704992,1.9883201611103867,4.970800402775967
14.719930962117767,1881929.1173852207,1.7775030127012652,4.443757531753163
19.274442569445505,3763768.4165220074,2.0381845299420127,5.095461324855032
19.67082780554721,4028755.17794556,2.0904766356822897,5.226191589205724
16.835039486488125,2688485.7957002474,1.8774815810778682,4.69370395269467
17.02448801859724,2755803.558954891,1.8818566276673223,4.704641569168306
17.24237347219537,2817028.177283531,1.8889199175805922,4.72229979395148
16.62270641434209,2644249.178027832,1.8808200772773982,4.702050193193496
17.92890220849104,3215607.0586342644,1.9656606149678604,4.9141515374196505
20.10502944944781,4255858.691818907,2.1280871100324887,5.320217775081222
19.17170575176581,3893846.5270347754,2.085936740482492,5.21484185120623
13.37186793871199,1340460.9373563165,1.702843231401212,4.25710807850303
17.619805132706002,3029264.882806697,1.9296638899908423,4.824159724977106
15.935907406338433,2359250.668704792,1.8405736944234423,4.601434236058606
17.86442191318336,3209207.5542536844,1.967975309000984,4.91993827250246
17.485233563138358,2902940.094536122,1.8984138333444465,4.746034583361117
20.966760327574985,4516040.8567516655,2.1510502016713904,5.377625504178476
16.014247530138736,2392067.092299274,1.8439697996546813,4.609924499136703
16.284781494369405,2469533.3270082846,1.847585895195481,4.618964737988703
18.951515718792965,3489791.455147431,1.9799142652526758,4.949785663131689
14.672488219111512,1809599.0293869097,1.7497024574204862,4.374256143551215
16.998991128323105,2725168.982866034,1.8756093275386263,4.689023318846566
18.935618910180672,3458047.1981835198,1.968914861173348,4.92228715293337
15.468596072006523,2257351.1309621874,1.8488373779818013,4.622093444954503
14.667584828834656,1844550.3501839032,1.766119318828258,4.4152982970706445
14.59769616793447,1761105.5048742956,1.7388566656854763,4.347141664213691
20.792284648613645,4262020.632439199,2.0887826877066598,5.221956719266649
19.284169331888236,3806246.384917857,2.052958367200707,5.132395918001767
16.036924997636824,2314229.059533921,1.8133248567753628,4.533312141938407
16.694490049751565,2664835.7073585643,1.882586406566155,4.706466016415387
15.039552798174904,1963476.2755585602,1.7746935893548705,4.436733973387176
17.51933788050628,3106120.9145404417,1.9633342774777662,4.908335693694416
20.765661374824784,4163645.0113358134,2.0642770189664947,5.160692547416237
16.600891595309708,2533203.7003524583,1.8428435252680282,4.607108813170071
16.558480024583268,2596976.829253575,1.86883435775477,4.672085894386925
18.51500000548212,3480241.5514998455,2.006011573670618,5.015028934176546
18.886315757782967,3525066.824987051,1.9949953371456448,4.987488342864112
15.95379653703175,2374247.8294338584,1.8434693985169508,4.6086734962923765
14.179470926202399,1591987.2239585677,1.7137698053616577,4.284424513404144
16.953428953571436,2756026.9705511695,1.8900241444682908,4.725060361170727
18.779775554989463,3363046.763106912,1.9494645814141989,4.873661453535497
17.627298521224755,3087482.2074607415,1.9492596765821997,4.873149191455499
17.03329219310752,2925710.719380417,1.942018977120875,4.855047442802188
14.38128014472868,1639077.6348621147,1.7086885002756544,4.2717212506891356
20.119261036254386,4269736.81483384,2.1304615703042415,5.326153925760604
17.038110572934695,2814750.3403708013,1.9044611584454672,4.761152896113668
19.266651088847887,3657325.6713491604,2.0073417872834867,5.0183544682087176
20.00008759086287,4252627.853609835,2.135367834320118,5.3384195858002945
18.133444566699275,3261821.111000822,1.9661198226673848,4.9152995566684625
16.027498395934714,2431292.9633847848,1.8590762430796937,4.647690607699234
14.652684922304427,1895158.8778324649,1.792148986047142,4.4803724651178545
18.241711795426617,3339727.5427149804,1.9816213829643172,4.954053457410793
16.205977875903542,2301426.0634911004,1.7924003818053325,4.481000954513331
14.513599403438038,1734584.1072226083,1.7377704532759444,4.344426133189861
20.532680038152762,4331973.043751201,2.1249890902784747,5.312472725696186
17.115116733353798,2883339.516859062,1.9220125930515854,4.805031482628964
17.423787853274696,2843910.4746728027,1.8815217430852325,4.703804357713081
24.332957225441397,6168787.495609446,2.402290853418246,6.005727133545615
16.177479699262463,2531070.306822569,1.8802983142657816,4.700745785664454
18.280047742783335,3239340.96304569,1.94861210345996,4.8715302586499
17.206814769523127,2825591.805849041,1.8947314976323422,4.736828744080856
16.57225180324464,2763303.2970172344,1.9287410407062835,4.821852601765709
18.74596865145093,3555674.7231309414,2.013465493186925,5.033663732967313
17.081636045712578,2834730.5048485827,1.9066278141980995,4.766569535495249
16.85251280854896,2666700.4077522354,1.8699273229050857,4.674818307262714
17.587697502034505,2954383.5917700566,1.9046257065543406,4.761564266385852
19.939612137687803,4205564.988378307,2.125883314202672,5.31470828550668
19.20264402781644,3622596.4922304945,2.0026942887463375,5.006735721865844
17.90129803869722,3181616.2113023596,1.9601216121537972,4.900304030384493
17.212075284668703,2855612.1847570986,1.9028701978493214,4.757175494623303
18.989170228635732,3468360.501627839,1.9686946254258062,4.921736563564516
17.99298717927482,3213904.063368205,1.9592001390775233,4.8980003476938085
20.432789069520286,4460279.560230147,2.167521188886106,5.418802972215265
18.607657560178016,3257996.7819910822,1.9303202170428977,4.825800542607244
19.02978345641879,3649005.5185082285,2.0219608022897186,5.054902005724297
15.854630420924277,2345606.1778595913,1.8415357206748586,4.603839301687147
18.591289545748047,3534118.8335786816,2.017246445005826,5.043116112514565
18.455354238727416,3400291.771526144,1.9859857038845852,4.964964259711463
17.874548106704413,3204362.5456574783,1.965833627995773,4.9145840699894325
19.188124818479423,3657664.237586366,2.013851223481404,5.03462805870351
13.329550461981054,1280367.801852868,1.6766122966365757,4.19153074159144
22.88932054977211,5298870.282428784,2.254034428688205,5.6350860717205125
18.356912336295284,3426504.343217996,2.0003912923277283,5.000978230819322
16.761852584865245,2614328.5908663217,1.856559414766476,4.64139853691619
17.63878259717382,3083399.7232361166,1.9460443825473,4.86511095636825
18.404004648992746,3407252.2470236477,1.9917431728317878,4.97935793207947
17.085221309968436,2870609.6602469245,1.9185834430425213,4.7964586076063025
17.87086708735821,3007009.969791799,1.9022623779989316,4.755655944997329
20.46754348013218,4329122.478783596,2.1287560583700897,5.321890145925224
19.503676133079708,4022227.554213225,2.101045137851973,5.252612844629932
18.055574770995285,3208744.5194538077,1.9544372151491922,4.88609303787298
15.662284879809608,2212018.3354591997,1.8092245129985236,4.523061282496309
14.974050122272796,1902196.5808729324,1.7554926392091468,4.388731598022867
17.19111451597517,2956092.2103575487,1.93857771161117,4.846444279027924
14.535679705669203,1782798.7628679657,1.7576899189419701,4.3942247973549255
15.827411345368937,2251777.411205259,1.8089522841140617,4.522380710285154
16.49232219622947,2650793.969188777,1.8938173437756338,4.734543359439084
20.469425445469682,4145788.434551972,2.0750905864192,5.187726466048
17.063906033470456,2876102.156818049,1.9221108180335142,4.805277045083785
20.867515045445884,4601394.071382058,2.1777916889916087,5.444479222479021
19.601072768869287,3837837.3986667637,2.042404732017062,5.106011830042655
19.03830950239538,3638830.39957075,2.0167926960291953,5.041981740072988
18.855156126078132,3770654.004384525,2.07091771183108,5.1772942795776995
20.479179403073978,4294220.564634459,2.1176493668090237,5.294123417022559
15.395308320635026,2188308.0028984174,1.8277898451902188,4.569474612975547
19.46807349459869,3960539.0596274436,2.0868221753334435,5.217055438333609
17.54533266648015,3020322.8267711215,1.9308797217731506,4.8271993044328765
19.386038463513277,3844166.2104912978,2.0582897334343286,5.145724333585822
16.69953873973413,2695166.852807615,1.8899203972246852,4.724800993061713
18.710496423655385,3687622.2220766116,2.0551210567045004,5.13780264176125
17.742483545957466,3179881.5042124484,1.9683798183742351,4.920949545935588
17.445428241534657,3000022.380097502,1.9328483658330835,4.832120914582709
17.40008298026996,3052529.3159817485,1.9557425367250219,4.8893563418125545
19.92276927578025,4100694.205747837,2.09604073788025,5.240101844700625
19.716799114632998,3926187.371697532,2.058932650014025,5.147331625035061
17.081600609198723,2828896.8035138613,1.9046228080201284,4.761557020050321
18.764486223031064,3658029.5499741053,2.0435078901920543,5.108769725480135
20.885575629333886,4502448.047034307,2.151823335633132,5.3795583390828305
18.995749620384238,3633607.186710911,2.0207641994764876,5.051910498691218
16.882392931176526,2791402.5267884694,1.9092099121496082,4.77302478037402
18.010290833898534,3185942.8673436334,1.9488716271831956,4.8721790679579895
20.009523324355904,4360079.359595094,2.1658595684734716,5.414648921183679
13.301020996719082,1258143.0473190509,1.6701281237964267,4.175320309491067
17.821094406337966,3017248.945454197,1.9099289766148504,4.774822441537125
16.38433325236179,2555265.338340737,1.8702396478831078,4.67559911970777
17.21437448089329,2898229.0403885255,1.9176337575304754,4.794084393826188
18.295130641151225,3382333.672180948,1.9929928185254797,4.982482046313699
15.058433529078052,2037940.9173536496,1.8052233537490272,4.513058384372568
18.41546414974422,3384719.2558283797,1.9825687829836562,4.956421957459141
17.393974013499335,3104637.5604215674,1.971642423481497,4.929106058703743
16.992125321608942,2727304.381768327,1.8775191270840603,4.693797817710151
16.39006542787658,2654208.523918367,1.9064234413066135,4.766058603266534
14.865981835375553,1946952.8747588014,1.7873863019480005,4.468465754870001
19.672580679697973,3996188.2741139773,2.082387492229122,5.205968730572805
19.057336503174803,3710953.500589394,2.0393717525915354,5.098429381478839
19.685186952073153,3968332.308409542,2.0750884083566628,5.187721020891657
16.47651608596792,2511754.754017963,1.8449313378844865,4.612328344711216
17.711515774391472,3063144.1982562207,1.9339997575923638,4.834999393980909
16.242009624048958,2373641.2704428453,1.8170903749830083,4.54272593745752
12.478397680133302,940455.0379482796,1.6243972690340032,4.0609931725850075
19.792825681318504,3915814.0733149014,2.0508752178618015,5.1271880446545035
20.016006480026995,4318409.293448751,2.1537060469796008,5.384265117449003
17.067164404928704,2841209.8173371097,1.9114184306422095,4.778546076605524
16.319653959172943,2540515.8803568,1.8719037410717123,4.67975935267928
18.045887505155367,3284596.346255837,1.977874024004403,4.9446850600110075
20.132407013263865,4161691.776486585,2.10089150098213,5.252228752455325
18.636572732959532,3397331.3870111275,1.9708769755112712,4.927192438778178
19.969018897718716,4037394.928066278,2.0765063770975547,5.191265942743888
18.44587661714707,3531759.9373577535,2.0270350743783556,5.067587685945889
16.562246283915872,2663013.3790793056,1.8939551813106563,4.73488795327664
18.823932630024775,3525795.8314930443,1.99690660094162,4.99226650235405
19.15441257638715,3736048.725893001,2.039032015419156,5.09758003854789
17.456190660008986,2917327.5550234457,1.904220738354361,4.760551845885903
18.86866467129067,3744096.580915602,2.0601169627797424,5.150292406949356
20.818233945624144,4426666.447579626,2.1332446556160924,5.333111639040231
17.923087497210965,3212332.1287870603,1.9657176499011446,4.914294124752861
21.661262330907192,4879620.345619163,2.208636381304165,5.521590953260413
19.810478694708998,3992105.790153657,2.0725444761060112,5.181361190265028
15.463239141157302,2047452.9952759454,1.7641275661906302,4.410318915476576
16.032651325650882,2359989.15171807,1.8295059943340897,4.573764985835225
17.19501952626583,2893434.8904557433,1.9181242484944858,4.795310621236214
16.64893458654437,2710903.7067715507,1.902338907993455,4.755847269983637
16.012262357717553,2370580.9402563693,1.8356121724140722,4.589030431035181
16.031530546631778,2450118.778526129,1.8646790999335625,4.661697749833906
17.460462144670473,2972306.4929944174,1.9239294464971748,4.809823616242936
18.588259452329048,3598082.020951188,2.0363805591001447,5.090951397750362
18.67682936047799,3674887.0136217847,2.053704396370185,5.134260990925462
17.46694444524821,2954210.607252001,1.9161578151708276,4.790394537927069
20.021045115389292,4052695.860305164,2.0775689623937454,5.193922405984363
16.531165693292984,2653099.949694854,1.8912028060615074,4.728007015153769
17.004300694323994,2924064.5582839753,1.947203005091726,4.868007512729315
19.074554372556165,3694292.435922376,2.0333525882809425,5.0833814707023555
18.005679922614814,3231809.7939223703,1.9678008984316793,4.919502246079198
19.17704116637633,3824211.9393883236,2.0639826833008557,5.15995670825214
18.280602229477893,3364347.473926002,1.9878495478943958,4.969623869735989
19.151009735236645,3577910.658636217,1.992561921608159,4.981404804020397
17.467616863151147,3114797.2234201226,1.9678589319057394,4.919647329764349
18.50375031734297,3547483.941109335,2.028301922432541,5.070754806081353
19.32755013705978,3891246.8348523993,2.0746244928464472,5.1865612321161185
17.53076094875594,2890839.8722297763,1.8893537846043247,4.723384461510812
15.609202048701398,2239808.5693322234,1.8263697073623493,4.565924268405873
12.046865429630937,732850.2061682614,1.5665272803147376,3.9163182007868436
20.737939229457993,4302968.966555207,2.10535238710729,5.263380967768224
14.836193017327016,1889000.2783319885,1.7682616316308037,4.420654079077009
13.782227681359483,1483500.6847593356,1.7146175669859365,4.286543917464841
17.993357026838485,3125936.2697442705,1.931865150684549,4.829662876711373
20.55872033867896,4346901.132976171,2.12834054345581,5.3208513586395245
17.10245867270992,2836753.1561609134,1.9069415087187083,4.7673537717967704
15.595373940380352,2272254.88926439,1.8403873512427993,4.600968378106998
20.945198836327663,4613385.960966849,2.1786093030561626,5.446523257640407
14.847286138106819,1861455.7929710867,1.753815378315896,4.38453844578974
19.667979250322375,3978850.849796174,2.0768660632879397,5.192165158219849
17.16765599387806,2963501.414685604,1.9453588008025386,4.863397002006346
17.091324715588453,2833168.820152389,1.9054166782542639,4.76354169563566
19.789714341122444,4046492.5161661934,2.0885516327372,5.221379081842999
17.987433178070745,3082720.7911564177,1.9205189033461199,4.8012972583653
20.443145921333162,4340187.740139052,2.1338533903652555,5.334633475913138
18.98930522684377,3623941.0868647853,2.0178184467369373,5.044546116842343
18.920450573483105,3403692.2029736675,1.9544156757516946,4.886039189379237
14.584622058952036,1810690.9977488685,1.761792957598083,4.404482393995208
17.485499795655368,3079493.699155337,1.9557669490115903,4.889417372528976
17.075977956271736,2873976.121624307,1.922412299571851,4.8060307489296274
18.060564382512865,3396529.9630775563,2.016353656405601,5.040884141014002
19.085779540999702,3614715.270715072,2.0065281530312706,5.016320382578177
16.66533170708224,2631357.8227319373,1.871654419977273,4.679136049943183
15.84909185092831,2208089.9683875497,1.7891442783697762,4.472860695924441
19.475189442851626,3914181.9361124393,2.0703335387223936,5.175833846805984
19.712440284206334,4080628.6325721163,2.105215847977288,5.263039619943219
12.446603125156885,903909.3563272813,1.6053739830934157,4.01343495773354
18.97346944706968,3440091.439314842,1.961862238223265,4.904655595558163
17.504711187627574,3128418.2400421146,1.9713951157269216,4.9284877893173045
21.67851161056604,4774322.178923328,2.180428586348898,5.451071465872245
18.50750209951253,3424104.3028608533,1.9883751153596767,4.970937788399191
15.611367168001088,2093663.369559301,1.7696628703854225,4.424157175963557
16.815230145301552,2726255.1518984595,1.892184508847466,4.730461272118665
23.712112690439845,5745922.0894797975,2.3234590750204895,5.808647687551224
18.516212337765523,3243035.1620866153,1.9317446886286422,4.829361721571606
17.59245430363585,3095176.019963336,1.9535718931279666,4.883929732819917
16.21976272172534,2545769.2890911065,1.881273615172125,4.7031840379303125
15.585711523687195,2290908.7161950916,1.8496970699256796,4.624242674814199
18.81140032833035,3696037.2381212646,2.0508726562497213,5.127181640624303
19.098766907958176,3582487.5193040045,1.9970834690826975,4.992708672706744
13.18249478317719,1219398.501764048,1.6643888908496416,4.160972227124104
18.62758802797424,3530135.399295602,2.0127400754689138,5.031850188672284
17.492726528897485,3014073.692316144,1.9335798718488675,4.833949679622169
14.543194228999322,1775313.7370692138,1.7516858049230002,4.379214512307501
20.28979987973427,4090724.6437442056,2.0684309418272844,5.171077354568212
15.135671912320614,1959680.0004648017,1.764475815681641,4.411189539204102
15.987910336399725,2326864.8577889865,1.8217355787364904,4.554338946841225
20.636250733697704,4667345.58225642,2.2106238629246793,5.526559657311698
17.3034820791796,2977747.2069113944,1.9379378638914309,4.844844659728577
16.783519134964962,2734190.993744498,1.8981978916215994,4.745494729053998
16.031295878357078,2305955.2849843604,1.8100486149937243,4.525121537484311
18.554626934895623,3602561.722031229,2.0421047215214023,5.105261803803506
16.52719719766629,2627115.133026204,1.8846540337422069,4.7116350843555175
15.71193655134422,2196368.4648342635,1.7972320444832788,4.493080111208196
16.86440386855963,2782967.8147164164,1.9072025471902445,4.7680063679756115
18.97216129466659,3492488.710264181,1.9782637951003161,4.94565948775079
18.489919199168114,3324938.4456226975,1.9597749258020676,4.899437314505169
18.31911204569323,3372486.655604206,1.9863081392004542,4.9657703480011355
15.177006219158207,2104037.030094185,1.8193058247248866,4.548264561812217
22.346470240911408,5112572.720287399,2.233241179063122,5.583102947657806
18.169863076876446,3400723.3836408295,2.007450543840442,5.018626359601105
15.060069308780522,1980543.620452444,1.7796180112163362,4.449045028040841
19.038149504398195,3636901.3108651396,2.0181430731748264,5.045357682937066
17.04085687657464,2963602.7999514947,1.9547264753763467,4.886816188440867
15.788249243213471,2197537.177045118,1.7922418770632031,4.480604692658008
16.90472896754045,2634730.0727865994,1.8521690539591544,4.630422634897886
20.21622905419138,4081072.937575504,2.073339900033126,5.183349750082815
15.581450722618229,2212173.1010946874,1.8186442088267893,4.546610522066973
15.061253937852204,1989930.793589661,1.783707570652416,4.45926892663104
18.734085405821197,3561045.583062169,2.016399618751532,5.040999046878831
19.26615258466555,3816935.3029654855,2.054713356046032,5.136783390115079
17.58181610720846,3130347.37381522,1.965787120710554,4.914467801776385
15.519101495339637,2309893.6330532804,1.866652931756089,4.6666323293902225
20.042635255738794,4070074.4338001143,2.078379187897281,5.1959479697432025
13.554645729981596,1410993.3031074312,1.7115418981277772,4.2788547453194425
17.729627797731908,3132690.9496921767,1.954014692784886,4.885036731962216
19.250208651743627,3713720.147257887,2.0264744707921256,5.066186176980314
19.972139065665306,4205307.540106833,2.1211649282632097,5.302912320658025
22.768706193244803,5352039.142373632,2.27448719101816,5.6862179775454
21.37835277014821,4841007.971810979,2.2136836877861215,5.534209219465304
19.882102978786452,4075238.7943044696,2.091724234348096,5.229310585870241
20.491343483107414,4428880.08804677,2.154714407786595,5.386786019466488
19.36396265896587,3899667.574796398,2.0737122793952847,5.1842806984882115
18.43410557234202,3229331.7604648024,1.9312173388117284,4.828043347029321
16.93074099963534,2649353.300739292,1.8535965735976856,4.633991433994214
16.26014895608856,2576177.089769992,1.8891892296007868,4.722973074001967
17.584515954919432,2908278.0766830845,1.8903228832243495,4.725807208060874
13.858272674944928,1488854.5472053085,1.7076640067462248,4.269160016865562
16.263279550363443,2356958.3957284316,1.8079090670512739,4.519772667628185
18.100087365269935,3262786.615531261,1.9687676002482855,4.921919000620713
17.25108843410357,2949638.4491320997,1.9333458318196963,4.833364579549241
23.35470023211441,5608756.868372887,2.3089080240044124,5.772270060011031
15.969320173832035,2468666.2184187435,1.8776991953456406,4.6942479883641015
18.226438885167397,3335151.61923407,1.9820629710414044,4.955157427603511
18.869039368156514,3710614.8209558297,2.0507974356647236,5.12699358916181
18.14857037219626,3345049.34111238,1.9883029351170358,4.970757337792589
16.08055713755272,2363063.875833464,1.825160740724907,4.562901851812268
14.808869669007784,1872315.5462612035,1.7633194335356244,4.408298583839061
18.944355658057344,3467232.8918508794,1.9733716441521014,4.933429110380254
16.709950596607293,2807148.5109360674,1.9304731637791053,4.8261829094477635
18.087444163815093,3219085.8027459877,1.9547558632110633,4.886889658027658
15.005042834820802,2061780.1338878674,1.8234197471872449,4.558549367968112
18.984364363743666,3514685.684651903,1.9813290429528483,4.953322607382121
17.70435716950045,3072417.0575371515,1.9368729829532847,4.8421824573832115
18.25694963533926,3317357.616576981,1.9735982666978131,4.933995666744533
16.552751519916264,2559114.1884922935,1.8573241779450897,4.643310444862724
17.968668310970592,3220201.839405246,1.9634877881963209,4.908719470490802
21.108451342169722,4529543.2349064145,2.1432118163160294,5.358029540790074
20.469101599367168,4285344.741393997,2.114163733006665,5.285409332516663
20.041173012228562,4052682.988649071,2.0760096437578586,5.190024109394646
17.887292300912726,3096948.5290711066,1.9309364753278508,4.827341188319627
17.621303544170487,3074856.496459499,1.945115448422638,4.862788621056595
15.280540475061887,2050683.8009280292,1.7852251228819274,4.463062807204818
18.563991637955368,3362237.820641719,1.9656338747824513,4.914084686956128
17.050189852171282,2791449.123054768,1.893200074315881,4.733000185789702
19.582444688068847,3972739.699678072,2.08197791654357,5.204944791358925
19.07978091416762,3642238.8105285736,2.0166741449003265,5.041685362250816
16.024155186932788,2244216.0558582265,1.7876351736948286,4.469087934237072
16.311105290171547,2461096.562943166,1.8446233200429265,4.6115583001073155
16.425570405566425,2564911.2135284813,1.868177107106428,4.67044276776607
18.35392271289391,3295417.5247584656,1.9580961447450884,4.895240361862721
17.02748867125372,2956797.381178798,1.9547059477383926,4.886764869345982
16.51545828944323,2465984.742602228,1.824466315826942,4.5611657895673545
16.874533513001786,2750731.1450112257,1.8943040051085227,4.735760012771307
18.84926864358882,3523501.6695977617,1.9952415203243592,4.988103800810898
18.320847096851956,3169985.9353095824,1.9214458019698184,4.803614504924545
16.811611670216585,2800162.5002786675,1.919652163350836,4.79913040837709
16.511543040883293,2632801.5888884766,1.8875797205955596,4.718949301488899
17.22257366726534,2988467.638396237,1.9492513971355638,4.87312849283891
19.921165151674526,4056710.677818206,2.085160567029175,5.212901417572938
20.417103204453845,4323940.603858956,2.130393723416011,5.325984308540027
20.183144040400624,4222768.529474411,2.1144389592411423,5.286097398102856
18.149282355650875,3130519.104483919,1.9220315579314147,4.805078894828537
18.36547744187589,3327416.8223085813,1.9697764989648818,4.924441247412205
18.844510461657826,3503078.2263817014,1.9896104376628512,4.974026094157128
19.280491929609255,3665460.2014670772,2.007393532654728,5.0184838316368205
18.667626947486248,3580943.7747100377,2.026849235176492,5.06712308794123
16.767652785104524,2780935.2402514275,1.914927754284018,4.7873193857100445
19.816557637150687,3767434.043538183,2.007129823190219,5.017824557975548
17.693620300834567,3175526.739504072,1.973857298715366,4.934643246788415
17.79349746505252,3148381.815750194,1.9534685313038878,4.8836713282597195
17.318389406874356,3091258.0896477997,1.973683788788338,4.934209471970845
17.236628370896987,2943807.8991602473,1.9311614284616365,4.827903571154091
16.552055746111872,2510158.152185266,1.8385448120898418,4.596362030224604
13.86065769688647,1535328.0288241599,1.730263614491544,4.32565903622886
19.84119357641323,4013195.8597719455,2.075294069424593,5.188235173561483
17.65873688829118,3017592.3145130044,1.923231671593902,4.808079178984755
21.584297628942362,4672585.29063018,2.1560597030683755,5.390149257670939
14.59771160361587,1771145.6354307719,1.7431188607709454,4.357797151927363
16.59307862824695,2752323.179918427,1.922016414640238,4.805041036600595
16.69592394136781,2713298.9431930957,1.8994545485710137,4.748636371427534
15.94426395087265,2189142.309033757,1.7713962054445653,4.428490513611414
17.59593549879661,3018510.884659378,1.9285804286273658,4.821451071568414
13.900948018770265,1487842.8948201519,1.699839472979638,4.249598682449095
15.586851482298258,2184325.623089537,1.8084536215040252,4.521134053760063
13.996948827524914,1515436.6614739029,1.699233759351947,4.248084398379868
13.450204478773632,1332209.3788031843,1.6870498035446935,4.217624508861734
15.372958828915895,2167729.437530379,1.823546924763297,4.558867311908243
15.948020649748674,2381868.926686763,1.84644508623211,4.616112715580275
15.488421546593333,2262877.127506448,1.8492742155160304,4.623185538790076
20.08953749002027,4189683.6131791268,2.1111489612096825,5.2778724030242055
18.667032450420095,3550136.8258183403,2.015493281428622,5.038733203571555
18.15650435288665,3161916.1959131565,1.9308665162291079,4.82716629057277
14.827072383636942,1941815.443268164,1.7906889374749186,4.476722343687297
19.037887088996584,3556893.8007162698,1.9948927272131152,4.987231818032788
18.702237240871856,3482823.9504595427,1.9932562997576964,4.983140749394241
16.228191937220735,2489038.963470841,1.8588305633016355,4.6470764082540885
17.230882570441608,2850080.0364271123,1.8987352825710475,4.7468382064276184
18.11689738833291,3217234.373371492,1.9511185504596256,4.877796376149064
16.73242443708911,2694934.49381683,1.8901281236403487,4.725320309100872
19.664630362161063,4202581.544379612,2.144167665393073,5.360419163482683
19.55420014906015,3767630.0010013897,2.0227670544592913,5.056917636148228
13.186286208062437,1181145.8384864116,1.6450068035707082,4.11251700892677
17.589112962599906,3052401.027581943,1.9380271274184186,4.845067818546046
18.65614560698079,3640593.26189927,2.045262110737959,5.113155276844897
18.14974662323965,3304955.642492043,1.97773569782044,4.9443392445511
13.478593596687949,1325811.8268776294,1.6779738616076567,4.194934654019142
15.838574248029879,2368506.7722944906,1.8520335557716918,4.630083889429229
22.07516478473639,4613454.430764799,2.1172910706615684,5.29322767665392
17.243596645204452,2668551.5927460184,1.8382181979066736,4.595545494766684
16.72765378148895,2616194.6788442684,1.8608981010457815,4.6522452526144535
18.53405738953049,3519736.992232845,2.015766837362194,5.0394170934054845
17.471331599680305,3089030.2022488723,1.9608627021322935,4.902156755330734
18.15749452956943,3348533.8372630663,1.993633118522182,4.984082796305455
21.063962214774357,4419987.135616784,2.1185313847666225,5.2963284619165565
17.07507323069677,2875248.8813187256,1.9210701101876981,4.802675275469245
15.692887995897031,2173860.1721579824,1.7929320379661602,4.4823300949154
17.615844019675464,3134534.294890999,1.9623058137290887,4.905764534322722
15.442800279198575,2182993.7717251377,1.82115551343512,4.5528887835878
16.478995768655192,2550553.334792911,1.8600360592410226,4.6500901481025565
18.75406194847877,3458141.805145194,1.9822123325979877,4.955530831494969
19.350008347480706,3842727.5675713643,2.0592507639914017,5.1481269099785045
17.168472335511442,2853554.714848739,1.9067332976544364,4.766833244136091
19.548030397321646,3861237.122348263,2.051424632426022,5.128561581065055
17.3740047397124,2996423.671675844,1.9360255728573046,4.840063932143262
16.299103213839672,2461769.447563108,1.8426905270765972,4.606726317691493
19.68189473284916,3953296.75715876,2.0678688001425587,5.169672000356397
16.233241506702623,2555905.9737731246,1.8849856614289648,4.712464153572412
21.012493206174753,4576786.186419162,2.163510166243675,5.408775415609188
16.00044396524538,2355316.388328092,1.8304503576605327,4.576125894151332
19.033361842678143,3900543.221766549,2.0973374963621096,5.243343740905274
17.300575934938855,2981418.536332746,1.9403196916947003,4.850799229236751
16.743885586095853,2609664.6452485984,1.856040586177075,4.640101465442687
18.76481986143712,3567833.320981431,2.0132508202781647,5.033127050695412
17.51753123584976,3048524.3458569944,1.944245009347196,4.8606125233679895
17.748144873186344,2985871.0603343043,1.9041453343647077,4.760363335911769
15.318949399163383,2073910.176394472,1.7909749037690357,4.477437259422589
13.626058462240787,1379664.6794546656,1.6834036127282441,4.20850903182061
19.053610728290437,3623933.598162189,2.014425838344381,5.036064595860952
16.886880694575666,2801518.075665066,1.9104811497991734,4.776202874497933
19.93354393977256,4063540.011126885,2.0837484791699374,5.209371197924844
17.978605721247497,3137181.3393182177,1.9369765174141529,4.842441293535383
16.944208786647575,2788839.504765221,1.903052621731665,4.757631554329162
17.439327618820343,2930167.658251467,1.9090765044907878,4.77269126122697
17.071022671707013,2800540.0889426935,1.8954823772229068,4.738705943057267
18.0441715540703,3243380.21945451,1.9666397277731082,4.916599319432771
17.989595583821185,3096942.775331746,1.9226821780812524,4.806705445203131
16.34325672083994,2547735.671842288,1.8709866507589215,4.677466626897304
17.67710723404967,3102803.9859495927,1.9506841389547604,4.876710347386902
16.40808231321753,2556672.345500569,1.8684100204340086,4.671025051085021
18.749511653453933,3458057.918763792,1.982768141637029,4.956920354092573
19.058867558316205,3745943.065752144,2.0484781957542135,5.121195489385534
16.270173285455968,2469095.981358041,1.8475308611717485,4.618827152929371
15.608836030153217,2095162.0101981433,1.7673937243206501,4.418484310801626
17.294684064024768,2914935.217342926,1.9186670502570924,4.796667625642731
15.46782382995826,2051676.2673041504,1.7648104693359268,4.412026173339817
13.367724093507505,1256332.8259257944,1.6566772850919247,4.141693212729812
15.62557571051071,2182248.026789978,1.801794750981932,4.50448687745483
17.179089635735313,2966210.0058681825,1.9459800155997775,4.864950038999444
16.88755813665872,2585678.7383531807,1.8365928682211372,4.591482170552843
20.750047407786234,4557536.893570656,2.1755864314905926,5.438966078726482
17.600592418319614,3070729.9752099654,1.9452339614122975,4.863084903530744
16.85180710696912,2766439.5920545934,1.9044459029453147,4.761114757363287
17.05769733148199,2779214.0976041993,1.8914727625743348,4.728681906435837
18.017930268309268,3232881.767489532,1.9626537726395437,4.906634431598858
17.27015441489188,2936002.545304738,1.9249156777239136,4.812289194309784
16.653057416500804,2594316.9820269533,1.8578738505689703,4.644684626422426
18.204748596604215,3389187.844469066,2.0008358721435404,5.002089680358852
19.328047040142437,3886540.366362652,2.0736615318149973,5.184153829537493
19.329202395954304,3786324.7392750178,2.041610956915387,5.104027392288467
17.082817888530567,2851381.6951640183,1.912054081198644,4.780135202996609
16.3604316917477,2555937.9000791386,1.8730402807098847,4.682600701774711
13.71688381321654,1405234.8501988277,1.682754096516623,4.206885241291557
17.850132837594202,3269613.3021784304,1.9894616249969672,4.973654062492418
17.05649180617248,2758856.4482942224,1.883063822609017,4.707659556522543
17.18177002552068,2765675.991470458,1.8751023610152842,4.68775590253821
16.58945280020867,2517676.633075319,1.8351817576322005,4.5879543940805005
19.137082401294858,3707321.824911751,2.031966892617609,5.079917231544022
19.709777166541386,3828612.082558903,2.0299413199063143,5.074853299765786
18.440796997331187,3297682.7010755027,1.9543523858568135,4.885880964642034
14.772979186847923,1941851.1699962346,1.798712059203618,4.496780148009045
17.444520284033448,2986302.582554112,1.927138809521532,4.8178470238038305
18.488117334641284,3423075.0682855994,1.9899619746035662,4.974904936508915
17.567598066863365,3092593.460632666,1.9536594094392676,4.884148523598169
16.67830592929689,2670435.201215513,1.8827346848579019,4.706836712144755
17.29929358124518,3057389.0495354896,1.9646275259738184,4.9115688149345464
18.652465177119893,3428530.5407119747,1.9795192227692302,4.948798056923075
19.14001739480944,3629039.4200919867,2.0079743324992343,5.019935831248087
18.116386830669917,3063611.9309699694,1.9047694920890899,4.761923730222724
15.708325925259015,2199790.080526402,1.8012090541308097,4.503022635327024
19.32952702077284,3770445.9041247927,2.0369603963227148,5.092400990806786
16.677822580562342,2635765.1202571737,1.8715596785269923,4.678899196317481
17.360500303732106,2804657.5433375426,1.8722244469146714,4.680561117286679
17.732865600517854,3073789.7180782063,1.933357834657903,4.833394586644758
18.148638321611443,3289781.185347886,1.9724296684247251,4.9310741710618125
14.810189511678495,1845492.4084807234,1.7501059226780242,4.375264806695061
19.701839686358525,3764206.330770375,2.0113864790300386,5.028466197575097
19.690281750918672,4087247.4740166543,2.1083712745775363,5.27092818644384
17.399799489297596,2933288.0432327343,1.9162356123480153,4.790589030870038
17.30526677156641,2886319.4216775177,1.9065726518353134,4.766431629588284
18.652318235963715,3657979.5687487638,2.0524304684939736,5.131076171234933
16.117876743459792,2351231.744646378,1.8184958236722764,4.546239559180691
18.742940211015167,3542243.3287798595,2.008279571319691,5.020698928299228
16.208963727643244,2406404.6547695147,1.8313630861744474,4.578407715436119
16.345218822074848,2501498.5632211026,1.8526733930237078,4.631683482559269
17.256401732372105,2829615.472062135,1.8914815138563432,4.728703784640858
16.728402529463548,2778199.313900686,1.918048087254297,4.795120218135742
17.149597559134122,2859711.4147799015,1.9103807678657883,4.775951919664471
16.226134375258372,2567608.164317442,1.8905741920465704,4.726435480116426
17.84957255548094,3165615.137573476,1.9552495609513738,4.888123902378434
18.951518907885067,3712874.235622866,2.047071194964396,5.117677987410991
17.907203690342044,3204028.125568986,1.9638329025422239,4.909582256355559
16.30976920930287,2553630.995496357,1.8745902755817079,4.686475688954269
19.773955091821982,4086811.2171142483,2.100043747248245,5.250109368120612
17.763899690654906,3216029.7838641303,1.9782911080667132,4.9457277701667826
18.381384734788497,3314622.9379257383,1.9644292284407265,4.911073071101817
16.351963654290703,2598873.501316361,1.888805298094232,4.72201324523558
16.053467425891622,2297106.729964898,1.8041615929957502,4.510403982489375
19.27930301755798,3717451.085682567,2.0238456996253915,5.059614249063479
19.251259947693434,3886210.2906663734,2.07731252310243,5.193281307756075
17.396405647669,3021894.679107421,1.9456085936818401,4.864021484204601
15.708410066793377,2280218.965706667,1.8300742017121614,4.5751855042804035
17.132832319674506,2867954.652269684,1.9126746946609237,4.7816867366523095
18.03319193956565,3232627.3069129717,1.9631953958780402,4.9079884896951
17.177205761167546,2912495.217696241,1.924469811697207,4.811174529243018
18.830883082608896,3517298.0397733683,1.9945421224904076,4.986355306226018
14.998798475318221,2027048.298328163,1.8065017418839637,4.516254354709909
17.492032857603924,3034771.723694086,1.9408392209136396,4.8520980522840995
16.790976833408422,2721441.8472558986,1.892701993392285,4.731754983480712
19.89421741141961,4007037.621543291,2.070214841822334,5.175537104555835
19.619519050135303,3841432.47666014,2.0410304209505146,5.102576052376286
17.194098661905755,2740843.939181068,1.8656140732670705,4.664035183167677
14.364832046779652,1773218.8110089684,1.7762530982485019,4.440632745621254
19.193463923694164,3867856.642308928,2.0769663646067236,5.192415911516809
18.871981668070468,3654043.0673349565,2.033367378851745,5.083418447129362
17.0109921376544,2920862.8813301763,1.9401657501889236,4.850414375472309
16.75918390335278,2676753.613604013,1.8777006447457656,4.694251611864415
19.977601903144794,4015146.8394077057,2.067202000039345,5.168005000098363
18.39125667170929,3606488.129782323,2.0553641528126216,5.138410382031554
17.227061794283593,2838230.771337469,1.897931265293029,4.744828163232572
18.05800173005587,3128302.0674226433,1.9277668911680688,4.819417227920171
19.89740322563005,3934182.090516316,2.048715212751682,5.1217880318792055
16.669413578879187,2709485.62883922,1.9004442665758978,4.751110666439745
19.12403986266995,3590120.26427304,1.9992496064413667,4.998124016103417
18.421178052332255,3450204.531705289,2.0037887559256955,5.009471889814239
15.86533021557659,2414987.6007823907,1.8683875065065958,4.67096876626649
16.94654484813767,2845033.780745605,1.9221421695376624,4.805355423844156
15.970468485126354,2418340.18932487,1.8558308886401527,4.639577221600382
18.45015754563559,3426633.7520659026,1.9953501028959002,4.98837525723975
19.406587121389297,3809269.163993813,2.044095216093903,5.1102380402347585
18.849650701177325,3500290.5844991943,1.9884768544548388,4.971192136137097
16.20614792951882,2460414.7229688903,1.8531239248874956,4.632809812218739
18.467232951190482,3433037.832296472,1.9981757478691644,4.995439369672911
20.262819325612426,4373096.572467307,2.152464259580933,5.381160648952332
20.57897447296679,4279974.176485407,2.106734189492454,5.266835473731135
15.342739207208279,2222338.0846133856,1.8491816854162193,4.622954213540548
13.75544199403107,1416492.904966293,1.6832661696887803,4.208165424221951
21.162533010251238,4860083.73977064,2.233676807751435,5.5841920193785874
18.045624853756603,3139724.0345876114,1.9325727053913824,4.831431763478456
19.974416108566807,4236062.489874292,2.130737473174534,5.326843682936334
16.650244746616917,2495369.356763741,1.8265668529002153,4.566417132250538
17.14145017706088,2873195.697761181,1.9148317068186582,4.7870792670466455
19.35349203971166,3866749.2973477617,2.0655174832075853,5.1637937080189635
21.403025602142357,4549664.345663929,2.135149659631779,5.337874149079448
14.148001642524344,1589484.5360102663,1.7175310422472776,4.293827605618193
19.64641803858409,4091842.9407072514,2.1116540010868787,5.279135002717196
18.758728485403296,3550276.2761148913,2.0081069360176906,5.020267340044227
14.589958345420872,1732719.46238246,1.7278779602274048,4.319694900568512
17.81583217464455,3258886.6958191413,1.9896355485227943,4.974088871306986
19.58261990857604,3946984.975826215,2.0731833159018107,5.182958289754527
17.738848662326845,3060067.840686368,1.9304059203608754,4.826014800902189
16.19262732423539,2540475.3076285943,1.8844603899749242,4.71115097493731
15.272629378982217,2096506.1062239679,1.8057461468571823,4.514365367142956
16.64994689157926,2558655.29463928,1.848040771844814,4.620101929612035
18.94135507566159,3769300.12438853,2.061897305979998,5.154743264949994
18.489910963321577,3502048.9935364984,2.0152787648445085,5.038196912111271
19.685161968985334,3922246.462822414,2.06080577387703,5.152014434692575
15.538396342222871,2227439.361514814,1.8302177757941303,4.575544439485325
17.461871113156803,3037761.119966097,1.9434863433193796,4.858715858298448
16.68486702958174,2609028.748286849,1.8627580128854986,4.656895032213747
14.36101847760951,1681429.419335327,1.7335107983389058,4.3337769958472645
19.62184858430014,3938061.919033451,2.069598274836906,5.173995687092265
19.562331586984527,3901831.020559755,2.063059861727177,5.157649654317942
16.18947712418062,2413064.2928105984,1.8329298447218145,4.582324611804537
17.37464932978281,2939048.7914979476,1.9169740506378137,4.792435126594534
18.121298238995553,3389343.1683888985,2.007909866881232,5.01977466720308
17.669209695324327,3220247.761377776,1.988386683286929,4.970966708217323
18.83792178844854,3547484.567422515,2.0041444271929243,5.01036106798231
16.342310633228575,2622189.1985494066,1.897787664446556,4.744469161116391
19.403086200100027,3831367.837516632,2.050151391472392,5.12537847868098
16.11278863175054,2358214.8970792517,1.8231993371617734,4.557998342904433
18.744623170855014,3631109.862772939,2.0363746277384873,5.090936569346218
19.105583490780553,3612169.4357308345,2.0071575789784464,5.017893947446116
19.111635732612363,3956718.5601567915,2.1108237412461297,5.277059353115323
14.651296411251069,1900857.6806319691,1.7936734251918733,4.484183562979683
16.05296938720111,2223090.557409675,1.7772084942176305,4.443021235544077
18.282820103785212,3215552.9414848993,1.9397418675969917,4.849354668992479
17.935014810523974,3276614.753165447,1.9858171578662447,4.964542894665612
14.840616697811138,1897382.6702685608,1.7698943849199285,4.424735962299821
19.137702966038383,3638972.316120131,2.013295432065606,5.0332385801640145
14.753752466673319,1892962.9832224818,1.7789418221706434,4.447354555426609
13.621222638565067,1432454.8892423594,1.7115997345895007,4.278999336473752
17.72244683342916,3043630.358286335,1.9263712899629404,4.815928224907351
19.54464744924891,3852906.864208786,2.0494787994203514,5.123696998550878
18.85367415966339,3591689.929856388,2.0178881715491688,5.044720428872922
19.33592549413028,3729733.4197949367,2.02666854392488,5.0666713598122
17.45171195797004,3033462.9942858266,1.944153716005567,4.860384290013918
16.273858560543818,2525527.8594426177,1.8695049016356575,4.6737622540891435
19.484944338799526,3954947.834414657,2.080949831680264,5.20237457920066
17.527351220376787,3006810.1409917446,1.9297064342500694,4.824266085625173
16.524811927153227,2716090.432818424,1.914880864682807,4.787202161707018
19.871061373552166,4031200.955569949,2.0801892969994635,5.200473242498658
17.04078877644253,2836496.8773225574,1.9110034521418828,4.777508630354707
15.595538481107107,2257240.505848257,1.8355854378193748,4.588963594548437
16.07847882570732,2379052.2951457594,1.8317690503882378,4.579422625970595
16.945040383577048,2845865.3656965066,1.9208571768276654,4.802142942069164
16.545230004449053,2571469.819091768,1.8620528702563963,4.655132175640992
18.388928842262754,3331401.8771172073,1.9691702973858383,4.922925743464596
21.524271682462313,4768083.034222502,2.186650053059086,5.4666251326477155
18.624271789360634,3652784.9965992393,2.053818240213255,5.134545600533138
17.683052591846238,3121585.3723944575,1.9537099449613042,4.88427486240326
17.300396851930856,2897551.780663456,1.910356632937025,4.775891582342562
16.598441925193953,2657623.001446441,1.8879030438307647,4.719757609576912
18.065962508877288,3223555.034937597,1.9564450680894003,4.8911126702235
21.725346413426294,4694461.21652168,2.1543997865835682,5.38599946645892
17.716347342829586,3055996.105967733,1.9302815643689282,4.8257039109223205
14.985912228775323,1973098.1353068743,1.786417410187652,4.4660435254691295
20.046303202826564,3861479.5019921204,2.020792927989387,5.051982319973467
18.953832816239146,3522667.94712801,1.989255086095936,4.97313771523984
17.961725987144806,3268373.153338859,1.9827499618196438,4.956874904549109
18.6117244278472,3539515.3281842787,2.0178690417459504,5.044672604364876
16.13615865693845,2329410.8701866297,1.8088004909528415,4.522001227382104
16.42980352092971,2519743.6710607717,1.8522150741666141,4.630537685416535
13.501653950139136,1366993.157296977,1.696617509000545,4.2415437725013625
16.73053687332271,2591675.1600718657,1.8545187457889498,4.636296864472374
19.09823803251818,3685711.102312685,2.0267428215808674,5.066857053952169
17.437549742366777,2878462.4099596133,1.8927394351749975,4.731848587937494
18.297966394962305,3251325.1550006205,1.9492808344306398,4.8732020860766
17.583159813831628,3002675.8903781977,1.9234531588659276,4.808632897164819
17.672054310488416,2930324.9744692706,1.8930718565918938,4.732679641479734
19.880253688880913,3973164.6516747028,2.0602978960069267,5.150744740017316
17.747966558558304,3207493.945581287,1.9798650672155595,4.949662668038899
18.575600619076017,3526109.6653603455,2.016134898621722,5.040337246554305
19.818896711624134,4128885.8594109295,2.1102747186388293,5.275686796597072
18.038994846323764,3256895.203488379,1.9707306695355284,4.926826673838821
16.629800690404963,2484121.681968949,1.8212410466345694,4.553102616586424
20.571211893967,4446838.997012926,2.153245651821086,5.383114129552715
14.320885228663393,1717863.4164084997,1.7546548425745678,4.386637106436419
17.537454580735922,3000637.0161363157,1.9266673946489696,4.816668486622424
17.490897456827923,2930587.2622424588,1.9053119685132716,4.7632799212831785
19.910866394272887,4119571.2901903186,2.105073774839446,5.262684437098615
19.574773737007845,3980451.232660667,2.083340288973064,5.20835072243266
14.247882548891466,1592136.5529743452,1.7042923935540781,4.260730983885195
16.83127606607602,2675519.1334699113,1.873783215033047,4.684458037582617
18.545405870470667,3278759.604255302,1.9420092440874364,4.855023110218591
19.39865184014,3812837.083197197,2.0467692357521354,5.116923089380339
20.024328348064955,3912658.95604626,2.035874080272132,5.0896852006803295
19.321786415675145,3907596.3912520334,2.079096858404059,5.197742146010148
14.259554517143137,1624490.6392831495,1.7173127273488231,4.293281818372058
17.29902223676396,2996120.6495942455,1.9411138467599254,4.852784616899814
18.18995995163737,3356960.2315575154,1.9922353932671149,4.980588483167788
15.647596721576207,2199455.922626446,1.8060102440911658,4.515025610227914
17.33748601449241,2765296.5967972716,1.862663379313899,4.656658448284747
18.459461016513657,3523828.7450776966,2.02289342519479,5.0572335629869745
16.68486890695684,2663000.6698543355,1.8793506883564697,4.698376720891174
21.60252664597857,4879497.951699908,2.2134650283049284,5.5336625707623215
18.5291127928382,3274700.3546927283,1.9401071342389256,4.850267835597314
14.837708102125902,1848218.6963059548,1.7477976575422753,4.369494143855688
18.127064403136963,3310952.5016288413,1.9817846947538973,4.954461736884743
18.751898722365734,3558809.655017443,2.0144794300000863,5.036198575000215
15.238080758004102,2006121.8828730313,1.7709773346869733,4.427443336717434
20.169764082281993,4067905.0002959818,2.071245719391451,5.1781142984786275
18.67611067333028,3697996.295621519,2.0621065839316244,5.155266459829061
20.07529659773035,4213404.21639985,2.120304733121082,5.3007618328027055
19.27083870624675,3860742.533310253,2.0671934098084455,5.167983524521113
18.02015072101146,3179172.1564134844,1.9471199728946422,4.867799932236605
18.965256491366155,3592631.5637399824,2.0101225974602666,5.025306493650667
16.630839258573715,2637464.3035659343,1.8775597599502656,4.693899399875664
16.679867842638664,2713832.6237835325,1.9006113124567032,4.751528281141758
13.665744517232747,1441270.1568956552,1.7107647255536946,4.276911813884237
19.119461735795575,3765517.079928091,2.050889373793085,5.127223434482712
16.533807153839785,2585175.9236188773,1.8675959035693177,4.668989758923294
16.530270270240432,2575642.05968046,1.864892529721589,4.662231324303972
18.7987812453402,3569712.818215319,2.0120827708713382,5.030206927178345
17.530738439435556,2986272.6797060864,1.919836794274676,4.79959198568669
16.866698360154665,2802506.6785124335,1.9135495283257276,4.7838738208143194
15.529569472478876,2123556.672549771,1.7878462911829438,4.469615727957359
16.60226931502786,2540369.7067251494,1.8444840800092406,4.611210200023102
18.694591174435082,3455336.348107648,1.9842994329846633,4.960748582461658
20.619674046838465,4486465.018865599,2.1615760277205123,5.403940069301281
16.699146497280392,2563976.6330459137,1.8454178922107025,4.6135447305267565
15.333021277345837,2014527.7570872502,1.7652034038808715,4.413008509702179
19.061573268258037,3640649.872829345,2.017714172404355,5.044285431010887
14.195964840509113,1613536.2890730966,1.7214747108249637,4.30368677706241
16.039516579252755,2465277.6788670607,1.8695678601063044,4.673919650265761
19.706512603812023,3754391.6245342204,2.008159383393833,5.020398458484582
20.622198456297692,4334493.491434946,2.119993946216395,5.299984865540988
17.08163862540748,2808287.7826892976,1.897762475319128,4.74440618829782
19.643425049910523,3956773.141841721,2.0746316694668185,5.186579173667046
15.931432631917719,2341624.273011457,1.8325945109152257,4.5814862772880645
15.869220751706914,2352396.4180761427,1.8431907861690258,4.607976965422564
18.0310817231746,3116402.0078609,1.9260701210566067,4.815175302641516
19.720223052649445,3917443.4567095246,2.0568020745281754,5.142005186320439
20.046029500218765,4265448.704585977,2.1359421472123694,5.339855368030923
16.33361992395819,2492573.82480649,1.8537783068052276,4.634445767013069
18.26092433123381,3304208.4949874813,1.9674942422963866,4.918735605740967
18.205651251231856,3310138.0125296507,1.9761646625310614,4.940411656327654
19.047804350665466,3542850.655900591,1.990281259537176,4.97570314884294
20.62349519473079,4187271.9007480685,2.0791142755290686,5.1977856888226714
18.28392467934141,3570175.5186624005,2.050970593736169,5.127426484340423
16.665927951709936,2585900.4014078723,1.8532728789947752,4.6331821974869385
17.129929067887616,2845901.083138165,1.9080352936125704,4.770088234031426
19.95111399888858,4109357.141978507,2.0947081303080233,5.236770325770058
18.529668709057077,3365912.439527143,1.9695447076495278,4.923861769123819
16.326943406733108,2492751.491937641,1.8507875317830584,4.626968829457646
16.109559524038918,2485372.1789883915,1.8700551739817315,4.6751379349543285
16.61984150473954,2649324.9236173313,1.8811931015218464,4.702982753804616
15.049097999796036,1968723.3438594006,1.778435263252575,4.446088158131437
19.22665072138814,3639604.359776226,2.0047174532941003,5.011793633235251
16.79559877940937,2664364.8903615437,1.8719694420296098,4.679923605074024
20.492287051099446,4245214.583347409,2.102410338436313,5.2560258460907825
20.601838851704034,4191655.216979825,2.0811346347189352,5.202836586797338
21.59991984655576,4864268.871565366,2.209105448730322,5.522763621825805
20.76184563699286,4200902.147457006,2.070721434636818,5.176803586592045
19.00744346819434,3910927.954185704,2.102518194679568,5.25629548669892
16.52364527574852,2566498.6847817088,1.8623677139074937,4.655919284768735
17.635225586916615,2972179.435252078,1.9095586558405813,4.773896639601453
18.18946528573495,3319619.622780836,1.9780653147504341,4.9451632868760855
16.73444921067484,2776466.735487259,1.9167976502929234,4.791994125732308
17.407089986690472,3019395.166135203,1.9421710812250905,4.855427703062726
18.40107764690886,3389494.4846915808,1.987206328615269,4.968015821538173
20.00478474970986,3989150.7413457986,2.0585200779457984,5.146300194864495
19.582067723847473,3878880.390262301,2.053653998619761,5.1341349965494025
21.07567504439285,4711700.95453031,2.1976650086112914,5.494162521528228
13.892896100662888,1454427.6323495926,1.6837755053259593,4.209438763314898
18.62718141380384,3397164.0041410252,1.9722333380149408,4.930583345037353
16.64828022582703,2648244.6106368527,1.8807261591050939,4.701815397762735
17.09429202263617,2876458.355126324,1.9216365220353977,4.804091305088494
18.431519514012873,3303669.2125808094,1.9590735473015286,4.8976838682538215
16.932334782493896,2757210.81693587,1.8931886743957576,4.732971685989393
18.151832255531186,3418398.0871678386,2.015520720010727,5.0388018000268175
21.986706464395,5192096.293066872,2.2726444260835064,5.681611065208765
19.533898818320928,3930858.3728179885,2.071896501907877,5.179741254769693
20.16393073226068,4388756.491931021,2.1637099803916686,5.409274950979172
17.885123965894213,3324269.698494496,2.004894411080861,5.012236027702152
17.225296040735707,2848680.9459137283,1.900741893463855,4.751854733659637
14.221881066732568,1605134.8182075405,1.712979780828753,4.282449452071883
16.98037638707155,2844235.1175748454,1.919701186819325,4.799252967048313
17.415386836704606,2980928.5292519107,1.9289769958327097,4.822442489581774
22.394666444228363,5220791.873054678,2.26171900125697,5.654297503142424
17.78413960054055,2972529.6834140792,1.8996178102221244,4.749044525555311
17.305826220357588,2922830.191319783,1.9194492005654573,4.7986230014136435
17.38704936719122,2970062.411241576,1.9271588543388896,4.817897135847224
16.5924491954653,2651588.465786325,1.8844679371008386,4.711169842752096
20.55874848316337,4189512.4895709567,2.083677139302396,5.20919284825599
17.860975482704198,3129580.4993885895,1.9425930945737264,4.856482736434316
17.411748766595547,2876291.294296407,1.8962609469086158,4.74065236727154
18.426480692316073,3309345.3205438275,1.9596311815324914,4.899077953831228
19.59761976883152,3797595.434209617,2.0301906625004262,5.075476656251065
17.999938411342864,3245353.962036337,1.9711540160352004,4.927885040088001
17.80363403477423,3127469.1495141927,1.945533122811382,4.863832807028455
15.749198104331041,2171055.8790529147,1.7857893118186619,4.464473279546655
18.619759114733924,3314678.9873531666,1.948573302261027,4.871433255652567
19.19569008938431,3848676.7933158465,2.0710887573274688,5.1777218933186715
18.57518084168195,3572086.4212675383,2.0299889860462383,5.074972465115596
19.653960536540694,3942267.067166034,2.068563065520528,5.17140766380132
17.14350796168407,2727025.8994220514,1.864605705743909,4.661514264359772
19.257707087148756,3752220.9626684412,2.0389734772370782,5.097433693092695
18.92612101649287,3594824.8944956996,2.0128683483169882,5.032170870792471
16.001325627016172,2283787.1949130353,1.8035285923433617,4.508821480858404
19.12437310357018,3643086.9500863655,2.014789792345421,5.036974480863553
19.467361625320436,3811971.3022682425,2.042453004738909,5.106132511847273
18.065605523963725,3186869.1404843554,1.9453065813185513,4.863266453296378
16.083217502316582,2328410.7552548405,1.8125862814927562,4.53146570373189
19.331755135945915,3831514.5895195603,2.0546444832205975,5.136611208051493
18.88109579523627,3572567.41121676,2.008403791186329,5.021009477965823
15.759755447030411,2337899.9112711297,1.8514069278112166,4.628517319528042
15.78219148346287,2323512.746041457,1.8431409081477501,4.607852270369375
15.919884264065253,2336601.180428896,1.8343178959915247,4.5857947399788115
17.833261182889103,3361693.061184535,2.018372384264427,5.045930960661067
20.50236790953086,4068790.75032024,2.053118815768479,5.132797039421197
16.897905852077244,2848860.8493447546,1.928568988229777,4.821422470574443
14.42480414582905,1716575.5125694862,1.7398822878880087,4.3497057197200215
17.14531755279434,2929621.685052732,1.9341460724052921,4.8353651810132305
21.567478956233742,4866608.865355489,2.2116251111950374,5.529062777987594
15.38194601587406,2128474.4081108617,1.8056419954936616,4.514104988734154
17.415430595264226,2802257.9824984754,1.8697817486630801,4.6744543716577
15.20582647030444,2067334.734150541,1.7999390748528425,4.499847687132106
19.1854565096931,3846764.2624280946,2.0723160150820417,5.180790037705104
21.739661403761644,4928937.524897761,2.216345491957401,5.540863729893502
18.903399023184875,3662235.5369185256,2.0344902881723455,5.086225720430864
20.281343092122974,4302094.939128978,2.129898073995132,5.32474518498783
17.497545056568665,3011096.31775075,1.9336579055926788,4.834144763981697
18.2000952952019,3457809.5053866087,2.0222228792358705,5.0555571980896765
19.95207809118462,4053943.9111085637,2.0819906492882625,5.204976623220656
15.958342772188105,2394686.802359892,1.8521445963793837,4.630361490948459
19.79268843808919,4141955.309037512,2.118321249446335,5.295803123615838
19.494634686029187,3801140.2625273783,2.0358080120472,5.089520030118
16.084009821314748,2344329.337951528,1.8202404139119144,4.5506010347797865
15.654519308309478,2193425.2072302196,1.8025573957019991,4.506393489254998
19.528729131536117,3962211.055506439,2.081924403673182,5.204811009182954
19.416823440288123,3889218.6808299785,2.0671619054314174,5.167904763578544
16.27902245861288,2459275.349571188,1.8448868093140658,4.612217023285164
15.828822624077631,2243974.5699166423,1.8042662247140653,4.510665561785164
16.865481239616397,2762881.8148196097,1.901355214811407,4.753388037028517
18.627913767963932,3540327.9318309976,2.0152885539143046,5.038221384785762
16.29288717053661,2484695.759920505,1.852417798601178,4.631044496502945
19.644733348569666,4078119.18569158,2.1099047239288464,5.274761809822116
20.061733953669236,3925033.9639025573,2.036284886860302,5.090712217150754
18.417935487177562,3445305.181110465,2.0013100692994112,5.003275173248529
18.107578248592702,3273150.160252951,1.9705161141579055,4.926290285394764
18.08552769381815,3248893.3491073726,1.9656014046390657,4.914003511597664
20.66678147378933,4415885.538189524,2.140134941594393,5.350337353985982
17.346622126844125,3073240.9157156404,1.964758835380329,4.911897088450822
18.93499622064063,3707382.3068476804,2.0472465718282438,5.11811642957061
18.883953111057927,3387917.4044747185,1.9510298918740419,4.877574729685104
17.511698739025828,2993358.752031383,1.924587500494365,4.811468751235913
19.187624830027584,3818244.5559749,2.0601780678136365,5.150445169534092
16.23867187740973,2491931.36517292,1.8610950623021147,4.6527376557552875
19.05614126453039,3494456.1215409636,1.9735773134295393,4.933943283573848
16.602998921970524,2585956.992873513,1.8613641240842023,4.653410310210505
18.244212974367446,3324218.11032899,1.979050028884727,4.947625072211817
16.47300144072532,2487250.543577467,1.837546733970463,4.593866834926157
19.917727795826124,4073169.5802799407,2.088016532315658,5.220041330789145
18.727277322470705,3369893.6423011534,1.9570349903743631,4.892587475935908
14.059414237470369,1555892.9566160822,1.7122999856173515,4.280749964043379
15.267135456134096,2062319.6061040033,1.7912318709449082,4.478079677362271
20.5969462539517,4369870.464566212,2.133632055949095,5.3340801398727375
16.48533060342956,2563904.825715515,1.8638503587639843,4.659625896909961
18.620831717840368,3458210.9202558305,1.9897001346172847,4.974250336543212
18.089528745530004,3204678.49536994,1.9486791678905289,4.871697919726322
16.967286970656215,2861219.6008841414,1.9265595780656695,4.816398945164174
18.909823505521594,3609811.5722746905,2.017035076949258,5.042587692373145
19.02362410169416,3820690.7579876212,2.073158330800092,5.182895827000231
16.052229420563123,2568561.3875228595,1.9074762744784826,4.768690686196206
18.77905661559076,3819367.61818331,2.0918203321927376,5.229550830481844
19.905027999904835,4187677.759375768,2.1219247625164206,5.304811906291052
18.997109683696767,3590242.92486187,2.006928267352617,5.017320668381543
16.816174942359275,2698610.6962067643,1.8822409604238077,4.70560240105952
14.21337666375766,1620213.8615996055,1.7219982816482622,4.304995704120655
16.5348182659913,2481980.743771177,1.83002582394484,4.5750645598621
19.656400556782327,3930465.799661233,2.0649943133834783,5.1624857834586955
13.17777624456955,1209270.501153483,1.663144102552471,4.157860256381177
16.485737841937187,2529730.179445605,1.8514695505834025,4.628673876458506
15.76086820303042,2253635.695431145,1.8155284041366704,4.5388210103416755
18.246493940955453,3439312.39657934,2.0120594399699145,5.030148599924786
15.805190986540097,2221409.862442607,1.800076386002256,4.50019096500564
17.130073263411006,2829170.3861533524,1.901382679654261,4.753456699135652
17.306214017522326,2968403.5916682305,1.9332878244586162,4.8332195611465405
18.857114356392145,3514386.9064684305,1.992316806227851,4.9807920155696275
17.182198051828546,2780545.7364477376,1.8802471131864364,4.700617782966091
13.766922851895336,1454297.5446395408,1.7017618502251863,4.254404625562966
17.198135486810152,2876569.652629365,1.911496863116809,4.778742157792022
16.756809991986255,2615250.7067133645,1.8571882438909664,4.642970609727416
18.630033037208314,3502482.3291343097,2.00484343246821,5.012108581170525
19.529535965839372,3832728.8347410895,2.0445898675223115,5.111474668805779
18.33140201931083,3143718.7281335136,1.9116299185219392,4.779074796304848
16.299366194934507,2571926.049760284,1.8816600678240352,4.704150169560088
20.50041701684149,4302695.883006474,2.1182013880655455,5.295503470163864
16.639180539095545,2624822.316065464,1.8718179551151264,4.6795448877878165
19.270795772880934,3774694.492057482,2.043168930778658,5.107922326946645
17.29869920360827,2825883.420211307,1.8849555511900715,4.712388877975179
19.06802963808829,3777369.434880535,2.059167347570685,5.147918368926713
20.519739381623282,4493544.2456113575,2.172095684867559,5.430239212168899
15.98689416572656,2332154.575092014,1.824298056571091,4.560745141427728
23.834954172569045,5994900.039915352,2.3811234574253426,5.952808643563356
18.260682606107316,3441378.268035209,2.013149230312964,5.032873075782411
16.314322840688366,2515080.0601635203,1.8650012842460277,4.6625032106150694
18.327340115262423,3604940.738964916,2.0594815352812263,5.148703838203066
19.031232275164854,3666938.6157349404,2.0268120688743143,5.067030172185786
15.2705810188146,2129879.3118035747,1.8194561871928998,4.548640467982249
13.716587698696149,1350072.9101787033,1.6556009743010773,4.139002435752694
18.05002718114053,3268146.06383116,1.973431141218372,4.93357785304593
17.93418577985646,3204807.4251458095,1.9631181918853875,4.907795479713469
21.910223095342275,4991132.546744883,2.223846363010865,5.559615907527163
18.216747046154214,3272496.068207387,1.9636075676904365,4.909018919226091
15.696754469132411,2419131.3212757204,1.8891016059944927,4.722754014986232
21.223464506958067,4742697.70955988,2.195616175624907,5.489040439062268
17.362248009536785,2954254.6716345763,1.924857756425991,4.812144391064978
16.341678091739897,2546058.3394946083,1.870188152712957,4.675470381782392
16.897665522895757,2986296.668051891,1.9777046656449315,4.944261664112329
18.781056401294816,3657213.7911231685,2.0404537920574906,5.101134480143727
16.327392761736583,2542699.5940563194,1.8704205621910635,4.676051405477659
16.13996338551351,2451168.017624342,1.8538735240128539,4.634683810032135
18.277385276551318,3375592.1395890582,1.9916719985904618,4.979179996476155
18.426796354220265,3384756.772897102,1.9828397632166623,4.957099408041656
21.620297395802535,4689685.681468567,2.159157889886806,5.397894724717015
18.53953673073736,3439038.9885891564,1.9926407069958796,4.981601767489699
16.579729387411945,2609693.8607347906,1.8708524056658096,4.677131014164525
16.216589585924822,2496402.209422013,1.8640005860671789,4.660001465167947
20.091410255112674,4114423.909256772,2.0917982072634778,5.229495518158695
18.907759453676775,3446361.7398686633,1.9684069827877477,4.921017456969369
17.271584181696543,2793646.8676747764,1.8774801847854978,4.693700461963744
19.68889221021415,3729025.98569482,2.002388457224257,5.005971143060642
18.065407731589488,3244315.680139932,1.9636829582566149,4.909207395641537
16.102549940602607,2420106.701309542,1.8456422064840645,4.614105516210161
16.18892328025694,2503224.3301571105,1.8692297964942313,4.673074491235578
15.803837512210062,2381907.5927690845,1.8605618957408987,4.651404739352247
22.930203977147556,5422210.99028291,2.2802099803370712,5.700524950842678
18.42429935034422,3316149.737791986,1.961252943361322,4.903132358403305
16.65224801969105,2685043.4536754955,1.8920229463976845,4.730057365994211
17.4190811598153,2955847.3664987646,1.91953932304233,4.798848307605825
19.701688551012108,4025740.3670499967,2.0872279416285595,5.218069854071399
20.183202949729264,4482597.7492307965,2.1900528876204284,5.47513221905107
17.850875532317765,3199925.1127592362,1.9664897239433854,4.916224309858464
20.493211491160213,4371406.67810137,2.1394357384107994,5.348589346026999
18.72131948798237,3740792.8281032275,2.069647332496737,5.174118331241842
17.35354740938375,3045524.7650484415,1.9561744467600986,4.890436116900247
14.982688026582824,1984668.3353048107,1.7905927063667364,4.476481765916841
17.798834787571405,3230731.251142568,1.9804984802027528,4.951246200506882
22.09121108217702,5253048.411874622,2.284553922280553,5.711384805701382
18.561630661235906,3598145.908166128,2.03729322799141,5.093233069978526
15.372241845034761,2143318.151461878,1.8118723003037258,4.529680750759315
16.371977750268375,2636538.349649527,1.9007782008376617,4.751945502094155
15.338339269691215,2102654.0794703215,1.7983946885584914,4.495986721396228
19.457530280152845,3756904.43628701,2.02613176600103,5.065329415002576
19.231379710467287,3852075.290210205,2.067376068267119,5.168440170667798
16.805088724375427,2835513.2023807224,1.9326833341203324,4.831708335300831
17.109826257755344,2812768.2886191886,1.8969982261574925,4.742495565393731
15.106365399511091,1931137.3097577374,1.7534252856792876,4.383563214198219
20.626820187529283,4421174.239643072,2.1435853026995377,5.358963256748844
19.003375321571127,3773942.022568047,2.0605847620218727,5.151461905054681
15.851898190050928,2313224.555215841,1.8300355058903788,4.575088764725947
18.274314665363466,3308055.1177537907,1.9680710460847228,4.9201776152118075
17.753474798916468,3180652.9332152605,1.9704310527009055,4.926077631752264
17.683187168856062,3043147.4468554948,1.9281571539062512,4.820392884765628
19.63007747738923,4012468.5626578843,2.0910831095235887,5.227707773808972
17.933404839885903,3447525.887814326,2.041240615296968,5.10310153824242
17.153463263903813,2956804.412716482,1.9422343701794713,4.855585925448678
18.121096793658587,3274680.3088143487,1.970844115563201,4.927110288908003
20.364992508003652,4259886.59796232,2.1166996329052137,5.291749082263034
17.49392703223249,3062452.9887460545,1.9497795862787672,4.874448965696918
21.499901716064727,4754824.404871764,2.185335874048066,5.463339685120165
14.84923688522759,1816301.2821146613,1.7332343091326186,4.333085772831546
16.14285711592782,2451049.0735755917,1.8527321590871646,4.631830397717912
18.431022910064044,3565415.4504945353,2.03837618179557,5.095940454488926
21.572779276127175,4791738.528126052,2.1912252175019,5.478063043754749
18.31053287799096,3314800.750319205,1.9684016809370355,4.921004202342589
18.96875515745373,3618698.7233091276,2.0179008857562053,5.044752214390513
18.81326952654714,3597414.123234708,2.0194732187309725,5.048683046827431
17.086057730254023,2876948.1077381726,1.921124290516949,4.802810726292373
17.05186774096379,2718265.236857756,1.8697726790150109,4.6744316975375275
13.82896006277241,1504439.5830475865,1.7188766405365519,4.29719160134138
17.305605176199744,2893565.352425713,1.9078034331387588,4.769508582846897
17.66486455032039,3068591.511758445,1.9385668552043438,4.846417138010859
15.052114822283125,2009079.7021140708,1.794884083013907,4.487210207534767
15.101177844385717,2043548.5205898779,1.8013328900564396,4.503332225141099
21.784784601078666,4829439.8642486865,2.1884750939090005,5.471187734772501
16.512457104602984,2603750.573448617,1.8768741519867822,4.692185379966956
16.986111772201284,2829184.071820314,1.9135471243984097,4.783867810996024
16.042441585641054,2430021.8133852035,1.8553723514814207,4.638430878703551
17.80605773828883,3099284.4025426004,1.937927778445581,4.844819446113952
15.511068035451302,2122825.7159957364,1.7904628840138153,4.476157210034538
16.488289793120558,2512643.8077696078,1.8445349460993492,4.611337365248373
18.442809275055126,3353375.048470962,1.969589363101592,4.923973407753979
14.726872519367951,1859061.7951379009,1.7670102808338513,4.417525702084628
21.428571077157276,4700147.371218389,2.175577441857915,5.438943604644786
18.67711664590681,3469236.633957254,1.9914061787089943,4.9785154467724855
16.59412481057261,2597816.7929743975,1.8653080746852417,4.663270186713104
21.32586944912036,4496730.354067439,2.1230617556649785,5.307654389162447
13.78914907294484,1478966.836019341,1.7106073251106488,4.276518312776623
16.06989383942952,2377722.799721687,1.834821526471328,4.58705381617832
20.272767774161537,4149066.0606189575,2.091091621350906,5.2277290533772645
17.382912394544213,3003421.8222589185,1.9400315448861636,4.850078862215409
17.822120316423764,3156423.439817314,1.953519118615951,4.883797796539877
18.858435913862557,3546808.2944547357,2.0031455537194933,5.007863884298733
16.692457621408963,2755938.5805147253,1.9142145273429927,4.785536318357481
19.089100348409605,3760219.732638399,2.053055148342217,5.132637870855542
12.839463091281345,1060554.0448813234,1.6325974992528927,4.081493748132232
18.236361258263024,3391063.4367138706,1.9998841875491888,4.999710468872972
18.0292185066953,3192509.3434211034,1.9517182942594666,4.879295735648666
19.87787467080593,4105187.1102896137,2.099280341808236,5.248200854520591
14.0040031989074,1510287.8691010168,1.6961724536996157,4.240431134249039
20.368622917500232,4114023.189583605,2.0722722606098665,5.180680651524666
17.87391080198917,3295393.9174728896,1.9959488012394209,4.989872003098553
16.856795920106826,2734330.567935736,1.8903131412213758,4.725782853053439
19.50103124540805,3788114.2252813233,2.032021142130305,5.080052855325763
16.230808882143457,2452331.6552679287,1.845695047240071,4.614237618100177
18.21672446548417,3488441.0143879,2.030566337798859,5.076415844497148
21.731469505458456,5125369.589873321,2.270180882131608,5.67545220532902
15.825125654657747,2381962.4113320652,1.8607144375784024,4.651786093946006
19.17082479141601,3598710.604444965,1.9970057805611146,4.992514451402786
17.143267270649698,2808230.4905935815,1.8918162336656612,4.729540584164153
16.663166870810308,2680791.4106660755,1.8890195077556886,4.722548769389221
18.306293438470746,3501308.0346552767,2.028060242150936,5.070150605377341
17.52971369145819,2962513.7823079787,1.9148924010532375,4.787231002633094
19.387429526865386,3815365.2365566744,2.0453925074726653,5.113481268681663
16.436009304212252,2474257.2240618085,1.8356016603708998,4.5890041509272494
15.314521916576073,2108058.5604925826,1.8065461547120392,4.516365386780098
14.111560978725702,1619517.2708896492,1.7348494542632293,4.337123635658074
19.730710054750666,3767427.9688644977,2.0115743589624224,5.028935897406057
18.788612411772675,3405150.7874089703,1.9638045896125484,4.909511474031371
16.558667754637636,2809712.076069181,1.9467136177631692,4.866784044407923
18.071057762425546,3129273.4932436123,1.92951802484306,4.82379506210765
21.163378696936476,4515264.484721505,2.137350089797726,5.343375224494315
17.039760238527425,2893696.061633979,1.9332681038407404,4.833170259601851
17.718220120493044,3219047.9909687405,1.9836019965528495,4.959004991382124
17.75307221619562,3027686.0048031155,1.9170202993153334,4.792550748288334
19.009399690604045,3657315.133787278,2.024335973560828,5.06083993390207
16.990159335449807,2729926.315704928,1.8793108669594527,4.698277167398632
18.35266105232094,3324321.5940240333,1.9680902539830112,4.920225634957528
16.45169085546374,2498548.4186544176,1.8407311972383917,4.601827993095979
16.265018662351395,2424076.6688618585,1.834882617637582,4.587206544093955
19.418726800483554,3777483.462587175,2.036249424833975,5.090623562084938
15.034859762447873,1987568.758537801,1.7854539170227732,4.463634792556933
15.810087649319303,2272667.6817777185,1.8182188580637044,4.5455471451592615
16.045465005192085,2287580.097133506,1.8023346907660605,4.505836726915151
17.73820400097117,3055611.4668588694,1.9304217346047157,4.826054336511789
18.46788138605715,3389557.0669189636,1.9820044400954708,4.955011100238677
18.97680848466905,3550113.392752637,1.9947006946643495,4.986751736660874
22.837220032239646,5256190.17532476,2.2463828145997526,5.615957036499381
15.463778263540906,2185936.7807195084,1.8217702512187612,4.554425628046903
18.37104357860213,3385745.7267070394,1.9858136161151712,4.964534040287927
15.939612507225753,2392269.349757869,1.8526831847747487,4.631707961936871
16.9899134697173,2861157.948485581,1.9245914192456652,4.811478548114163
18.251699729043015,3221938.282232117,1.9431021027970121,4.85775525699253
14.096680144630902,1639269.2821374536,1.747456860604994,4.368642151512485
15.402436048481727,2158620.371168902,1.8172823897184578,4.543205974296144
18.29053439186954,3337525.027155025,1.9760072525238899,4.940018131309724
18.417342380051682,3438519.8276928402,2.000084860902675,5.000212152256688
17.734022966071784,2999172.412256319,1.9092258629881895,4.773064657470474
16.323558214410806,2629209.506129019,1.902936333677423,4.757340834193557
17.34474943065547,3042081.7829322936,1.9559250744404209,4.8898126861010525
20.161248293279165,4261972.054532966,2.126926310334777,5.317315775836943
12.573940712030417,965453.5013628462,1.6217442631346863,4.054360657836716
19.641087160382487,3824874.437116354,2.033157851787878,5.0828946294696955
16.07882396768696,2429624.0420048293,1.8551029117520927,4.637757279380232
18.237102965514996,3266998.0696669007,1.95823706908819,4.8955926727204755
18.230672292170922,3413708.811668043,2.0058815607519778,5.014703901879944
18.508057694091008,3254459.107379714,1.9353518572084905,4.838379643021226
21.410963383535986,4678396.748509424,2.16637355021149,5.415933875528725
16.18741681023499,2448542.004260678,1.8478044919576875,4.6195112298942185
18.107534626653443,3188990.331508899,1.9436236059414684,4.8590590148536705
16.060700455444945,2385330.027111522,1.8376618467190444,4.594154616797611
19.168549632265286,3721057.5017330684,2.0347484266520204,5.086871066630051
18.464126076464105,3524272.301631348,2.023834018137241,5.059585045343103
19.478196053257314,3796642.275598041,2.0338347090269098,5.084586772567274
17.131121131136815,2960240.620021363,1.944999934782917,4.8624998369572925
18.15814558292339,3331556.453390086,1.983825378707176,4.95956344676794
15.697103659858236,2175358.5881758295,1.788819503141069,4.472048757852673
15.952504713650328,2465242.788397641,1.8784058825311467,4.696014706327867
17.601979738132513,3023908.3894126695,1.9279527132037275,4.819881783009318
17.470408744192454,3091728.661744681,1.9606515617207625,4.901628904301906
16.672700430435896,2677209.4129125383,1.8875412248844705,4.718853062211176
22.079108355637334,5092441.6701804465,2.2407805273535186,5.601951318383796
20.37296119092162,4417160.969489361,2.1586458931856534,5.396614732964133
17.135906034235603,2753833.089756651,1.8748809350099418,4.687202337524854
19.03104905798909,3682627.537042604,2.031336909290405,5.078342273226012
15.247681000279933,2048145.1911756014,1.7874669955560942,4.468667488890236
13.713595438097336,1405720.4112907518,1.6835725114543973,4.208931278635993
17.097443244339793,2756793.5092960307,1.8795658049675605,4.698914512418901
15.386625458797699,2018221.0267003765,1.7603953951963305,4.400988487990826
14.779732546383118,1932509.2555418778,1.7936354345513954,4.484088586378489
14.865241575188604,1919900.9540406456,1.7771879315897592,4.442969828974398
14.195926277833815,1635329.7925349614,1.732785519623271,4.331963799058177
17.363497196447184,2937435.2111178944,1.9197802162161823,4.799450540540456
15.685669965923354,2198039.526221197,1.8002234323150363,4.50055858078759
22.22488683452064,5087272.506047003,2.235094083185591,5.587735207963978
19.021363957856586,3582880.286633949,2.0028139917479946,5.007034979369987
17.051018653182616,2738166.0892788004,1.8758055764094994,4.6895139410237485
16.045448655826643,2390646.0146600613,1.8402755115536302,4.600688778884075
20.316246079865262,4186727.1344117597,2.0980850725799525,5.245212681449881
17.40735627093266,3006993.639773491,1.937317460737244,4.84329365184311
18.921258961552255,3459435.356473202,1.9733376904322886,4.933344226080721
17.85878983104614,3202838.6706124945,1.9661254797452599,4.91531369936315
17.27808380303948,3037502.737944888,1.9593174451454416,4.898293612863604
11.970326473782688,708822.6964896088,1.5668639312644472,3.917159828161118
18.486398626189484,3398600.715358045,1.982408636454516,4.95602159113629
19.899079363426566,3908217.5501717944,2.0425265088132294,5.106316272033074
20.063620796408266,3997125.268317865,2.057441228219089,5.143603070547722
20.31579346223136,4252040.033810695,2.1135056291446066,5.2837640728615165
19.73999980243255,3925370.4923409857,2.057653862705631,5.144134656764078
19.59029234734453,4141514.3200493157,2.1316693804719113,5.329173451179778
14.816420039112522,1855443.1145341536,1.7560839475532093,4.390209868883023
15.667351081283343,2288602.0665288772,1.839777363104865,4.599443407762163
18.531502559006196,3396224.3949241396,1.9783242088230082,4.94581052205752
16.34260113181327,2441449.8275068086,1.8314743324327976,4.5786858310819945
15.378079571146163,2159472.262842128,1.818808277627353,4.547020694068383
15.373046130441615,2172376.9398946203,1.8240482165837661,4.5601205414594155
18.657173071496146,3478563.27719203,1.9962395773075927,4.9905989432689815
18.403719486819448,3333470.0225732513,1.9689387408649202,4.922346852162301
19.878973333592477,4256633.977807179,2.144137371873788,5.360343429684469
20.05004454343935,4038421.170554322,2.0704575068042703,5.176143767010675
16.729648414368725,2607265.769073992,1.8548338855555155,4.637084713888789
16.4577312377016,2552727.0209249696,1.8649018832923212,4.662254708230803
15.839732843663334,2345251.6767489742,1.8444140568851222,4.611035142212805
20.115564500701623,4260565.005029816,2.12655305299535,5.3163826324883745
18.09667277804976,3297521.7889256636,1.9784177996896968,4.946044499224241
13.055592573144349,1206583.7091856003,1.6834790719210184,4.208697679802546
20.641179379517794,4380839.187997076,2.13041638676535,5.326040966913375
16.80149186101252,2814001.124397955,1.926480751475358,4.8162018786883944
20.10464028476715,4073159.91392749,2.077433308853951,5.193583272134878
18.720106324980534,3497305.747071976,1.996379633973207,4.990949084933018
14.905726955187127,1858765.97729553,1.7449670102812112,4.362417525703028
14.378156859592583,1696028.898908738,1.7350642961711529,4.337660740427882
17.69765079307868,3242409.042280577,1.991859578224066,4.9796489455601645
19.371141133074875,3810636.0391397625,2.0483165749440864,5.120791437360216
15.868977910580085,2335673.4006484766,1.8387590335755541,4.596897583938885
17.315234565003014,2832499.100653558,1.8864981467695747,4.716245366923936
14.500397884796401,1747551.1913724998,1.7446922135832195,4.361730533958048
16.968055792618397,2853257.103813177,1.924463074850476,4.81115768712619
23.855179851548215,5829256.290720403,2.3405912423362345,5.851478105840586
18.602541594577726,3608641.0271349903,2.039153984027294,5.097884960068235
15.072408383377333,1870769.4427783377,1.732740940032456,4.331852350081141
20.65907068788606,4372140.3221747205,2.1253826998135725,5.313456749533931
14.858441958272262,2015753.067760164,1.8180682558478902,4.545170639619726
18.472752672793625,3299903.6267616674,1.9517245514674038,4.879311378668509
17.504824436108457,3077183.440722891,1.9548150688248864,4.887037672062217
21.45076751608603,4776586.198128988,2.1895613636800397,5.473903409200099
18.618402382588584,3488669.6355893183,2.001027578924723,5.002568947311808
18.22133527338654,3442240.769101477,2.0159732021014714,5.039933005253679
16.90577402514295,2781510.6171962703,1.9033448569561686,4.758362142390421
12.601369823197196,979405.6470826035,1.6240051682127268,4.0600129205318165
17.708017036028846,3275551.6148334425,2.002380837750055,5.0059520943751386
16.9335180279373,2940350.5215083137,1.9588588162681282,4.89714704067032
15.768837770025602,2314108.6145381816,1.8380972049663313,4.595243012415828
16.96042744365038,2750510.0694955774,1.8868956920918372,4.717239230229593
17.619968279961174,3059777.9578873552,1.9391125474301063,4.847781368575266
18.56131660650768,3436779.923451321,1.9905678443212145,4.976419610803036
22.078996160915707,5239378.376781734,2.281472969258153,5.703682423145382
19.593278109747313,4130306.091831873,2.1271504034748516,5.317876008687128
18.274044349430586,3278521.639694362,1.958313571117393,4.895783927793483
20.442645362669644,4063061.9821440466,2.055120399169145,5.137800997922862
17.455635577718187,2996373.3600835213,1.9327400018495484,4.831850004623871
20.694750798315063,4485868.783296244,2.1547287097701,5.3868217744252505
20.051135406477428,4137136.424651704,2.0999485047023607,5.249871261755901
17.8752456558674,3243922.623290658,1.9791089499178283,4.94777237479457
20.53342665641795,4566618.171249388,2.1909161994242856,5.477290498560714
14.828597341965931,1935150.5450902171,1.7879831403994415,4.469957850998604
20.25512812919772,4033627.5491302004,2.0575912074854714,5.143978018713678
18.328734585049222,3406124.334913467,1.9971546620793306,4.992886655198326
19.693231443545756,4106778.508882531,2.112003311155864,5.28000827788966
17.025395502114815,2759409.228669485,1.8870541692983351,4.717635423245838
16.575455730784626,2651047.308990809,1.8876469121456183,4.7191172803640455
15.730281104233136,2240620.0796206845,1.814307053589313,4.535767633973283
19.607104875696034,4000757.645661368,2.0886268845317653,5.221567211329413
17.648606689096646,3243756.058956038,1.9969676440569941,4.992419110142485
22.541463342535973,5389321.876306976,2.293539738111728,5.73384934527932
14.014116678088207,1550512.8894632012,1.7156773332856938,4.289193333214234
18.658844789934157,3543163.3429410104,2.016207745900139,5.040519364750348
18.896370074640423,3702834.2601595093,2.048701477346947,5.121753693367367
15.894911945980184,2301705.704449028,1.8204031993276264,4.551007998319066
16.82331185766057,2835639.3540254924,1.9290135951412608,4.822533987853151
16.39591234214297,2632795.381310977,1.8979564421910349,4.7448911054775875
15.325467883974397,2138896.742403508,1.8163720263485286,4.540930065871322
17.98623675176374,3301443.935985597,1.990986197414177,4.977465493535442
16.688061778107468,2578581.013972263,1.8524025651855078,4.631006412963769
19.095042839633656,3799369.41794677,2.062729457979233,5.156823644948082
20.446619034150835,4242253.979371805,2.1043797185188073,5.260949296297019
18.54443781729127,3408539.5268330295,1.9833889748313884,4.958472437078472
16.550239317157335,2569868.6944217235,1.8614214993922733,4.653553748480683
16.689900408355896,2572318.2778108045,1.8485315844043415,4.621328961010853
13.280390969400058,1307746.8594657443,1.7025239496592213,4.256309874148053
18.97499099595401,3571407.2077778587,2.0030743411652443,5.00768585291311
19.564609293136503,3896081.809775778,2.0585787216573173,5.1464468041432925
17.072863320722263,2894909.652750358,1.9309683887702116,4.8274209719255285
16.694940756506462,2592387.566769721,1.854277387978231,4.635693469945577
17.306653120014538,3021045.0248102024,1.9513302579299856,4.878325644824964
19.717322605881392,3922827.425372799,2.0563354429167644,5.140838607291911
19.61022858963315,3842945.468511033,2.043456824335183,5.108642060837958
14.611062318038858,1717988.1563287666,1.717734527277021,4.294336318192553
17.695815318876896,3184719.7245592345,1.974443463796085,4.936108659490213
17.158193118798316,2830784.2326239925,1.900028594020819,4.750071485052047
15.458113954784846,2124373.73870488,1.79545648784234,4.48864121960585
19.291212283214954,3783829.1766217817,2.043814189920846,5.109535474802115
17.067799628815237,2954376.6129739517,1.949872931620914,4.874682329052285
17.16847424836667,2772114.473919158,1.8785373803991157,4.69634345099779
17.963873108880037,3175432.3624039833,1.9494592618177373,4.873648154544343
18.681762767650678,3509214.4053874603,2.0023665731813916,5.005916432953478
18.691891515145322,3458178.839841553,1.9888715120548843,4.972178780137211
13.877672407905784,1565078.8536019707,1.742718888722481,4.356797221806202
19.393944945176433,3972528.3348042453,2.0943227816521337,5.235806954130335
18.575799383716827,3549825.7000453537,2.023119969424732,5.05779992356183
20.979796536688777,4674450.2090769,2.1933334087272534,5.483333521818134
22.468520063279307,5088229.145242761,2.2204996955484004,5.551249238871001
16.256408778661413,2438440.685087432,1.8404087507499873,4.601021876874968
18.67122270053021,3498110.718429027,2.00024758504296,5.0006189626074
18.546971873524253,3445978.6694006547,1.9927245671947367,4.981811417986842
17.22847907154734,2996635.9240496485,1.951249703039844,4.87812425759961
13.680808817016077,1492641.7258038642,1.7362554757308926,4.340638689327232
14.905123046092461,1877340.0515786828,1.7532516421823605,4.383129105455901
15.55982405316314,2216541.9016431514,1.8219631350131147,4.554907837532786
16.860223000087558,2819659.248671883,1.9204290191726041,4.8010725479315095
16.376799187452317,2422367.184882981,1.8217267604795904,4.554316901198976
20.346083381912994,4135373.2185109593,2.0793046978535203,5.198261744633801
18.076020957101324,3244737.612022046,1.9628100363784176,4.907025090946044
18.011722214654036,3293776.131804928,1.9859621168285497,4.964905292071374
18.774789999567055,3779848.82802949,2.0787394894565465,5.196848723641366
17.32155033974081,2899453.8369144313,1.9090349361815908,4.772587340453977
18.89620845342712,3381584.2735671736,1.9497549544567012,4.874387386141753
20.15761812313366,4260346.974326225,2.127608064614293,5.319020161535733
17.401989952492602,2934316.831733403,1.914296764758095,4.785741911895238
18.01548901170984,3102649.9106822135,1.9243764618268415,4.810941154567104
17.80091261160761,3185019.619040814,1.9652992111379084,4.91324802784477
16.36266103859736,2471605.9373223437,1.8399993340510126,4.599998335127531
17.938890780571114,3329324.25200718,2.000381868748998,5.000954671872495
18.734679953273204,3637763.6026388966,2.0390152887600457,5.0975382219001135
18.36730673883713,3267959.041773731,1.9502374454789724,4.875593613697431
18.138458383633616,3305991.9659512397,1.981290556272112,4.953226390680279
19.868984277467526,3862244.2126123114,2.030368551840497,5.075921379601242
16.311550223562655,2490301.786028279,1.8521716409336664,4.630429102334166
18.407910986450137,3494503.9338993374,2.0181986898149282,5.045496724537321
17.20362318188158,2930530.494185714,1.9283060885605745,4.8207652214014365
16.973531112542894,2751815.7954427386,1.8875882984929644,4.718970746232411
15.124303072229406,2062075.713381322,1.807764266029971,4.519410665074928
18.71253973313456,3346208.5819766065,1.9522212730880573,4.880553182720143
19.535213817879438,3879201.464298456,2.054832713804727,5.1370817845118175
19.994814837872397,4066154.8922240958,2.080591537792315,5.201478844480788
21.389857140555833,4590918.980196089,2.1488260092910285,5.372065023227571
15.447189171339627,2092148.776226893,1.7851886192555442,4.46297154813886
19.06465454330164,3586202.243246221,2.0008803815984195,5.0022009539960495
15.884677435683315,2336399.7720883815,1.8351274522208307,4.587818630552077
21.834187927633963,5066388.230777352,2.2504771712805827,5.626192928201456
19.67381010127227,3988460.1385919405,2.0807163118006837,5.201790779501709
17.6072866808326,3090529.8901351923,1.9513890785101864,4.878472696275466
20.495871333805482,4441286.959858655,2.1594551796412014,5.398637949103003
17.077875859036062,2878428.4659794457,1.924239563345772,4.81059890836443
20.05880997375673,4291766.588192609,2.1428603783368843,5.357150945842211
16.610713655494138,2634674.5417757127,1.8788319156720814,4.697079789180203
13.784372541421464,1468545.0428495873,1.7072278412077762,4.26806960301944
19.566459557724226,3934808.0034523904,2.0715310674790595,5.178827668697649
17.117082425073903,2856208.1652540797,1.9116353781828634,4.779088445457158
14.337714038854731,1726611.8956828136,1.7557704987344958,4.38942624683624
19.341707522672145,3774492.3850456905,2.0383495565687437,5.095873891421859
20.00921220052647,3944583.705602252,2.0467107185249716,5.116776796312429
16.794753310867883,2710589.0763827562,1.8886714141966023,4.721678535491506
17.3690837950264,3113528.031971894,1.9776384738337933,4.944096184584483
19.05408729478346,3657825.102028791,2.0215924797429627,5.053981199357407
15.837863275143027,2374396.035213721,1.8541706853833635,4.635426713458409
17.250611914692104,2943792.2242337978,1.928438564013918,4.821096410034795
16.870366675640035,2752615.8770786673,1.8982808132499767,4.7457020331249415
15.680935953042896,2255229.592443811,1.8246478219939843,4.5616195549849605
18.67814981113922,3501660.9457267066,2.002608108516103,5.006520271290258
19.698939723097087,3920838.329877657,2.055798442767508,5.139496106918769
19.06920657516853,3911942.6901774853,2.097939453222171,5.244848633055429
17.77388977768577,3183913.578729064,1.9680718967336628,4.920179741834157
16.250589366780233,2488714.033547271,1.8574254335033291,4.643563583758323
18.01205068012923,3140309.9252478667,1.93625665393474,4.84064163483685
14.346304824877198,1679224.6041286895,1.7325329527958084,4.3313323819895215
15.900616514722321,2291988.8766647745,1.8182878887236091,4.545719721809023
18.07351101784116,3205330.408347832,1.952052340239708,4.88013085059927
17.77079432618236,2992196.267270821,1.9050620972197734,4.7626552430494336
19.274236920819288,3606404.352202764,1.9922361558627106,4.9805903896567765
16.303801111701908,2597374.5496185664,1.8922917820179135,4.730729455044783
19.020366897444752,3611297.3995970227,2.0097709352905793,5.024427338226448
20.27383223643553,4437501.185580561,2.170542583990863,5.426356459977158
18.056774763770612,3224433.3386076083,1.9595836503955413,4.898959125988853
19.051339770379272,3742857.4342507357,2.048124804089158,5.120312010222896
14.035361111537913,1524807.4977349984,1.6991885929966035,4.247971482491509
18.044242280838585,3378136.01543866,2.0093982763339757,5.02349569083494
15.784153852811356,2308297.7549345354,1.8349565632086582,4.587391408021646
16.76677095511043,2681906.4966907185,1.8804971343371577,4.701242835842894
15.98080417451535,2323991.3939925367,1.8243986666428342,4.560996666607085
16.047961996997607,2435042.723361519,1.8570738659127972,4.642684664781994
17.45881912021727,3007100.7772255167,1.9336929902689612,4.834232475672403
21.297252460283932,4698953.830246103,2.178563151331814,5.446407878329535
19.590640060496554,3748855.066659537,2.015423598978525,5.038558997446312
18.8449088816659,3412351.645986481,1.9602902946872878,4.900725736718219
16.884288031621697,2649421.3465670804,1.858517502348993,4.646293755872483
16.952982182791686,2782987.1303488016,1.899213824249985,4.748034560624963
17.466199615240164,2996737.2466124613,1.9310908520440846,4.827727130110212
19.368981798799602,3872319.3686733013,2.0650698800010012,5.162674700002503
18.609501310764486,3421403.308949543,1.979573056951298,4.948932642378245
17.66703127706255,3128006.644572122,1.9567290899677017,4.891822724919254
17.796748210389058,3107984.4750288827,1.9420550856180832,4.855137714045208
18.470916509574774,3639567.8239790592,2.0606443517315656,5.1516108793289135
14.976802220754571,1966980.8063309742,1.7853421343391302,4.463355335847826
16.837350186609346,2654683.316199855,1.8664813874522321,4.666203468630581
18.25586094938174,3340411.244787561,1.9825974379751257,4.956493594937815
16.953641688344902,2800681.2590712616,1.90670950708084,4.7667737677021
19.835746134447785,3746379.4542314354,1.999701620771173,4.999254051927933
17.67745892720003,3063355.0552884154,1.9374641266783104,4.843660316695776
17.99619136080104,3165375.939601427,1.945569663599349,4.863924158998372
16.061505048009938,2360068.771729594,1.8269720459510705,4.567430114877677
16.270881402983363,2560422.0016612057,1.8829296432828497,4.707324108207125
17.269384701159062,2912118.6491813622,1.9199592938785623,4.799898234696406
19.178136967947278,3716218.496516293,2.0330592709154227,5.082648177288556
19.07756720941698,3724631.6202277355,2.0418711406695484,5.104677851673871
15.27789870419034,2062959.834137491,1.7904786870119977,4.476196717529994
19.06509374230656,3772712.4221222084,2.0555087688924742,5.138771922231185
19.33963061122639,3811952.11381903,2.0492631580751475,5.123157895187869
16.486738234484566,2582923.0747605376,1.870374689739953,4.675936724349882
21.24288579089375,4476598.96691268,2.1223214995105155,5.305803748776289
16.65397845642842,2702047.4353070594,1.8986028664778347,4.746507166194587
17.492832887871202,3091271.5637267316,1.9613243664988562,4.903310916247141
19.50620283771183,3776133.969117226,2.028615462134924,5.071538655337309
18.188891515437145,3200151.6043656114,1.9394797392029832,4.848699348007458
20.110038298710986,4144374.732681223,2.096179819736903,5.240449549342258
18.20671098468807,3459546.657706742,2.0208289765322136,5.052072441330534
18.18553739280229,3321597.848760023,1.9817532951970958,4.954383237992739
17.262870411625197,2888874.6964520263,1.9093861522319295,4.7734653805798235
18.52923854064401,3419982.3266916545,1.9860710664941967,4.965177666235491
15.694518892088261,2303537.03315375,1.8434758759691179,4.608689689922795
17.366332031965225,2903131.791063808,1.9081997740225274,4.770499435056319
15.051565438125092,1879837.2951880926,1.7382173839549497,4.345543459887375
17.766036380094153,3193561.164895203,1.9711278889483976,4.9278197223709945
17.312864863591628,3117675.390587909,1.9846621739291943,4.961655434822986
17.42703125347076,2858889.032945629,1.8880267953591128,4.720066988397782
19.880347544949693,4037045.349885067,2.080251683329178,5.200629208322945
16.931784328576715,2865083.203553552,1.9317711331269278,4.82942783281732
18.865914309185648,3568073.2452114,2.0075591216034474,5.018897804008618
17.521794607226138,3043123.4444997925,1.9417361339184642,4.85434033479616
16.210156631681105,2461935.394620253,1.8517157012310221,4.629289253077555
16.842373451205226,2744516.9333382733,1.8963792273258961,4.740948068314741
19.67450387844758,3858497.8645829502,2.0434571459709794,5.1086428649274485
16.843885596930818,2747183.16510062,1.8978519597439427,4.744629899359857
16.991523788720308,2795123.9084959645,1.9017599733006463,4.754399933251616
18.693040370569648,3455871.3818877526,1.9875216024739795,4.968804006184948
16.604389918045094,2690005.623561519,1.8987151117667918,4.746787779416979
18.715256166232486,3448069.3071532287,1.9803385182346565,4.950846295586641
18.00741491466853,3160611.864063598,1.941128178335777,4.852820445839442
16.069917219784703,2425972.0763032986,1.8510828226438958,4.62770705660974
16.74764763447394,2708561.202917926,1.8911645332834535,4.727911333208634
15.748558270664859,2299427.1684035715,1.8361981693924143,4.590495423481036
21.666259661600318,4769941.35381883,2.179025700165846,5.447564250414615
20.092855258356224,4278696.884179521,2.1388327042974034,5.347081760743508
19.734719226167474,4049465.1095389165,2.0930161964425635,5.232540491106409
17.975006760326107,3404895.1275923736,2.0254487398631738,5.063621849657934
18.92207932644807,3592593.64410967,2.0128143336324853,5.0320358340812135
17.342391401623303,2765689.650040352,1.859331517846962,4.648328794617405
18.99090485237631,3613491.552818653,2.0129390301278396,5.032347575319599
18.049627762655707,3293560.566159458,1.9818901512331997,4.9547253780829985
17.60324819326946,2972912.739757425,1.910945911084314,4.777364777710785
18.95587167107946,3574948.9405549336,2.00382229445403,5.009555736135075
18.76611072335792,3475390.7181670805,1.9863697110560026,4.965924277640006
15.764908595746995,2278511.740780849,1.8261060167629457,4.565265041907365
17.965772590226425,3118006.801039337,1.931402888720471,4.8285072218011775
16.979134246541385,2686771.0695127426,1.8638418870732725,4.659604717683181
17.953641273312094,3341298.7617935464,2.004884260937392,5.01221065234348
18.254197214004076,3200325.485238903,1.9384882699429087,4.846220674857272
17.205712329693924,2817905.1785313515,1.8911866539424762,4.727966634856191
17.66881998016685,3160215.122844248,1.9682833402803355,4.9207083507008385
17.627280619954576,3096802.049164837,1.9528136983908042,4.88203424597701
17.114536452931574,2958907.884834094,1.945663653275089,4.864159133187722
14.485000400407122,1745171.640771214,1.7456246597821619,4.3640616494554045
14.021944281742194,1598498.9824931175,1.7394091544742876,4.348522886185719
17.91569707919287,3206166.5213535884,1.9639512573641904,4.909878143410476
17.371355528099343,2953206.3350389395,1.9230146291376427,4.807536572844107
16.246009224057858,2540599.7841330767,1.8783406204555564,4.695851551138891
19.23759213049918,3806774.127597385,2.056230602663111,5.140576506657778
18.461526564784037,3450983.0785235865,2.0016305480973715,5.004076370243429
17.866818446624833,3179490.049287631,1.960554670781105,4.901386676952763
19.43185357118782,3859565.2989776507,2.0555915136097713,5.138978784024428
21.147969906764885,4565433.268054663,2.152610125206003,5.381525313015008
19.839822098103088,4097552.3763179984,2.100682738868638,5.251706847171595
19.117476572752203,3531883.2387511497,1.9816869451010384,4.954217362752596
20.860429247511302,4481106.006123696,2.1468100984493073,5.367025246123268
18.045374784694502,3183341.9657882033,1.9453645818072676,4.863411454518169
18.696075434395397,3466307.921670367,1.9880053409716294,4.970013352429073
18.577862824970026,3498918.415555775,2.007444493531624,5.018611233829061
17.71732546630096,3084974.2925390704,1.9385488978421819,4.846372244605455
18.011798833354685,3179439.1470856164,1.9495589960102242,4.87389749002556
16.517985089940048,2657704.857326812,1.895490800302966,4.738727000757415
16.839674161428043,2811781.506209147,1.9218992199057445,4.8047480497643615
17.25284395886828,2869838.762973803,1.906309708591085,4.765774271477713
20.414940746445055,4171999.297238468,2.087651021847809,5.219127554619523
20.9443748596533,4536656.594696801,2.155001708473249,5.387504271183122
17.980330697131365,3233466.8155913316,1.9666132494748112,4.916533123687028
17.272915312742576,2717627.1098027034,1.8512639371283832,4.628159842820958
20.758305645885187,4456492.803929303,2.144816487825128,5.362041219562819
18.77484061903889,3627692.2613774426,2.032971939257986,5.082429848144965
17.35045019613526,2865425.711977361,1.894754602759782,4.736886506899454
19.9041134602415,4399627.689818456,2.1832239668898015,5.458059917224504
16.559733891631435,2628278.0346821453,1.8790239813064054,4.697559953266013
15.947753647954489,2369291.948660899,1.8417153743454262,4.604288435863565
19.645960661272,4014350.770152284,2.089018177198121,5.222545442995302
15.801659104680056,2269266.2936294256,1.8190612524899334,4.547653131224833
16.952638390293483,2655446.7469533114,1.85508904848404,4.6377226212100995
17.238446594849588,2827233.660471514,1.8916557242669172,4.729139310667293
14.411537948056052,1777701.4585458823,1.7716868312087968,4.429217078021992
16.465783223422026,2519359.7578751426,1.8505001427320276,4.626250356830068
19.536229545422067,3917164.873578664,2.0682456841446393,5.170614210361598
18.86263537485988,3433782.907058686,1.9667349098416749,4.9168372746041875
21.16134791652655,4672559.091892676,2.179910049033917,5.449775122584791
14.647047890478415,1848446.745456284,1.7717702931396466,4.429425732849117
16.52873514709121,2751679.660299794,1.9277604901283107,4.819401225320777
19.159746379612443,3687908.556488876,2.0261290054004797,5.065322513501199
17.16785894305344,2860086.6053649057,1.9074237919927381,4.768559479981845
15.440098198070062,2163879.2288674396,1.8123782197783356,4.530945549445838
16.743029020713763,2830585.575508463,1.9355913913866885,4.838978478466721
17.728120748205978,3068082.2624903293,1.9343357427215386,4.835839356803846
19.47207748299382,3848201.386676752,2.052239049428177,5.130597623570442
15.229752164380205,2086330.5000904854,1.8050559511468511,4.5126398778671275
18.911986851536323,3655630.6735800607,2.029473875394641,5.073684688486603
17.392623613527558,2928093.2399604535,1.913699987737523,4.784249969343807
18.68398559674769,3609905.963186389,2.0325303242699873,5.081325810674968
16.615313284785937,2657072.212883032,1.8840496605256527,4.710124151314132
21.19236418566597,4525189.89731072,2.1374033429387795,5.343508357346949
17.87380091343089,3169378.92046625,1.9547272522656045,4.886818130664012
16.21182535964929,2374552.663936368,1.8201695232425257,4.550423808106315
17.369922115440662,3005170.698971073,1.9400822709702437,4.850205677425609
18.63332619761655,3639405.240296581,2.047215166694881,5.118037916737203
18.47324917249502,3309337.1557868933,1.9563570921994395,4.890892730498599
15.104112348289501,1979718.2047710726,1.7752067035553758,4.438016758888439
17.663216595487864,3202450.035781946,1.983582723216016,4.95895680804004
18.870077614205627,3529306.335752584,1.9968063142951324,4.992015785737831
20.798361238552943,4475898.245796183,2.1476140706192917,5.369035176548229
16.475048483806297,2517921.0106391907,1.848272563239309,4.620681408098273
16.350541367136763,2401924.3471772904,1.8159962668064744,4.539990667016186
19.108611271412258,3767023.565623237,2.052627869623499,5.131569674058748
18.027669964448535,3254595.5161438864,1.9702971961889577,4.925742990472394
16.857413394991006,2822404.252070901,1.9241541674109788,4.810385418527447
19.922654692054365,3988305.527371362,2.062435577130911,5.156088942827277
20.400525798658432,4167961.1146211755,2.0839552842826827,5.2098882107067075
20.201980918363184,4395289.758491502,2.162274765876181,5.4056869146904525
18.2268269110031,3440889.379929648,2.016081653014012,5.04020413253503
19.202220113647563,3765806.091389168,2.046260255486021,5.115650638715053
14.784589698067174,1924519.0240282677,1.7895798743038758,4.47394968575969
19.20294142190917,3722016.3088120297,2.032659302173736,5.08164825543434
21.1583011969497,4909510.764724553,2.2481234343919794,5.620308585979949
15.926107618531994,2300956.652070972,1.8183093972209707,4.545773493052426
19.663037775938253,3925131.0490494277,2.0624536356099075,5.156134089024769
14.854150636893038,1930837.5762967635,1.782527689956946,4.456319224892365
19.459847068213087,3937975.2554369494,2.0800472553087785,5.200118138271947
17.462798379578693,3130914.2949754028,1.9760987508305161,4.940246877076291
20.580027759448715,4283050.787071953,2.106932460606618,5.2673311515165455
13.77460833055566,1481888.086543058,1.716753444841471,4.291883612103677
18.352440767527845,3315530.6340050483,1.9660298259450835,4.915074564862709
20.032994828037577,4010342.866805168,2.0650830306420676,5.162707576605169
17.436664845336214,2971654.4269169644,1.9260261080070924,4.815065270017731
20.29103243010022,4253379.167147729,2.1172261490516626,5.293065372629156
17.91756517395642,3237505.1049535526,1.9737016093107247,4.934254023276812
17.39232185247794,3059026.2332539447,1.9584220467967879,4.89605511699197
18.687680369899983,3554330.384249678,2.0163834192244,5.040958548061
16.015197024988215,2374493.0083555104,1.836766892869308,4.5919172321732695
16.32592878696886,2508428.3277335577,1.8589011784562592,4.6472529461406475
16.064637074917144,2296549.03176062,1.8032777058696958,4.5081942646742394
19.677836247023972,3995077.636356551,2.082899046136214,5.207247615340535
18.019945785541758,3229915.3397070616,1.9625849546385192,4.9064623865962975
21.84420477625999,4931366.855766936,2.213127567186901,5.532818917967252
17.339300248417967,2847500.169939203,1.8925849736187286,4.731462434046821
16.855789706774193,2798799.1258210447,1.9155299611758705,4.788824902939677
14.750177443713453,1863148.6900440538,1.7661727675846242,4.415431918961561
17.298119714350555,2959508.4224022683,1.9335926661148393,4.833981665287098
16.28348543696514,2441737.818685067,1.836468887243417,4.591172218108542
16.238217695606938,2582720.931597675,1.893952169673881,4.734880424184703
15.517108430884207,2237402.1289107306,1.834756355609455,4.586890889023637
20.111145114672535,4120000.490740815,2.088664163698694,5.221660409246734
18.124921766999023,3311125.1119915713,1.9802506716409973,4.950626679102493
18.38171663104886,3468533.0456473157,2.012160584969216,5.03040146242304
14.891518471394116,1958664.9912751457,1.7924501281996257,4.481125320499064
19.647133247090554,3782573.8300097818,2.022077666709507,5.055194166773767
17.69834303819802,3118145.985735154,1.9519761205683839,4.87994030142096
15.398600702084941,2162150.8148918543,1.8178541925477423,4.5446354813693555
18.330586446568997,3205259.6624589125,1.9322345691806062,4.830586422951516
16.761108252185085,2801752.3571135486,1.9248169764291696,4.812042441072924
21.01241813201835,4303930.748355882,2.089017056333991,5.222542640834978
17.772688418934422,3154508.946302684,1.9584412785828416,4.896103196457104
17.313786787980522,2980338.220362168,1.9369527010587688,4.842381752646922
22.444837957360786,5064839.129421281,2.2160171508689226,5.540042877172306
21.244540384556743,4583901.149965436,2.152989461210641,5.382473653026603
19.010460256904025,3488308.8294414356,1.9750302517712328,4.937575629428082
20.210671594489927,4261195.828677161,2.1234533706163927,5.308633426540982
14.40866746930034,1631125.124038876,1.7012723605787539,4.253180901446885
20.180151295552683,4128622.8151352983,2.089595211247811,5.223988028119527
15.928726306262163,2359530.053241321,1.8409448349854804,4.6023620874637015
17.111685371081407,2887913.015661611,1.922938954639701,4.807347386599253
17.16837260933164,2859353.747667821,1.9075000929192625,4.7687502322981565
15.238402845868325,2012005.0628715241,1.7736337128288195,4.434084282072049
21.35582726355927,4705506.2849211665,2.1773765246500023,5.443441311625006
16.98561920492374,2778833.5280258413,1.8988847763035153,4.747211940758788
18.81230549317181,3455414.615720113,1.976959736737296,4.94239934184324
17.269248571596528,2861083.629091681,1.8997814200787715,4.749453550196929
17.996472419995445,3101229.4132512836,1.9251389367829292,4.812847341957323
17.131453958762123,2961327.199536058,1.9485018610711906,4.871254652677976
17.26841709255322,2922388.9702792987,1.9229453660823397,4.80736341520585
17.935086612941454,3132374.9963987926,1.936183706493891,4.840459266234728
18.55758891537651,3435205.224432407,1.9888397162925338,4.972099290731334
16.644009337059785,2781083.579262659,1.9285315766195306,4.821328941548827
16.39092904191044,2473843.735620572,1.839156772068514,4.597891930171285
15.852663016746348,2293191.620082493,1.8220049733754329,4.555012433438582
19.61778248983237,4020195.532706652,2.0915506393283865,5.228876598320967
19.642329937236582,3913960.1982922563,2.0593169739881203,5.1482924349703
16.754678567363545,2694386.058094533,1.8868445228797692,4.717111307199423
15.626400651855633,2195356.953284746,1.8065539764677867,4.516384941169467
20.09243385146322,4091086.664540206,2.081332957247031,5.203332393117578
18.726490047083423,3464207.799707707,1.985556556661687,4.963891391654218
18.774190649357593,3621017.7610690603,2.0322742500728967,5.080685625182243
19.15418069831847,3660587.8276895946,2.0154015472030262,5.038503868007566
18.119451118820184,3169067.456973346,1.9364667504107502,4.841166876026875
18.22214520450478,3159740.840737297,1.9257167023513586,4.814291755878396
17.307739153190127,2879607.074363826,1.9038242787150792,4.759560696787698
18.927407014018694,3579550.1200790843,2.0070907287725372,5.017726821931343
17.04253645938225,2795553.2050672295,1.8966020741367717,4.741505185341929
20.598287724285534,4267365.903962278,2.10178195122667,5.254454878066675
20.69925493147753,4267788.066192185,2.095996075216894,5.239990188042235
20.138042862208195,4367848.623622889,2.1586036094422036,5.396509023605509
15.60370553634629,2175021.3597150985,1.8014041856805332,4.503510464201333
17.934183362042823,3217996.4443015326,1.9650848882692136,4.912712220673034
19.59037951432634,3866967.6512448983,2.049952436884184,5.12488109221046
20.836117837625935,4483758.254156047,2.149019250769344,5.372548126923361
19.292230113386676,3890890.2080067163,2.0778168194660047,5.194542048665012
20.424752543792323,4075277.0542678786,2.0578494926297255,5.144623731574313
16.82302553438899,2651284.1251790524,1.8654443520634185,4.663610880158546
17.25538944255247,2911312.6498283166,1.9186571377430028,4.796642844357508
16.43117708328179,2502974.6200325135,1.845833559035638,4.614583897589094
18.356111322732026,3349890.7323285546,1.9783697540222243,4.9459243850555605
17.830595424934526,3204650.436865571,1.971002627664522,4.927506569161305
20.32620267666905,4438506.469239097,2.1646390958924147,5.411597739731036
21.943721199982914,4743180.05003622,2.1592624752661953,5.398156188165487
17.069808899149862,2842210.1519011213,1.9116319985259194,4.779079996314798
15.148384065222675,1968781.0649862234,1.7656829168256403,4.4142072920641
16.84973227437694,2733325.923567543,1.8901044310862116,4.725261077715529
16.268347927706394,2490752.9211474173,1.8568266616802986,4.642066654200747
15.229333024826698,1979569.9631541157,1.7604434738280788,4.401108684570197
17.467201582622316,3142457.413308805,1.980344043306449,4.950860108266123
19.462553710394715,3764996.8970900523,2.0275844750817407,5.0689611877043514
17.36385322570935,3032478.243804684,1.9521467600013183,4.880366900003295
17.911556055513667,3164157.3645434156,1.9526661847678282,4.88166546191957
16.678490480376418,2656478.9932408733,1.8810818873634845,4.702704718408712
18.91154701760516,3597920.2719888054,2.014513606444465,5.036284016111162
17.30824513738096,2997528.6810105834,1.9451051499312701,4.862762874828175
18.524119627063975,3359765.1967440397,1.969814274898906,4.924535687247265
18.166553277134035,3451914.003652027,2.0240618804345987,5.060154701086497
21.10297388389124,4609952.118126217,2.166122461560439,5.415306153901097
20.118267709924865,4167322.156409125,2.103843379331377,5.259608448328442
19.597318167188437,3936642.0593575193,2.0704954943035765,5.1762387357589414
16.073695639216655,2384756.182419765,1.8362517738694846,4.590629434673712
18.621948441416336,3414592.5764220227,1.9784492277314487,4.946123069328622
16.140052539172455,2540073.79753983,1.8880316478630708,4.720079119657677
15.042086678341127,1857158.276618462,1.7285833979066554,4.321458494766639
18.871618348826424,3445524.814063343,1.9716634736475862,4.929158684118966
18.886649208506068,3568095.27420324,2.0089546914106817,5.022386728526704
18.591974687803624,3375293.8977989545,1.968796109306543,4.921990273266357
18.571558590631355,3367599.0739548514,1.9673533478327245,4.918383369581811
17.38550620772239,2871627.0735331317,1.8920505299789525,4.730126324947381
18.137721819876518,3382272.122362227,2.002849415776607,5.007123539441516
18.002076523205112,3205772.725286275,1.9562454320323959,4.89061358008099
15.342137666317846,2172179.0217391467,1.8282941740876741,4.570735435219185
18.61567528499193,3566044.3812569715,2.0263754362641797,5.0659385906604495
14.78177836993735,1989061.5059100315,1.8155173047881972,4.5387932619704925
19.082229622471036,3594955.8287610644,2.0010941693480384,5.002735423370096
17.615972823483173,2937451.6000487227,1.8978846558705575,4.744711639676394
19.015732865029666,3735713.346596025,2.048485556839768,5.121213892099419
17.62909456151409,3160217.200959052,1.9730437596673374,4.932609399168344
15.827946361507017,2306173.707612198,1.829977966231402,4.574944915578505
18.431108877401115,3381433.1353686666,1.9815202662998508,4.953800665749627
21.85455909835301,5109660.535355086,2.260375927763183,5.650939819407958
15.842043893351265,2362107.1270139124,1.8493193661906708,4.623298415476677
18.170421222295086,3187281.229789382,1.93720541445841,4.843013536146025
20.508897254735125,4210371.462925672,2.092837624450047,5.232094061125117
15.679508329204573,2259779.4667134387,1.826634178261353,4.5665854456533825
15.52563960312443,2233462.122374404,1.832786621647366,4.581966554118416
18.050388835216168,3298722.8772948384,1.9830438295519541,4.9576095738798855
16.837904080636655,2702526.2343490953,1.8825767498202153,4.706441874550538
19.194179955486735,3708752.6999988565,2.0294402685652506,5.073600671413127
19.000430657662793,3547948.4167311573,1.9919337821708676,4.979834455427169
17.81141903593899,3258253.501972912,1.9895266329295245,4.973816582323811
17.28492874456473,3049927.5429609697,1.9638416779103425,4.909604194775856
16.30930015988565,2581060.034397912,1.8869478495430996,4.717369623857749
16.68553385078395,2656260.5514707565,1.8805749364892508,4.701437341223127
19.598305489125444,3843923.4189691767,2.0424109892695306,5.106027473173826
17.922343560513966,3147825.519784339,1.9456249843275748,4.8640624608189365
14.422823798386798,1677995.093728616,1.7224013196523578,4.306003299130894
20.516362825367374,4302656.262943216,2.1173011106822806,5.2932527767057005
15.643311006859829,2191524.4048619308,1.8034373300108153,4.5085933250270385
18.118763565898522,3309268.3354915194,1.980263967694794,4.950659919236985
17.51044007591107,2977622.763023665,1.9224957016303028,4.8062392540757575
17.14150088819446,2858350.5189946285,1.9108714825799764,4.7771787064499405
20.937876825121382,4611494.447877118,2.176961881740055,5.442404704350138
18.963059336817388,3427878.0238780016,1.9591503462298934,4.897875865574734
16.452718915253662,2562863.1665753834,1.8673673852086834,4.668418463021709
20.266758992712,4222782.16903018,2.109207260432329,5.273018151080823
19.528379780178852,4061679.856599506,2.1098273032951615,5.274568258237904
18.346601650644033,3570201.5224508103,2.046391560415581,5.115978901038952
20.317796838945014,4090693.513968507,2.068649146852929,5.1716228671323226
18.19279336289408,3411802.1717828084,2.00923190756692,5.0230797689173
21.538206709088392,4822281.831802178,2.202060454232797,5.505151135581992
20.046410144391082,4182996.5855582617,2.1122090007236136,5.280522501809034
16.400706624947126,2540582.768002034,1.8630659082134564,4.657664770533641
14.440701431071123,1731772.6190156946,1.7422714368290846,4.355678592072711
14.193509814296966,1729701.2659535902,1.7786293585230493,4.446573396307623
17.867407027173265,3266529.3934451407,1.9876377894553807,4.969094473638452
18.10694956456591,3316114.9695245195,1.9841581975219809,4.960395493804952
17.68277166222143,3184837.583101142,1.9742922873286757,4.93573071832169
16.189956293817765,2313837.9498633742,1.796341733504099,4.490854333760248
17.888614538041026,3263012.1736439727,1.9834087760050456,4.958521940012615
14.749618515582096,1891135.713148091,1.7791315003304653,4.447828750826163
16.344218940417356,2654546.3619290497,1.9105809731452912,4.776452432863228
19.156542942409715,3630029.712416239,2.007685963313619,5.019214908284048
17.11944834368171,2738852.644275033,1.8722919577016444,4.680729894254111
17.273372355008497,3025710.722706385,1.9566848973584972,4.891712243396243
16.714594313654384,2709570.232317401,1.8949217367961093,4.737304341990273
16.864380302256453,2740642.086162449,1.892710740678972,4.73177685169743
15.108532095898685,1993580.1017436106,1.7806336034923032,4.451584008730758
22.379006890147977,5252579.481065106,2.268247249040939,5.670618122602349
17.845289230534412,3198403.699148289,1.9653626899568502,4.913406724892125
16.059883565057874,2302685.354201124,1.8055773448665116,4.5139433621662794
19.77973640368753,3936950.6859373087,2.057333423570518,5.143333558926296
15.618385659261836,2083128.868138046,1.7626593492909237,4.406648373227309
17.729428887071187,3135436.722489183,1.9569352961841024,4.892338240460257
18.85411867421356,3481333.3043827694,1.9814184350107926,4.9535460875269814
20.442703516989468,4461062.254198926,2.1662478566740253,5.415619641685063
17.59882703330151,3187169.897499265,1.983524779393927,4.958811948484818
20.18412123414004,4142057.123059199,2.0899720781223947,5.224930195305986
17.514574946467086,2991759.9171599895,1.9257746629693442,4.81443665742336
18.261641996460497,3278939.9988474827,1.9616873831219825,4.904218457804957
18.384990433458114,3408825.9874707777,1.9929083143180386,4.982270785795096
18.277003409813688,3267430.2839191826,1.9584286981116592,4.896071745279149
20.434292065342994,4526743.133647359,2.186816387113602,5.467040967784005
15.827272565050299,2292080.728265756,1.8243874756661642,4.560968689165411
20.18050759129615,4215762.682887554,2.1117088022876374,5.279272005719093
21.439273245056924,4592879.740959311,2.1436457734260457,5.359114433565114
16.877026293268372,2870798.477723607,1.9380378322730192,4.845094580682548
21.849981256103867,5111250.07176437,2.261060299417131,5.652650748542828
16.186182012077598,2492394.013337476,1.866130712716914,4.665326781792285
17.063794325227775,2802194.810198622,1.8978815566169356,4.744703891542339
18.167007905443498,3375197.3426960623,1.9982283605143711,4.995570901285928
18.4715780723685,3420616.555098598,1.991589601652056,4.97897400413014
17.86510756138602,3022014.195468154,1.9061537706489604,4.7653844266224015
18.82468432136055,3523372.384591437,1.9966788227781302,4.991697056945326
17.160367289927958,2773129.2202835307,1.8807377801278784,4.7018444503196966
17.54681922008494,3168804.5155184437,1.9814058217690942,4.9535145544227355
16.16472965884752,2401677.496483257,1.8310098228725198,4.5775245571813
16.96855768309613,2800123.8755396595,1.9062067018313222,4.7655167545783055
17.010852919853804,2796989.9319032077,1.9003574481986445,4.750893620496611
14.024143022098801,1589663.8188225217,1.7340355593024404,4.335088898256101
20.607628582743676,4221270.320097346,2.0867673271526557,5.216918317881639
15.175119892484702,2020347.1819481645,1.7844008162509515,4.4610020406273785
17.576175632740252,2862227.4252789877,1.87691404991792,4.6922851247948
21.853808032409816,4917883.761096023,2.2086758678936675,5.521689669734169
15.207728920220486,2135431.1904738247,1.8275941497086987,4.568985374271747
16.532846414308988,2613370.30494094,1.8783776039096005,4.695944009774001
17.400769721083353,2883953.5210331827,1.8961826463915368,4.740456615978841
15.984972523308727,2315692.539374112,1.8156914342366406,4.5392285855916015
15.336429103942528,2129908.7680066163,1.81127424854614,4.528185621365349
18.965787901011666,3513845.045022699,1.9858398626910634,4.964599656727659
15.964436496558609,2354798.6557306303,1.8345867304867782,4.586466826216945
19.066742521365974,3668410.852200593,2.02484755487016,5.0621188871754
15.737562168732634,2237314.4561926974,1.813530154351581,4.533825385878952
19.716817835198874,4032711.7217826843,2.090016935098503,5.225042337746258
19.596801621042957,3794261.9207502883,2.0288746260772217,5.072186565193054
19.730926278506765,4010072.8786922004,2.0831992285266163,5.207998071316541
17.21664822533939,2885882.737414959,1.9138026255347387,4.784506563836847
16.784721004981918,2601999.6165468274,1.850925839505979,4.627314598764948
18.67308836243755,3536686.1547566634,2.011220610551136,5.0280515263778405
17.931351460645374,3289834.4734798307,1.9889682163136317,4.972420540784079
19.690628857165482,4134673.128088395,2.122030154074352,5.305075385185879
16.95658735193868,2892589.3892804254,1.9374826167900923,4.843706541975231
16.759530705354898,2757517.587490214,1.9088906907375918,4.772226726843979
19.309861142638397,3801162.170505656,2.0480636802454844,5.1201592006137115
17.04317667338573,2898366.0216290187,1.9314815934612986,4.828703983653247
18.574604620722578,3491549.764839655,2.004066011268902,5.010165028172255
16.544318054891114,2621977.7370341234,1.8794425842214522,4.69860646055363
17.66571108290391,3098431.066010872,1.9478940782517484,4.869735195629372
18.03521775112791,3364253.7163212867,2.003097302071087,5.007743255177718
18.05809608486113,3247604.5562125174,1.9679517622911427,4.9198794057278565
18.76899179933509,3591363.1661708634,2.022772382572889,5.056930956432224
18.557480414434036,3580946.1385688167,2.034341318128888,5.08585329532222
20.192180470830866,4270162.976795177,2.1300342002249844,5.325085500562461
17.408083124710426,2912919.570486323,1.9058520316252374,4.764630079063093
15.551606035302568,2144415.7161467047,1.7940588237635777,4.485147059408944
20.223459297942604,4174224.6666944446,2.0983801594684155,5.245950398671038
16.353824303764775,2522283.870691304,1.8602549699356266,4.650637424839066
17.258111519290065,3003007.6884196904,1.9499717032701336,4.874929258175334
16.972003540391214,2889674.088378992,1.9363105138773564,4.8407762846933915
16.984195362684385,2831450.6933902176,1.9149887724667258,4.787471931166815
15.414895317731524,2122955.981784424,1.7991560106988835,4.497890026747209
16.652268543481206,2663425.5996042993,1.8834891627070136,4.708722906767534
19.847580168016243,4071704.8330474272,2.0923979295343123,5.230994823835781
16.00653713085327,2364502.8914789977,1.834712617380437,4.586781543451092
15.347511659812163,2162161.8427817933,1.8243095668096094,4.560773917024024
17.819086042019272,2981476.408477079,1.8980926087150245,4.745231521787561
16.70576650848503,2747535.0893606786,1.9102569368070383,4.775642342017596
20.162095236588673,4250357.49505211,2.122326711513825,5.305816778784562
16.025352162926442,2313008.653507582,1.810718986681144,4.52679746670286
16.947554222469986,2755684.9415122448,1.88956657429812,4.723916435745299
18.58551584106212,3499038.646150904,2.0050871729487696,5.012717932371924
18.539053554670872,3370937.3328451,1.969719080665096,4.92429770166274
18.12107080272396,3289337.956965428,1.9756503821996299,4.939125955499074
20.326911204746278,4304646.503334884,2.1292306921316175,5.323076730329044
17.75420689374321,3104678.806239996,1.94484203810222,4.86210509525555
18.755843466092138,3674539.8757421337,2.0478681305412643,5.119670326353161
16.84870506684961,2656543.1166262496,1.865329923814699,4.663324809536747
21.570074783540495,4851231.752832908,2.211589831959115,5.528974579897787
19.633280994544222,3862996.173339476,2.0460441620243484,5.115110405060871
17.087652913000472,2794271.277221308,1.8941535337186235,4.7353838342965595
15.422853736468989,2159193.033386154,1.812529230927887,4.531323077319718
15.605586338536725,2226394.5822456907,1.8215990016588732,4.5539975041471825
17.49013977751963,2983803.179002641,1.9237721228020355,4.809430307005089
18.29892362485024,3317241.5068875104,1.9713461995092452,4.928365498773113
15.112354262519311,1946675.6047497857,1.75819573607741,4.395489340193524
16.263330046000114,2431584.549371345,1.8339676106623721,4.58491902665593
17.055101370817827,2792794.338558769,1.8935446928702802,4.733861732175701
14.773177150836636,1883718.1148436284,1.771608316636163,4.429020791590408
18.17448962295409,3197524.2984077474,1.9408902917021356,4.8522257292553395
18.551536035498685,3569079.784860825,2.03061925892523,5.076548147313075
17.987865370707624,3118827.920755826,1.9298810091790013,4.824702522947503
17.61734839491851,3111213.883266871,1.9563808534013085,4.890952133503271
16.95987978300777,2765378.6968017835,1.8943685126891439,4.7359212817228595
15.77980303103017,2275981.24277524,1.8235207921754457,4.558801980438615
20.829137523082775,4410233.924058616,2.1285826624893684,5.321456656223422
17.062459917835703,2819821.7840408282,1.9056415570230343,4.764103892557586
22.105152946476014,5003736.731789629,2.2170001271757664,5.5425003179394166
15.224344480455487,2004570.0060149925,1.7717037222041063,4.429259305510266
15.10849679232733,1878339.610990855,1.7308540405030481,4.32713510125762
18.440774347732948,3211410.779734567,1.9284553858949893,4.821138464737473
19.707986623736605,3969976.3492038297,2.070439325287099,5.1760983132177465
18.58332711046582,3396466.6115943324,1.975017594185273,4.937543985463182
18.668673719116626,3581363.141426945,2.026465207280379,5.066163018200948
17.759041641298843,2990818.6041575028,1.906313795811148,4.76578448952787
19.725919866003892,3772999.793017815,2.014052623293412,5.03513155823353
17.908813950541646,3135763.751787802,1.94090863478336,4.8522715869584
21.695174606960887,4953010.509378536,2.2260334439411493,5.565083609852873
17.056972898485355,2839748.4470086507,1.9093954492317244,4.773488623079311
16.68597008180024,2801026.017221011,1.9312907644488886,4.828226911122221
16.581593011144058,2627744.5745190997,1.8788410485086096,4.697102621271523
19.10152212571208,3757243.387228474,2.050367130219635,5.125917825549088
17.338785887780528,2966910.579172846,1.930714686277713,4.826786715694283
15.112533406695494,1929355.8437905833,1.7519866902360803,4.379966725590201
13.719054269320875,1464438.377507301,1.7152680942271088,4.2881702355677715
15.843037622534673,2292441.12349258,1.8228972856976298,4.557243214244074
17.064389215823983,2657640.404604636,1.846122814331929,4.615307035829822
17.190140021479074,2790449.7349605393,1.8818733281626931,4.704683320406733
17.92979160817478,3201338.019241183,1.9624708090170335,4.906177022542584
18.35570520652141,3326706.91298817,1.9693458846476286,4.9233647116190715
19.740055392416167,3799760.948190951,2.0209722872909097,5.052430718227274
15.382945838072093,2043912.0588576766,1.7713322683905408,4.428330670976352
20.27271815080953,4139438.2777458346,2.08469881469041,5.211747036726025
14.34073623763319,1739755.6363982633,1.7623907906365968,4.405976976591492
21.709031979784776,4930711.412381655,2.219114955771399,5.547787389428498
18.507038153835452,3221581.141711763,1.9259070478989824,4.814767619747456
17.845040088474207,3222491.763330564,1.9770278076968375,4.9425695192420935
19.732560185696315,3946025.440788579,2.064533795284657,5.161334488211643
19.19689347099316,3703908.5840906724,2.0280956818585527,5.070239204646382
17.303920237971028,2986034.7852977226,1.940447464225487,4.851118660563718
18.606319897314428,3564365.6552125094,2.02619733837495,5.065493345937375
21.004694160268865,4623307.242137788,2.17797266205971,5.444931655149276
16.25100062307412,2364848.365464259,1.8114662375571318,4.528665593892829
20.781673740648255,4366054.995795861,2.1204272094193706,5.301068023548426
17.64027307399285,2952071.363245437,1.9026200604844024,4.756550151211006
17.872781809149153,3201893.0459026275,1.9662776336935737,4.915694084233934
20.20790330464326,4218601.101475299,2.1112531899700677,5.278132974925169
16.18688058594411,2425190.2020779233,1.8403802383160852,4.600950595790213
19.11944664473473,3613516.2010910762,2.003036175343579,5.007590438358948
18.731705099437246,3538675.0542933103,2.008265999674369,5.020664999185922
17.71752871124912,3033925.6125387596,1.9204656447446258,4.801164111861564
15.984824760342464,2399990.7977369335,1.8510913420460657,4.627728355115164
18.566570475860054,3537597.584446937,2.02064892941342,5.05162232353355
17.24963952409533,2854753.752031153,1.8996451932886482,4.74911298322162
22.868779725442522,5538883.20141361,2.3166579399271994,5.791644849817999
17.271089924427653,2979131.1312359488,1.9406841921511118,4.851710480377779
17.99761642426423,3301462.0103431446,1.9871771520588155,4.967942880147039
17.56214887326393,3029688.380508974,1.934753197544321,4.836882993860803
17.952802220225795,3145437.0276623694,1.940496562738884,4.851241406847209
19.437658792576418,4051133.5524508925,2.112911877308579,5.282279693271448
17.58345202492888,3016593.140139918,1.9273230799632557,4.818307699908139
18.38234684914013,3243920.82480435,1.941629531037855,4.854073827594638
18.356764705036465,3278503.197621202,1.9551779109103828,4.887944777275957
17.36650685059027,2925944.295645264,1.9141661171532312,4.785415292883077
19.826457629720483,4118421.0989349764,2.1061844559100003,5.265461139775
16.67345169929879,2662821.7571308846,1.8811833362530306,4.702958340632577
16.109079605370024,2372664.5896242373,1.8286817272389826,4.571704318097456
16.149980089670745,2379905.021545425,1.8261974229544413,4.5654935573861035
19.840513217297605,4165879.8534556683,2.119775566844635,5.299438917111588
19.15356774783248,3817453.7030360326,2.0627571311330604,5.1568928278326505
16.756755411655398,2656004.088612388,1.871037734306787,4.677594335766967
19.933135155860636,4169687.045088928,2.1148579161442678,5.287144790360669
18.51313349240813,3441370.208133023,1.9928096460028828,4.982024115007206
16.83422034465942,2776743.229373092,1.908687408799416,4.771718521998539
15.529082805078097,2192910.6241327096,1.8159485925488148,4.539871481372037
16.78058706842711,2710807.544966015,1.8923854663037951,4.730963665759488
20.38127286611331,4236351.02136184,2.1097127343252433,5.274281835813108
18.312967292792038,3476180.9176456025,2.02045277038371,5.0511319259592735
18.80821535072661,3603926.930657938,2.0223733181804193,5.055933295451049
18.632342666281822,3365273.229921424,1.962929979667325,4.907324949168313
14.92688451320323,1794842.3888838002,1.7147950978402489,4.286987744600622
18.30778323415505,3282192.684348218,1.9590282737909719,4.897570684477429
18.248129592487604,3355036.8754293583,1.9863439425793328,4.965859856448332
18.555371928057784,3487446.2244762145,2.005661169879838,5.014152924699595
17.829126088037505,3102623.5557923187,1.9378009045393045,4.844502261348262
15.613995187982699,2285987.861883471,1.8431533523650512,4.607883380912628
15.614525021152414,2225453.3959927894,1.820260484429092,4.55065121107273
17.612298532991623,2893526.590989642,1.8851741475379225,4.712935368844806
14.866221500785537,1867058.5502133174,1.7528451177531046,4.382112794382762
14.762701612173345,1754902.8125193221,1.7161522744748439,4.29038068618711
20.19503324763281,4228894.919661745,2.115529811053701,5.288824527634253
19.11700408269652,3515769.654705935,1.974668556098117,4.936671390245293
16.395942231880944,2591345.654980463,1.8818135528080009,4.7045338820200024
15.566987763430507,2173991.4985797964,1.804056159474892,4.510140398687231
12.410134279769448,918583.7744985828,1.623867096165111,4.0596677404127774
20.07623124640041,4020517.5550736934,2.063005524366255,5.157513810915637
20.20330289833232,4035836.404254025,2.0593060061167443,5.1482650152918605
16.236438154381116,2518054.5950085083,1.870363099538623,4.675907748846557
19.212234294823794,3830877.326800227,2.06521713478927,5.163042836973175
16.12854519955016,2253677.402775187,1.7807197561206594,4.451799390301648
17.058371745027156,2760120.7105776537,1.8808075874310954,4.702018968577739
17.635820965818418,2930091.120207712,1.8942064385150559,4.73551609628764
14.93359415604436,1987275.6237507928,1.7982918203424965,4.495729550856241
16.650349870949444,2699941.2430136623,1.89917685675397,4.747942141884925
17.895351224518063,3077286.467799356,1.9224764890503678,4.80619122262592
15.70237977975144,2281878.4439632585,1.8332440876429894,4.583110219107473
15.70821115444414,2285372.9878452523,1.8332330858238588,4.583082714559647
16.733262555495898,2699023.022484665,1.8888255612065386,4.7220639030163465
17.69886126831832,3040782.3488207078,1.927414783904445,4.818536959761113
16.89067211876887,2771317.0286414353,1.9022486383102561,4.75562159577564
19.081264064198123,3827800.118084224,2.0701749892872985,5.175437473218246
19.108397463272574,3621883.588957793,2.0095820003797944,5.023955000949487
17.825263525346525,3109185.692995657,1.9394792731623605,4.848698182905902
17.94221455544973,3280919.6287365835,1.9863580538783014,4.965895134695753
17.941520234813304,3281078.011271609,1.9873809748527587,4.968452437131897
16.724480754321135,2593811.875979565,1.8534927690826282,4.633731922706571
19.0139383319214,3713027.8585881237,2.0414480072843486,5.103620018210871
15.669367648612752,2213753.5748885637,1.8103918918460566,4.525979729615141
21.052991315827917,4580201.756345286,2.1620270613571018,5.405067653392755
20.816783787921732,4317481.750726681,2.1057157046146653,5.264289261536663
21.0436139653805,4654782.6529892655,2.1842147545944472,5.460536886486119
18.725495698071516,3465334.305515241,1.9860062225381911,4.965015556345477
18.623733725441262,3463003.3162067262,1.9918441647199265,4.979610411799817
17.58747214912415,2975581.585858538,1.9156594275181473,4.789148568795368
17.693326013634024,2943934.5409086924,1.8950244482526681,4.73756112063167
20.01892630061659,4147096.100351949,2.1050653657582217,5.262663414395554
15.423899871736246,2078964.1984165236,1.7815104676009885,4.453776169002472
14.085260086089836,1543015.1572526041,1.701987362361908,4.25496840590477
19.163769657036724,3816844.755719036,2.064304491977113,5.160761229942783
15.87334704230794,2324850.7416814063,1.8332778725589332,4.583194681397333
16.487340176911868,2602484.410449476,1.8778939886886652,4.694734971721663
18.225052678586874,3263786.2633184586,1.9591282944812733,4.897820736203183
20.22270903620642,4156458.514602815,2.0931712630924797,5.232928157731199
18.832853403102924,3695624.615050679,2.048785363963943,5.121963409909857
14.640736814760679,1783729.8393159835,1.7445010355942079,4.361252588985519
17.106643076558758,2822414.9324309053,1.9013886462514211,4.753471615628553
18.822367128724782,3512220.095911311,1.994512285505319,4.986280713763297
20.929850528103856,4502270.131598103,2.1479832614028798,5.369958153507199
17.914499807602226,3232428.2373514343,1.9743003026797212,4.935750756699303
21.199231643499196,4504281.688286884,2.1321299020409903,5.330324755102477
19.97423226167614,4130321.69766936,2.1006234584081906,5.251558646020477
17.425998642203577,3064955.092823715,1.957662903095708,4.89415725773927
19.08083437418082,3646028.3227337934,2.015062738313668,5.03765684578417
17.808614234800224,3105552.1023767972,1.9387799911961108,4.846949977990277
16.659586890721243,2598524.701850285,1.8633466228102074,4.658366557025518
16.44972578961843,2547797.9302083123,1.8603031956154916,4.650757989038729
18.199826668173856,3319287.3349311324,1.9797318903800876,4.949329725950219
16.749382052068263,2710126.0150689725,1.8924646911593341,4.731161727898335
16.072010079544174,2413005.2101742066,1.8474136182989658,4.618534045747414
17.454691610932315,2955981.2013591537,1.916797776883664,4.79199444220916
17.83575679363849,3144978.0475432845,1.951694651620021,4.879236629050053
22.637253563420966,5221049.629909408,2.247236648772245,5.618091621930612
17.273720189966202,2824174.5551320976,1.8862406697379197,4.715601674344799
20.95455797089103,4467436.914784484,2.13966365481257,5.349159137031425
16.776339456411172,2719697.020903782,1.892392016350504,4.73098004087626
19.119574476244704,3576024.8631608654,1.993426727994379,4.983566819985948
18.18671494685209,3280721.457016209,1.967191888525845,4.917979721314612
20.882757980581346,4564781.381736895,2.1660348419996702,5.415087104999175
21.145942188938925,4811629.841020841,2.2203043204806194,5.550760801201549
18.288922515129812,3127320.215211356,1.9111309942419685,4.777827485604921
17.56565799326011,3031528.710326668,1.93392357863436,4.8348089465859
18.979842118255497,3775229.2369835917,2.063288282524789,5.158220706311973
19.708398588888286,3992036.858600394,2.0807242678197264,5.201810669549316
15.852318740047643,2310610.9037313135,1.8285262579354848,4.5713156448387124
18.866064354595768,3460659.5052906293,1.97587520204933,4.939688005123324
16.732120795678828,2641859.2866521766,1.8693235202967382,4.673308800741846
15.946527160452838,2407270.331078956,1.8586264786597795,4.646566196649449
15.75923214688586,2283473.549795026,1.8285134096593432,4.571283524148359
16.96072968711404,2907121.5917884214,1.9447662463379607,4.861915615844902
16.19007279173479,2419727.5305117667,1.8385950445536763,4.59648761138419
17.511928419678412,2949395.8418797124,1.9111671235368508,4.777917808842127
17.483125506493693,2969888.0871769786,1.9186988371959546,4.796747092989886
17.57076553947887,2982035.0431782203,1.9166497047158644,4.791624261789661
16.662976937606523,2726632.434585375,1.9064604186235394,4.766151046558848
17.39842452437472,2997132.288726312,1.9352551887966276,4.838137971991569
17.076194400217148,2861763.850343802,1.9172621394857463,4.793155348714365
18.146868151773354,3133723.3962875493,1.9237109297212325,4.809277324303081
19.74283258384144,3978555.1308276877,2.0714879408210067,5.1787198520525175
18.85192428324507,3484017.402911935,1.9822305422195765,4.955576355548942
17.541438541910903,2845699.6835721266,1.875063988004344,4.68765997001086
16.610980013251165,2762225.977752259,1.9234145584755749,4.808536396188938
14.939743305715837,2073244.0541810095,1.8360227977689034,4.590056994422259
17.151105062930228,2955934.6505231867,1.942194656521131,4.855486641302828
16.741342725516837,2604646.68306732,1.8550499254797306,4.637624813699326
18.226857483041513,3264807.1615945417,1.9591417747366862,4.897854436841715
18.338776793584245,3333702.7311200034,1.9726014900926276,4.931503725231569
16.213158222418713,2422465.4762688335,1.8349829351712714,4.5874573379281784
20.333623755522567,4080302.8926932393,2.0609399002081,5.15234975052025
17.289019811046337,2888351.9137532366,1.9092605965326401,4.773151491331601
15.053203603114573,2023949.4958345909,1.7999267131297134,4.499816782824284
20.21558250884672,4159554.8090029415,2.0940167200407864,5.235041800101967
18.624831338353864,3656039.843628329,2.0530180101009803,5.13254502525245
18.25735996563791,3324781.090502714,1.9744955159511357,4.936238789877839
17.54828714836556,3163862.0985959377,1.977740293571347,4.944350733928367
17.516383893074927,2953880.9881220497,1.9128462102733061,4.782115525683265
16.190053729594432,2398344.0985668628,1.8314440151065214,4.578610037766304
19.093245384590986,3771490.1984697552,2.0541982086129718,5.135495521532429
15.771645752999518,2359211.746751979,1.8565269662139312,4.641317415534828
15.815110459822112,2280146.202609814,1.8212437910048924,4.553109477512231
16.7614074862507,2663426.5639222423,1.8743125040887527,4.685781260221882
12.817174103930817,1062133.0687714722,1.6368734145443051,4.092183536360762
18.5723424475573,3542490.05517211,2.0196230340880343,5.049057585220085
20.88391939086469,4380728.84526408,2.119394605608657,5.298486514021642
18.92625148287017,3466059.185177413,1.9740601560699946,4.935150390174987
18.006120071414532,3077792.444922262,1.9145430013447977,4.7863575033619945
17.585591831527992,3036203.318772072,1.9335270535186253,4.8338176337965635
19.130006939646947,3779291.486690482,2.053669003045193,5.134172507612983
21.451328954800953,4493218.600730155,2.1197424646994265,5.299356161748567
18.70569056274709,3582513.2290616063,2.025088018208295,5.062720045520738
20.600493950385502,4364897.971262852,2.1275897918648043,5.318974479662011
17.010241784836964,2798589.2271585455,1.9007484938853967,4.751871234713492
16.129724670354427,2404205.8525566775,1.8387807301876253,4.596951825469064
15.685465314373182,2317761.000683656,1.85032906047007,4.6258226511751745
16.94151239515771,2766939.6653904123,1.896660638122603,4.741651595306507
16.74460736472043,2571226.790165727,1.8445767747799937,4.6114419369499835
16.9427699689356,2863878.1365705132,1.929571591478603,4.823928978696507
17.8374498774337,3158019.8377178665,1.953178850886809,4.882947127217023
18.194228347389018,3390774.433305475,2.0013634899162227,5.003408724790557
17.791299062092403,2983193.4395042146,1.9007532452399665,4.7518831130999155
18.655415373325578,3421035.787807199,1.9768904859055347,4.942226214763837
17.484991240311977,3075770.6604974084,1.95391018104643,4.884775452616075
19.462702402355948,3855082.9972810205,2.055971716983896,5.1399292924597395
17.43662411226228,2946539.081461424,1.9157150040517397,4.789287510129349
17.742012425581176,3058675.3911958346,1.9292261241268187,4.823065310317046
17.727124799417826,3100131.2542055445,1.9431336172997624,4.857834043249405
17.82284476562921,3040267.6421249853,1.916903058952476,4.792257647381191
18.85316562950714,3558770.6274419036,2.00616101922031,5.0154025480507745
18.675772823284987,3578535.6310247956,2.025373586490777,5.063433966226943
23.4122128641415,5729158.9787113,2.3393028671108267,5.848257167777067
21.866204018828327,4825894.898005597,2.182339230918971,5.455848077297428
19.81658424234649,4067484.9707852732,2.093222435682852,5.233056089207129
18.014310652936793,3255144.588260661,1.9711615789431323,4.92790394735783
15.434433922387058,2075929.8027269207,1.7801428686555836,4.450357171638959
19.48786877327946,3885148.0827678377,2.0606283779600005,5.151570944900001
16.391158862216738,2609763.6185715217,1.8911022019448813,4.727755504862204
20.201971164367794,4352853.287132774,2.1504863782579227,5.376215945644806
17.758352062258442,3044725.4772242922,1.9212651523841076,4.803162880960269
16.882711496019432,2822182.2966971323,1.9217377873419155,4.804344468354789
21.78271813135808,4949750.804194788,2.2195032177158804,5.548758044289701
14.232026259617236,1668451.0816278113,1.7431142943684217,4.357785735921055
16.831493496000547,2678377.3980225613,1.8767461592030124,4.691865398007531
19.99017952739537,3999876.1502227755,2.0633617791102186,5.158404447775546
19.598924702660025,3823464.238268746,2.038526703634758,5.096316759086895
18.061807373591687,3340354.005995143,1.9954663938766382,4.988665984691596
15.595580716347058,2198717.2506409995,1.8122364450233883,4.530591112558471
20.521462268706394,4425052.560539479,2.151021751017331,5.377554377543328
20.15347322512817,4217194.909657994,2.113519036241021,5.2837975906025525
19.609572211263536,3936607.4665547833,2.0684282286204008,5.1710705715510015
14.903099432976097,1881006.6310644746,1.7540666892508794,4.385166723127199
23.13507215709474,5414750.32816245,2.2705084249577654,5.676271062394413
17.034276630678626,2886819.1184653733,1.9308485150574588,4.827121287643647
17.063288543209065,2745594.507301165,1.8786184439523108,4.696546109880777
16.8080486413243,2804795.675010385,1.9212778098075005,4.8031945245187515
14.279102727986825,1640916.2810492972,1.7247449678829696,4.311862419707424
17.813294967386994,3126406.0736923534,1.9452512949498377,4.863128237374594
15.045267352015145,1979563.4353050767,1.783163725445528,4.45790931361382
19.65701990479114,3986257.8396235835,2.0807704886648235,5.201926221662059
21.357942482801718,4590370.0056208065,2.1489631266100773,5.372407816525192
15.940198788425208,2374799.8042240487,1.844382938086095,4.610957345215238
20.490523328589983,4426959.086960932,2.1521187204982124,5.380296801245532
19.330756528065287,3689481.0940311057,2.0150432543203065,5.037608135800767
18.741574698572204,3616326.193549783,2.0316929317157544,5.079232329289386
21.742856671954037,4931334.98535973,2.216907299241961,5.542268248104903
21.064464928811223,4729512.004965242,2.2036940836092835,5.50923520902321
13.245173013484113,1185263.5220626704,1.6366286243186963,4.091571560796741
16.39820980875406,2487287.004679097,1.844416379512607,4.611040948781517
17.438069779814967,3040899.3658388453,1.9474637956414063,4.868659489103515
17.53580718626777,2984740.917853607,1.9198932631149113,4.799733157787278
18.359488221770714,3391616.404746306,1.9900767238334782,4.975191809583696
17.007017089137875,2683412.6990388753,1.8594237691700621,4.648559422925155
22.057505671914356,4721979.907453447,2.1454682260858493,5.363670565214623
15.916647402222917,2255975.4560114397,1.800917121436794,4.502292803591986
14.933452100998013,1993035.4225145401,1.8010738738781742,4.502684684695436
17.08907772603334,2915370.496282339,1.9334421169454623,4.833605292363655
17.335547142464325,3012934.2201303337,1.944013778120099,4.860034445300248
17.365719964589488,3076719.5606468227,1.9650485580676504,4.9126213951691255
18.425427805538707,3464437.915444756,2.0106070717628453,5.026517679407114
12.775748798389408,1084288.4217996178,1.659639538808513,4.149098847021283
19.67940108951065,3906926.6435865033,2.0557415629201157,5.13935390730029
17.114844770048364,2903768.394227761,1.9273058596526236,4.818264649131559
15.397915375467752,2218864.427983281,1.8420956379671336,4.605239094917834
18.768099223886203,3587805.3002680596,2.023205731218188,5.058014328045471
17.416754243739206,2956689.97545313,1.921747320958713,4.8043683023967825
19.647227579420345,3987851.388488098,2.08195304794417,5.204882619860425
19.45958706484623,3820902.4986771913,2.0426867485357483,5.10671687133937
14.610588977455352,1788121.7643774543,1.748559216791124,4.37139804197781
18.76153984057232,3538504.179002215,2.0071639976245836,5.017909994061458
14.792214015776395,1900671.1711359704,1.7776535537427978,4.444133884356994
17.722740585632724,3056140.671090089,1.9265513247671038,4.8163783119177594
18.051889695488832,3258351.9214929854,1.9680907920600317,4.92022698015008
14.846354191525911,1929654.3291303422,1.7838333175056573,4.459583293764143
14.799380337318823,1945127.4692827603,1.7966866812516824,4.491716703129206
18.07342462159889,3182408.6680240026,1.9449591949189622,4.862397987297405
20.432234287020123,4229495.478867213,2.1013440574714264,5.253360143678567
18.55185607837415,3481518.5851223916,2.0032502470330646,5.008125617582661
16.967399695695473,2713242.7731954474,1.8752065993818399,4.6880164984546
17.519814636206775,3108911.2043423327,1.963310002528382,4.908275006320955
18.59806130915902,3493558.44559904,2.0042605548933268,5.010651387233317
17.204038096811015,2872005.118670176,1.9107478120420582,4.776869530105145
17.607065607410632,3126203.582816108,1.9625992323455825,4.9064980808639564
20.77448401196591,4306322.629263981,2.103752071172793,5.259380177931982
17.477019131465333,3041606.742593225,1.9439192926885955,4.859798231721489
16.814539416235384,2799901.715992746,1.9190542668616057,4.797635667154014
15.487066175449261,2116335.5248452313,1.7895384854871004,4.473846213717751
15.225979983365745,2015422.3302539373,1.7763620915946432,4.440905228986608
17.702547055889074,3053484.312615704,1.9311723338982247,4.827930834745562
19.364189452987013,3708745.669316152,2.0186525426352313,5.046631356588079
15.678305874198827,2280958.2869979227,1.8361986552890428,4.590496638222607
17.34935447915258,3034554.2952085296,1.9533524147439267,4.883381036859817
17.116543106652358,2776098.1208772985,1.8821034403652188,4.705258600913047
16.293013039311322,2537641.9060643176,1.8717299339423936,4.679324834855984
17.028905111746685,2767071.891128284,1.8877651957185846,4.719412989296462
14.94510102852258,1997742.372705428,1.7997329796738661,4.499332449184665
17.78924495820291,2992839.562377901,1.902699529836271,4.7567488245906775
18.15056584509227,3210839.1319924006,1.9468341007473349,4.867085251868337
16.70682009641029,2680862.38571974,1.886063548119326,4.715158870298315
18.26729769653248,3323515.8566670194,1.9751716356330682,4.937929089082671
18.86996120769533,3724165.021674282,2.0551453628253014,5.137863407063253
17.534431137745223,2947970.207921829,1.9089116972251747,4.772279243062936
18.820213235893736,3680254.7700978955,2.0469153787757413,5.117288446939353
20.432949914954857,4217789.692394614,2.0976182403790036,5.2440456009475085
15.51567972147685,2119973.374286715,1.78720761237613,4.468019030940325
16.370270159159794,2503771.293226314,1.852482941680095,4.631207354200237
16.10328027635819,2501101.375599619,1.8763193745626987,4.690798436406746
18.384900694895535,3392654.492157694,1.989195948515321,4.972989871288302
16.411243515119533,2497614.8169963863,1.845119112099182,4.612797780247955
18.32769317035914,3181723.050185563,1.9254643686227075,4.813660921556769
18.176798924286473,3192831.807009074,1.9392977704575927,4.848244426143982
18.027848127682212,3262399.483443469,1.972385921973156,4.9309648049328905
19.65712647286473,4079879.841390821,2.10636894686536,5.265922367163401
18.624688645370103,3506309.042157498,2.004866234266612,5.012165585666531
18.118954991097503,3255855.4097646466,1.9642184478410236,4.910546119602559
16.658189176928985,2566491.328292558,1.8506588349709765,4.6266470874274415
16.226084727878142,2481053.779606035,1.8585466849616765,4.646366712404191
17.203747102141385,2891127.365850185,1.917047832034265,4.792619580085662
16.020409042452766,2264555.6675000833,1.7947114560113928,4.486778640028482
17.953943028729412,3322178.7815980697,1.9998883588792638,4.999720897198159
16.61998746429354,2501203.161066889,1.8276067216876544,4.569016804219136
16.596608384554166,2682035.184341156,1.8971244984090634,4.742811246022658
18.253083703168137,3172438.6604245417,1.9262005493420773,4.815501373355193
17.348915145230848,2889889.7947173445,1.9045934429681544,4.761483607420386
14.164036890505894,1574975.507962755,1.7073736039944742,4.268434009986185
19.42265329783548,3721456.5767128337,2.01751345164629,5.043783629115725
16.94915035487472,2723806.896368567,1.878932479290577,4.6973311982264425
19.243371355448225,3701209.9606403233,2.0242866134644233,5.060716533661058
19.1701920060358,3788308.2177794,2.0556022956326307,5.139005739081577
19.8693525247579,4000510.771239886,2.0699762990296935,5.174940747574234
14.596796108663245,1830847.4074851759,1.7710510736845393,4.427627684211348
17.879094610288426,3202782.177435658,1.9666642554612108,4.916660638653027
18.109403997376216,3254047.399358608,1.9651067808634772,4.912766952158694
20.080871245253107,4092688.9381575203,2.0835222593555027,5.208805648388757
15.58278190891691,2118565.0829923972,1.7816230088899314,4.454057522224828
20.648818606557406,4440516.478398532,2.147370029438901,5.368425073597252
15.993311320015845,2288524.6773897605,1.8063670800123612,4.515917700030903
19.520857402653814,3759895.799435105,2.0250419525667493,5.062604881416873
20.126804469726146,4181822.5134641957,2.107109623943737,5.267774059859343
17.095532615575216,2972195.2760717124,1.955849121180249,4.889622802950623
20.57958630107233,4452879.0103859985,2.1565752995743854,5.391438248935963
17.65475845874944,3036524.2864555046,1.931871956991072,4.82967989247768
17.88587500818315,3180878.0527578555,1.958460647145192,4.89615161786298
19.131271697146968,3835989.249297319,2.06988641312452,5.1747160328112995
17.799164516215725,3055761.782783634,1.9238118533344462,4.8095296333361155
16.216400267696528,2482561.9686051784,1.8596922578677975,4.649230644669494
20.838446497375053,4608743.286262602,2.1835033469979974,5.458758367494994
16.49472385899444,2407461.075803739,1.804061322940278,4.510153307350695
17.935348811768414,3170046.5292578842,1.9526124729941883,4.881531182485471
17.877068828917665,3212723.3798408993,1.9698898369746767,4.924724592436692
14.341858268830098,1634175.8718320979,1.7109544773483634,4.2773861933709085
18.927051891622693,3753844.3997489614,2.060370926704375,5.150927316760937
20.76915821954426,4445566.586000826,2.1410924560230824,5.352731140057706
15.65738677478732,2251086.6989929806,1.8258666572093225,4.5646666430233065
15.841051543558105,2243222.5681399405,1.8035372687733306,4.508843171933327
16.551898453291834,2461163.790282038,1.8195098126912594,4.5487745317281485
18.589385922191838,3350371.8114826987,1.9597427833300214,4.899356958325053
18.801730756069436,3508966.7867731424,1.9948252035968705,4.987063008992177
20.65330746027463,4398853.444162427,2.1342336155239408,5.335584038809852
17.505106960172935,2981652.0082891546,1.9217836542802988,4.804459135700747
14.150351931873395,1594308.3022168372,1.7183251581198178,4.2958128952995445
18.754201930958068,3716429.832479764,2.0618945079150954,5.154736269787738
21.739264788733937,5059697.454870448,2.2532840333565014,5.633210083391254
15.527369938203783,2147224.7720579384,1.7983182425171367,4.495795606292842
17.649255995009483,3036018.4038623963,1.9285389005131028,4.821347251282757
15.175944174215218,2101224.103266428,1.8160520123496227,4.540130030874057
18.16433947467846,3206175.176808671,1.943250445071866,4.858126112679665
17.147445389913862,2866743.4311253615,1.9129703443464268,4.782425860866067
22.262420379556346,5170471.620532311,2.2517106838797774,5.629276709699443
18.905602673931554,3717127.4108338533,2.0517055222275413,5.129263805568853
17.409244442274318,3038791.9712890387,1.9489046258054346,4.872261564513586
17.65896953767363,3044409.431294063,1.9335753005332255,4.8339382513330635
16.74049918613669,2677301.601809429,1.8815787534690038,4.70394688367251
18.49830579716125,3367264.7996769575,1.9712780213056602,4.928195053264151
17.09240477277467,2914248.500490579,1.9355346551137633,4.838836637784408
18.51057881864906,3546857.763996616,2.0272296235161726,5.068074058790431
18.96371187446364,3667902.3717311965,2.0320652282519758,5.080163070629939
15.906198125293836,2358926.2250011535,1.8444340154109626,4.611085038527407
19.758617475261886,4004045.304876214,2.077937252686349,5.1948431317158725
20.73262804512581,4449729.751815353,2.1460112041723463,5.365028010430866
19.349781216793627,3717939.7161880434,2.02084185823359,5.0521046455839755
16.739130614629172,2698152.0734309694,1.8887579152160592,4.721894788040148
18.52245260215941,3461833.7369150156,2.0003039368935185,5.000759842233796
17.314463673481526,2856382.2308592955,1.8960658964096277,4.74016474102407
17.536562608014393,2933080.381369683,1.9043811261494712,4.7609528153736775
19.645873992953366,4009407.4540124685,2.0864480408598194,5.216120102149548
17.688010067927195,3048976.9024523282,1.9314871930946038,4.828717982736509
20.191784445884252,4375997.69292001,2.1591637483569452,5.397909370892363
16.766922624728874,2706201.008154694,1.8903579872801755,4.725894968200439
17.15389893105954,2897915.606193627,1.9235508735733553,4.808877183933388
16.168113090163416,2397788.0498762242,1.8296275485556215,4.574068871389054
18.919183604569522,3624493.2956896313,2.022518206263546,5.0562955156588645
19.872002482423824,4091263.4910191055,2.096905604557089,5.242264011392722
17.96288907131316,3141204.8034421364,1.9405520503209923,4.85138012580248
18.768393437197318,3412937.9339925814,1.9665141785659246,4.916285446414811
13.393596714877143,1340792.1630846094,1.701239672749892,4.25309918187473
15.969532714478296,2248467.1345151393,1.7946416652366541,4.486604163091635
20.525553160402545,4555510.819241714,2.1859514134464972,5.464878533616243
18.23370044030057,3391427.3047373667,2.001354707757307,5.003386769393267
20.29017201239929,4264354.303696484,2.1218606734394783,5.304651683598695
17.796030180635135,3063160.379739971,1.9278830364919983,4.819707591229996
16.651362017970662,2684756.8667042246,1.8933598746892266,4.733399686723066
16.824307321181475,2718225.806338952,1.8874432228626385,4.7186080571565965
17.57753673693021,3112841.1521370355,1.9611183250878441,4.90279581271961
15.522684970518963,2154706.3699201597,1.800576710280113,4.5014417757002825
19.944710724437066,4089976.066274883,2.0922889470935315,5.230722367733828
18.689928283710834,3377847.1154521173,1.9615503793002882,4.903875948250721
16.474823526002247,2567191.9360881504,1.8664886740575493,4.666221685143873
15.529259173519726,2258694.7221573796,1.8427760119228558,4.606940029807139
20.49690738685308,4290515.647452537,2.117004950009579,5.292512375023948
16.516758591484937,2549884.8961089794,1.856722723222591,4.641806808056478
16.73331920519079,2612840.2159019047,1.8582340173355372,4.645585043338842
16.367470678859796,2495215.6128787063,1.8501149525376182,4.625287381344045
23.3576539022176,5652934.306648859,2.3237854572607075,5.809463643151768
18.39002079306047,3379066.7774229944,1.9825090376646508,4.956272594161627
19.278814955625066,3708637.762502252,2.022713436028482,5.056783590071206
16.939280073487527,2797634.0788311316,1.9057208215083055,4.764302053770764
18.615189142090106,3513224.330867038,2.0094549562914525,5.023637390728632
21.445191018372146,4761830.885004049,2.189697938058032,5.474244845145081
21.674597923440242,4808286.348693138,2.18884423390217,5.472110584755426
16.684022357697547,2669091.365071429,1.8825555660460926,4.706388915115232
17.19746000781315,2901597.9195381533,1.9187800945884093,4.796950236471024
20.78060048118333,4574467.570913579,2.1763552757772833,5.440888189443208
17.40979824436377,2973615.1211424004,1.92791279885126,4.819781997128151
17.542586790498625,2979082.198905672,1.9202867788243805,4.800716947060951
18.936948228111227,3717046.0394522185,2.05078669757525,5.126966743938125
17.30365241613754,2930175.1129868804,1.9216408536433764,4.804102134108441
19.408883265826326,4058630.7059246087,2.1161072228077455,5.290268057019364
20.650533997366182,4504392.129368513,2.16400414909588,5.410010372739699
19.436773796514405,3726504.199953056,2.0191297153374554,5.047824288343638
19.04150608001125,3460493.134763458,1.9664805518428479,4.91620137960712
17.940163652020512,3038068.8152879206,1.9071201968461777,4.767800492115445
19.05665950620852,3602871.6177443815,2.006215238675984,5.01553809668996
14.075591258913022,1602574.1138580376,1.7320374601085744,4.3300936502714364
13.89877697309656,1505152.3096908275,1.709341583781873,4.273353959454683
16.155689922844175,2432565.350834408,1.8462281953179862,4.615570488294965
19.34841105651419,3820530.500258647,2.0513971724864515,5.128492931216128
15.500096542690422,2171593.483816704,1.8093298828900897,4.523324707225224
15.8118312734717,2221054.9249312524,1.7969605303209617,4.492401325802405
20.17345045983381,4186196.804044932,2.1056671680075496,5.264167920018875
20.225307031705732,4373924.34668633,2.158278284705284,5.39569571176321
19.50329174190104,3909122.7149845613,2.0675994956578174,5.168998739144543
17.556299841234946,3077127.7220857954,1.9493728835640982,4.873432208910246
17.358094470478736,2869366.5685324166,1.8968747005067579,4.742186751266895
15.942343002422499,2404303.9494015193,1.8565495133859,4.641373783464751
20.889931950508856,4268331.131006001,2.0851459916771935,5.212864979192983
18.95906675545578,3808589.808852203,2.0739041520409134,5.184760380102283
21.132813289408816,4730857.412684158,2.1989770224355603,5.4974425560889
14.886346244767058,1813572.780913393,1.7279315446271497,4.319828861567874
16.384099593602187,2508787.611624267,1.852433633864883,4.6310840846622074
18.365295211507537,3255566.77184973,1.945389908723329,4.863474771808322
15.516528073629088,2161626.8189093582,1.8061056097317096,4.515264024329274
16.934955740054146,2814335.0849217745,1.9118671615716762,4.779667903929191
16.97142733078383,2616876.11014334,1.8394186597245774,4.5985466493114435
19.0603797351941,3701123.872517124,2.034157396524044,5.08539349131011
18.63050890964533,3403293.5949081453,1.9740567618581366,4.9351419046453415
19.687369728610648,3988867.1944921277,2.0791586196752725,5.197896549188181
16.25574941597092,2487101.3135357536,1.8574688960267107,4.643672240066777
13.657610479004955,1435095.5417722482,1.7083619779613077,4.270904944903269
20.254209161997494,4136640.157879144,2.0856264176861252,5.214066044215313
19.595322745683163,4060658.089747643,2.104582458474033,5.2614561461850835
20.08366384711735,4474427.792960034,2.1950750634683343,5.487687658670835
21.806616762380425,4937990.41481728,2.21529615046327,5.538240376158175
19.061504219201364,3752479.567425739,2.0491056154148968,5.122764038537243
16.409407767236583,2583940.354044062,1.8775936976004872,4.693984244001218
21.983422520495676,4971309.240912106,2.2145204579199813,5.536301144799953
17.867676688598056,3288125.9476550715,1.9943780405423455,4.985945101355863
15.14015866588505,2051572.4016462518,1.800732055698286,4.501830139245715
16.665770292274583,2573092.004617392,1.8503892809798792,4.625973202449698
15.262524104139041,2011550.3072038693,1.7693206108660278,4.423301527165069
16.45846163462017,2569622.442995725,1.8671420496166953,4.667855124041738
17.36024290313147,2979127.4015447292,1.9342819980358277,4.835704995089569
19.77924872262975,3983890.204239683,2.0709989893489875,5.177497473372469
18.940293849696708,3805459.5609511174,2.075001721816331,5.187504304540828
18.69242151951511,3567558.882581071,2.0194545538809487,5.048636384702371
11.524187587853408,563622.9172575613,1.5597923701874787,3.8994809254686964
17.367181750704685,2919615.445919214,1.9122305540369027,4.780576385092257
16.525235259424996,2545168.8031921554,1.8515977069169574,4.628994267292393
15.997095742652533,2360427.678741169,1.8342729386790544,4.585682346697636
18.253073751483463,3231817.198354667,1.947287734797674,4.868219336994185
17.134468052916162,2817318.0819770573,1.896657455282528,4.74164363820632
18.37644530681053,3466298.3382956777,2.012023731229884,5.030059328074709
17.017024155757277,2890157.0741843693,1.9307567438797195,4.826891859699298
14.938988003003551,1950239.5934137497,1.780648025082424,4.451620062706059
17.134331923358182,2860050.3216210976,1.9119593279206362,4.779898319801591
17.427142529925767,2960893.5536916377,1.9206769473941427,4.801692368485357
17.91758877735625,3046983.364336701,1.9129267335187745,4.782316833796936
17.79530762062049,3086893.672708924,1.9353409344721713,4.838352336180428
17.575469066469253,3109008.8517589476,1.9586428709875132,4.896607177468783
17.534247884560795,2987452.966563032,1.9207404766964857,4.801851191741214
15.577363738929373,2298205.6150709586,1.8533504636930689,4.633376159232672
15.685634517909497,2274539.5672678575,1.832118689575938,4.5802967239398455
20.42325744169986,4285875.63965421,2.116641925864942,5.291604814662355
19.705036865682125,4131993.3509741835,2.1178690641323663,5.2946726603309155
18.320070241042497,3455526.3758830754,2.013922171611987,5.0348054290299675
17.53372308863643,3088729.7736856677,1.955714065263265,4.889285163158163
20.745684362599516,4442213.484109477,2.1426115548656566,5.356528887164142
18.94674850961513,3646741.618183526,2.0278782505024804,5.069695626256202
20.079730124223904,4024916.4827596387,2.0647167010894565,5.161791752723642
15.617519791444302,2285272.848940309,1.8419691792208086,4.604922948052022
19.167062276082337,3703454.6852123663,2.029358870088827,5.073397175222067
14.869744643580862,1902455.558798045,1.7674533819282119,4.4186334548205295
17.45623829311722,3031736.8868221994,1.9446802951301858,4.861700737825465
19.576644120392416,3743582.082801693,2.0153597342477476,5.03839933561937
15.47421986901596,2031581.1674681287,1.7549698053528842,4.38742451338221
18.02320486617144,3240424.349699959,1.9664524712238052,4.916131178059513
16.313459975481237,2570340.3076699097,1.8827611908985473,4.706902977246369
21.224358831685073,4626612.497815473,2.1651308377455964,5.412827094363991
18.859559938643812,3599590.9918829817,2.0180500306952687,5.045125076738171
18.065859210290913,3142941.0381742297,1.9302941381839833,4.825735345459959
16.127845488311408,2391945.595051716,1.833615000214881,4.584037500537202
18.800446887415134,3771782.0414361246,2.0759587879714214,5.1898969699285535
17.947323148449957,3061247.329541005,1.914218569171774,4.785546422929435
18.93413912973989,3779075.764429084,2.0689468025079476,5.1723670062698694
18.1308414398609,3163628.662449036,1.935409157547142,4.838522893867855
18.90901721175071,3792680.0934062824,2.074445131330171,5.186112828325427
19.214220447240038,3861049.077316516,2.0719836244390737,5.1799590610976844
17.82988510992198,3293473.737719056,1.99773708119096,4.9943427029774
15.13301743612583,2012515.897119794,1.7854964677058518,4.46374116926463
15.345294692572287,2101369.937604539,1.7992090839604464,4.498022709901115
20.072663385497115,4178966.8544262936,2.108030978015656,5.270077445039139
20.127514521245192,4226497.440035741,2.1196273765227707,5.299068441306926
18.04768234182561,3206371.236216344,1.955773852060748,4.88943463015187
14.856813077061371,1886652.0009428905,1.7635068179946434,4.408767044986608
20.25882417411409,4177498.960638128,2.0988108637501517,5.247027159375379
16.42245739344761,2587241.7040849654,1.8783645660495834,4.695911415123958
17.600204208408577,2978938.1031351984,1.9144276477977584,4.786069119494396
16.2536877363622,2555173.388607354,1.8805987972328104,4.701496993082026
14.288232903690545,1622474.9034153232,1.7130449008142046,4.282612252035512
13.143427828007926,1194615.3696040586,1.6583677830754913,4.145919457688729
20.889944026425834,4483595.460074484,2.1459366078754725,5.364841519688681
21.682033987946014,4937053.659833021,2.2217208738007304,5.554302184501826
17.810078717308997,3177178.97875023,1.9628801555851154,4.907200388962789
15.767864626410377,2319623.9542320343,1.839501428981828,4.59875357245457
16.178046121448418,2487485.0429040957,1.8642884320133137,4.660721080033285
18.099517105515673,3125633.2205155715,1.9220310126801285,4.805077531700322
18.400305153837703,3336399.3207266433,1.9687351917768159,4.9218379794420395
19.713390419174083,4066600.3592184503,2.0985730880163183,5.246432720040795
14.70818494034476,1800588.9695275417,1.7438444345330768,4.359611086332692
14.360446177872133,1679364.8528840905,1.7305076854475478,4.32626921361887
17.990664522673704,3185360.263935106,1.9526654451418337,4.8816636128545845
18.93688805097822,3809014.2230764814,2.075770656520545,5.189426641301362
17.005583602505393,2798590.581636939,1.9022185209249654,4.755546302312413
19.76927553647272,3981081.21273089,2.0696076293743584,5.174019073435896
18.226055714738877,3189668.0611690143,1.9359021281901982,4.839755320475495
19.503325942912532,3969043.24975673,2.0845069740909583,5.211267435227396
17.852008790575425,3210083.1234934507,1.9685705504535396,4.921426376133849
18.761269582251018,3424382.702611829,1.9728865186985332,4.932216296746334
16.54334991066002,2507738.282713416,1.836567868964585,4.591419672411463
19.386771540462554,4015528.96753932,2.1048382121410754,5.2620955303526875
17.402889946788335,2921129.3942994494,1.9101560943581317,4.77539023589533
18.20007266807839,3397589.0930680856,2.0047668150890043,5.011917037722512
15.794164072572482,2328692.971354071,1.844150301978898,4.610375754947245
19.273450144398385,3815886.847880489,2.0550472485914684,5.137618121478671
16.798074860944666,2801563.760292449,1.9192099181161486,4.798024795290371
14.206271936378867,1593194.4788107267,1.7112750620574384,4.278187655143596
19.899095922607835,4039999.7514441367,2.0818380807438737,5.204595201859685
19.92944215244783,3917756.241713551,2.0414254331690946,5.103563582922736
19.168493088719085,3902650.223208552,2.089315963936855,5.223289909842137
17.865851563352784,3131028.7498285845,1.9453018270365021,4.863254567591256
17.268218588249475,2941927.7134998785,1.9284138724193611,4.821034681048403
18.79121795096246,3648214.6757056983,2.0375666262956202,5.09391656573905
17.697277473750074,3150235.517150091,1.9645190693535053,4.911297673383763
18.21249068976407,3501926.890209321,2.033488554282524,5.08372138570631
19.957725718902065,4010110.235235244,2.0697291284779755,5.17432282119494
18.560767349726916,3369418.029296279,1.9700281157390889,4.9250702893477225
17.600246536340556,3145008.252929005,1.969861840812194,4.924654602030484
17.16541740362787,2803174.5272824615,1.88984799526569,4.724619988164225
20.572199991328045,4348627.948064338,2.125837118794423,5.314592796986058
18.373908380727897,3278913.430133491,1.9526861861353149,4.881715465338287
18.984932795448618,3698275.101821496,2.0376532765043884,5.094133191260972
17.810582703795475,3156067.807281902,1.9548012430458332,4.887003107614584
20.706011918317046,4476615.612982771,2.1544587753167836,5.386146938291959
16.3347793085747,2512816.50125386,1.8581255443661742,4.645313860915436
15.277950417263142,2103315.625295299,1.8081656494784963,4.5204141236962405
20.39274854397972,4389414.270108154,2.148231537794802,5.370578844487005
17.848959927309217,3116734.626158652,1.9424341077437814,4.856085269359454
15.800773595784712,2298280.4757996453,1.8301658966664671,4.575414741666168
17.393097493733055,2995120.061354733,1.9339671098694236,4.834917774673559
19.699950159737046,4007424.9182127127,2.0823286029069745,5.205821507267436
19.720566670247376,3751968.104632385,2.007809132497561,5.019522831243902
19.6578545741507,4046186.1045944337,2.098284550339882,5.245711375849706
16.68848626775774,2601486.797351267,1.8592963448501405,4.648240862125351
18.862556901800765,3641355.1927645262,2.0325194332592735,5.081298583148183
15.291944508335465,2114164.2285406813,1.8102568759296567,4.525642189824142
14.37155543759243,1742499.2578854077,1.7581634514589712,4.395408628647428
20.970029032898175,4596638.641973762,2.1701926175306387,5.425481543826597
18.119207059307406,3182542.6011949945,1.9403558653698287,4.850889663424573
19.619818467617932,4018125.971045997,2.0918441377108246,5.229610344277061
17.856700239025038,3073532.261866481,1.9262993423143233,4.815748355785809
17.78344608726894,3083695.8215110544,1.9361850693964542,4.840462673491135
13.15168108032767,1170300.4404814094,1.6441559214343087,4.110389803585772
18.369029019505835,3439012.241548581,2.004519038048495,5.011297595121238
17.494214787365525,3090883.7483859835,1.9590012832762331,4.8975032081905825
15.779568388405153,2406408.961969489,1.8753334044348349,4.688333511087087
21.923096412316,4991234.3004356045,2.223667660015533,5.559169150038833
21.227343975113723,4672369.113653706,2.1808029017412207,5.452007254353052
19.133530344454307,3712091.7841690425,2.03269499675001,5.081737491875025
19.083673958437906,3627346.7785302615,2.011831312738577,5.029578281846444
17.840733435408794,3015953.1843556436,1.9078697125656858,4.769674281414215
15.474794118741508,2097069.4362641703,1.7831701085881482,4.457925271470371
15.12526102259837,2113953.0705123115,1.829302651474467,4.573256628686168
16.99441289430621,2712867.751906109,1.8712004162899063,4.678001040724766
20.132429523512997,3820803.4997590547,2.003119766318326,5.007799415795815
19.709594444608403,3849014.0958218845,2.036233852837214,5.090584632093035
17.40799624536542,2867548.755403028,1.8934173756413244,4.733543439103311
13.999101219850996,1521755.6210912643,1.7023314227482054,4.255828556870513
20.006543037395772,4169299.199377115,2.1109214364771933,5.277303591192982
19.070856089082255,3470020.365710865,1.9652447630683016,4.913111907670754
16.58810789321452,2636453.7842296697,1.880739477146282,4.701848692865705
16.177460667324127,2449920.15418398,1.8479312789252664,4.619828197313167
14.170042432957985,1681371.9697533092,1.758207904783556,4.395519761958889
18.402259244210285,3506081.4974741014,2.022570083245166,5.056425208112914
16.10901801107316,2456058.929425736,1.859483089045696,4.6487077226142395
19.508820614895917,3877437.646903171,2.058660700404869,5.146651751012173
17.21192671817682,2839352.7098582163,1.8981499687988825,4.745374921997207
16.38436597992412,2564307.660830701,1.873135979257332,4.6828399481433305
15.73947992399589,2335952.7900246335,1.84999566036283,4.624989150907075
16.63924855692227,2739911.2256990084,1.913635429559736,4.78408857389934
19.16344903798908,3751541.518410431,2.043578801028477,5.108947002571193
18.795170730738842,3576491.2974102776,2.015809003850495,5.039522509626237
19.43511892548182,3670268.102892872,2.0033314286704877,5.008328571676219
19.589498288784934,3971870.616310532,2.081110387144034,5.202775967860085
18.48804619848825,3499742.0350478506,2.0162447305867524,5.040611826466881
19.009456832269777,3661659.764000913,2.027186212695784,5.0679655317394605
18.036251057871922,3231962.7914727433,1.9622596751124382,4.905649187781095
16.33286084494936,2459618.454791557,1.8423773712191835,4.605943428047959
20.20303892912121,4327265.430009654,2.1423008421273533,5.355752105318383
20.072704970070344,4042633.8427227605,2.069228866096514,5.173072165241285
18.07315695812084,3589612.566991914,2.074571293625919,5.186428234064797
17.345448846699174,2818776.955292763,1.878821359425471,4.6970533985636775
19.414689885744462,3888596.2731922455,2.0688223691200114,5.172055922800029
17.32972802634869,2938935.1368671404,1.9226537715688563,4.806634428922141
18.372042769827956,3399069.5236661956,1.9888272610529334,4.972068152632334
17.49770562316413,3209662.8436168283,1.999412438690629,4.998531096726572
17.00380001752091,2717548.8952440303,1.8717526313881978,4.679381578470495
18.92375509889648,3731101.366370938,2.0550997887417197,5.137749471854299
15.203406203866955,2037758.4297761777,1.7872682362362473,4.468170590590619
18.725056530754646,3479479.7036090884,1.990982366472011,4.977455916180028
16.49175168586321,2622800.584696074,1.8831013768060691,4.707753442015173
18.274490176336222,3206810.5796456523,1.9392527332810454,4.848131833202614
16.297969686222412,2412032.26930264,1.8242477029828987,4.560619257457247
21.332340273697568,4809730.366298063,2.21097538735175,5.527438468379376
15.309504781053862,2019455.043670169,1.767798212596052,4.4194955314901305
15.545284692085692,2239219.7902973928,1.8324722221196994,4.581180555299249
18.33058341023952,3355257.2524705036,1.9807787091882765,4.951946772970691
17.394799477631963,3016888.6310694087,1.9421042838741172,4.855260709685293
21.09675520926224,4806477.393265494,2.222052728758235,5.555131821895587
15.177264486284603,1953556.6129073035,1.7560166847436578,4.390041711859144
16.648716133575302,2586434.7916499674,1.8573726472120977,4.643431618030244
20.372279415838946,4275392.543500296,2.1171453744698345,5.292863436174586
15.04898551297047,1978751.7551905373,1.7792269587979306,4.448067396994826
17.405340984151408,2929759.0755669065,1.9119150573631634,4.779787643407908
15.633723221801077,2252880.617747427,1.828288131827563,4.570720329568908
19.639449976882737,4104791.162644963,2.116380771613093,5.290951929032733
17.9502199761852,3185079.7447897866,1.9543062260601927,4.885765565150481
19.439721837480572,3806754.60864102,2.0418514257554152,5.104628564388538
19.023680758482907,3779620.467991868,2.0620303831834628,5.1550759579586565
16.325137976694283,2647589.182986536,1.9090773652318478,4.77269341307962
13.049349705775448,1184387.5473779198,1.6689643945256871,4.172410986314217
18.628729603740712,3400610.555020416,1.971756745720616,4.92939186430154
19.871771624533686,4073385.199782282,2.090359104639823,5.225897761599557
17.2288391230097,2797239.6946500624,1.8802695933936517,4.70067398348413
18.474791616764485,3569802.7517994987,2.037326264728261,5.093315661820652
17.9054855353713,3224636.911451217,1.9690474850904909,4.922618712726227
18.3903511578293,3208573.597441435,1.930232433034328,4.8255810825858205
22.40556728326841,5174687.672875038,2.246738981315625,5.616847453289062
18.583550684399764,3486986.4028285556,2.003965775869467,5.0099144396736675
18.303327522363656,3333557.25770464,1.97748108372099,4.943702709302475
18.678884740233404,3519777.8848022697,2.0063218075039924,5.015804518759981
16.064728921075222,2464543.6936768843,1.8667467784054697,4.666866946013674
14.458461076891194,1671141.5602081465,1.7145068660437655,4.286267165109414
17.48405694179025,3022588.147581323,1.9375150588516739,4.843787647129185
18.98124703547697,3790669.8417858463,2.070624376897185,5.176560942242962
16.343139002897146,2524369.4098236123,1.8629031731917287,4.657257932979322
14.59109628574804,1724263.2407441242,1.7210622155382924,4.302655538845731
20.10371420853536,4010162.054333482,2.060170248176548,5.15042562044137
15.27580902666954,2076225.5641445844,1.7959228235314608,4.489807058828652
17.12266495879462,2934685.9470767872,1.9375147273199935,4.843786818299984
20.463417358664504,4235480.3015844235,2.100712076974537,5.251780192436343
18.101834681954454,3298866.714872699,1.9799673873733648,4.949918468433412
18.90585434401202,3748463.973989429,2.062223450686919,5.155558626717298
18.698650594693756,3409943.1599099487,1.972319771003919,4.930799427509798
18.50273115267269,3658448.9941205755,2.063700278086795,5.159250695216987
17.686773805886368,3300133.806525845,2.012776696507084,5.03194174126771
20.182650108058688,4222638.473821229,2.1145223193357827,5.286305798339456
16.8362988362607,2680779.4091698267,1.8749561612996362,4.687390403249091
17.76841959608233,3172471.2331427485,1.9642039138794924,4.910509784698731
17.76684541505229,2992148.361043333,1.9051408657790436,4.762852164447609
17.493748028327506,2995240.9770497624,1.927395247719896,4.818488119299739
19.042000891748167,3711784.133111772,2.0392678401455475,5.098169600363869
14.656186664464578,1790603.3789619664,1.7445438595724918,4.36135964893123
18.717686946505864,3420961.726061715,1.9735085762767612,4.9337714406919035
18.23276793742947,3316926.305493594,1.9770721443341706,4.942680360835427
20.716706187177092,4319530.742949189,2.108627828561622,5.271569571404054
20.395000861825242,4505142.925072612,2.182611586236909,5.456528965592272
16.34311834795268,2496304.450218113,1.8522906776754275,4.630726694188568
20.107441905658852,4148413.2098190533,2.0986909555540247,5.246727388885062
19.77158993830863,4091730.4520802703,2.1044714205215245,5.261178551303812
17.646284429770056,2964675.0160407387,1.9052743206062257,4.763185801515564
15.387470545179948,2164836.592608109,1.8226797591789174,4.556699397947294
16.24420093254262,2573645.8731551385,1.8898728920107122,4.72468223002678
16.158947215984256,2373432.9368067738,1.8229258344145969,4.557314586036492
16.091350661517968,2503004.3505400177,1.8780524549322322,4.695131137330581
19.412881559825568,3833124.2796886675,2.0509397293718123,5.127349323429531
14.805358039868555,1870720.6269047763,1.7615133964526721,4.40378349113168
18.47826145569387,3394392.063638841,1.9811751347949453,4.952937836987363
17.518285101271026,3054059.21965327,1.945561041391085,4.863902603477713
16.804098173402117,2631976.571464543,1.8606133296690583,4.651533324172646
15.846505056464167,2253522.8012661664,1.8081492224897824,4.5203730562244555
19.924177439465616,4100523.9093617676,2.097059993075093,5.242649982687732
15.649465487302173,2124075.351749222,1.776857098647318,4.442142746618295
